time,controllerSeconds,horizonSteps,source,solverCalls,terminationReason,hardResidual,predictiveBarrierValue
0,6.687784,68,sequentialConvexification,6,timeLimit,0,0
0.05,5.048129,67,feasibleInitialization,4,timeLimit,0,0
0.10000000000000002,5.355383,66,feasibleInitialization,6,timeLimit,0,0
0.15000000000000002,5.857175,65,feasibleInitialization,6,timeLimit,0,0
0.2,5.87196,64,feasibleInitialization,6,timeLimit,0,0
0.25,6.102098,63,feasibleInitialization,6,timeLimit,0,0
0.3,5.430404,62,feasibleInitialization,6,timeLimit,0,0
0.35,5.793732,61,feasibleInitialization,6,timeLimit,0,0
0.39999999999999997,5.365809,60,feasibleInitialization,6,timeLimit,0,0
0.44999999999999996,5.586526,59,feasibleInitialization,6,timeLimit,0,0
0.49999999999999994,6.123399,58,feasibleInitialization,6,timeLimit,0,0
0.5499999999999999,5.174536,57,feasibleInitialization,6,timeLimit,0,0
0.6,1.796265,56,sequentialConvexification,2,zeroSlack,0,0
0.65,5.685814,55,sequentialConvexification,6,timeLimit,0,0
0.7000000000000001,5.087841,54,feasibleInitialization,6,timeLimit,0,0
0.7500000000000001,5.705772,53,feasibleInitialization,6,timeLimit,0,0
0.8000000000000002,5.905731,52,feasibleInitialization,6,timeLimit,0,0
0.8500000000000002,6.936761,51,feasibleInitialization,6,timeLimit,0,0
0.9000000000000002,6.655417,50,feasibleInitialization,6,timeLimit,0,0
0.9500000000000002,5.99001,49,sequentialConvexification,6,zeroSlack,0,0
1.0000000000000002,5.720368,48,feasibleInitialization,6,timeLimit,0,0
1.0500000000000003,5.264374,47,feasibleInitialization,6,timeLimit,0,0
1.1000000000000003,6.636898,46,feasibleInitialization,6,timeLimit,0,0
1.1500000000000004,6.098283,45,feasibleInitialization,10,timeLimit,0,0
1.2000000000000004,5.378491,44,feasibleInitialization,6,timeLimit,0,0
1.2500000000000004,6.201159,43,sequentialConvexification,8,timeLimit,0,0
1.3000000000000005,4.927849,42,sequentialConvexification,6,zeroSlack,0,0
1.3500000000000005,6.655167,41,feasibleInitialization,4,timeLimit,0,0
1.4000000000000006,5.922514,40,sequentialConvexification,6,zeroSlack,0,0
1.4500000000000006,2.536914,39,sequentialConvexification,2,zeroSlack,0,0
1.5000000000000007,4.418795,38,sequentialConvexification,4,zeroSlack,0,0
1.5500000000000007,5.327752,37,sequentialConvexification,6,zeroSlack,0,0
1.6000000000000008,6.288297,36,feasibleInitialization,6,timeLimit,0,0
1.6500000000000008,6.311403,35,sequentialConvexification,6,zeroSlack,0,0
1.7000000000000008,6.018625,34,feasibleInitialization,6,timeLimit,0,0
1.7500000000000009,5.332506,33,feasibleInitialization,6,timeLimit,0,0
1.800000000000001,6.53642,32,feasibleInitialization,8,timeLimit,0,0
1.850000000000001,5.753122,31,feasibleInitialization,8,timeLimit,0,0
1.900000000000001,5.786619,30,feasibleInitialization,8,timeLimit,0,0
1.9500000000000008,5.817225,29,feasibleInitialization,8,timeLimit,0,0
2.000000000000001,5.003377,28,sequentialConvexification,10,zeroSlack,0,0
2.0500000000000007,2.48361,27,sequentialConvexification,4,zeroSlack,0,0
2.1000000000000005,5.130689,26,feasibleInitialization,22,timeLimit,0,0
2.1500000000000004,5.254329,25,sequentialConvexification,24,zeroSlack,0,0
2.2,0.499173,24,sequentialConvexification,2,zeroSlack,0,0
2.25,3.451396,23,sequentialConvexification,16,zeroSlack,0,0
2.3,1.465176,22,sequentialConvexification,6,zeroSlack,0,0
2.3499999999999996,0.421821,21,sequentialConvexification,2,zeroSlack,0,0
2.3999999999999995,5.065518,20,feasibleInitialization,24,timeLimit,0,0
2.4499999999999993,5.117072,19,sequentialConvexification,22,timeLimit,0,0
2.499999999999999,1.022907,18,sequentialConvexification,4,zeroSlack,0,0
2.549999999999999,2.064878,17,sequentialConvexification,6,zeroSlack,0,0
2.5999999999999988,1.702563,16,sequentialConvexification,6,zeroSlack,0,0
2.6499999999999986,1.963291,15,sequentialConvexification,8,zeroSlack,0,0
2.6999999999999984,2.338813,14,sequentialConvexification,14,zeroSlack,0,0
2.7499999999999982,2.854711,13,sequentialConvexification,24,zeroSlack,0,0
2.799999999999998,1.987033,12,sequentialConvexification,26,zeroSlack,0,0
2.849999999999998,1.712691,11,sequentialConvexification,24,zeroSlack,0,0
2.8999999999999977,1.567745,10,sequentialConvexification,24,zeroSlack,0,0
2.9499999999999975,1.954543,9,feasibleInitialization,46,Positive-speed Fiala dynamics require vx above the declared domain floor and |b|<=1.,0,0
