Scenario,Variant,Seed,Estimator,completed,failureMessage,diverged,divergenceRadius,transientDuration,relativePositionRmse,fullPositionRmse,fullSpeedRmse,relativePositionMax,targetVelocityRmse,targetVelocityInertialRmse,targetAccelerationRmse,targetSpeedRmse,targetSpeedMax,relativeSpeedRmse,relativeSpeedMax,courseRmseDeg,courseMaxDeg,egoPositionRmse,egoVelocityRmse,egoYawRmseDeg,egoYawMaxDeg,egoSideslipRmseDeg,steadyStateStart,steadyRelativePositionRmse,steadyTargetVelocityRmse,steadyTargetSpeedRmse,steadyRelativeSpeedRmse,steadyCourseRmseDeg,steadyEgoYawRmseDeg,peakTransientPositionError,peakTransientVelocityError,peakTransientAccelerationError,convergenceTime,meanStepMilliseconds,maximumStepMilliseconds,integrationStep,egoBodyJerkMaximum,egoYawAccelerationMaximum,relativeRangeMaximum
straightOncoming,nominal,201,sharmaScenarioTunedPredictor,1,,0,1000,2,0.0251640421104055,0.129670802250453,0.870932906223989,0.0595069884512561,0.132300290021581,0.159019488261895,0.140324567711989,0.0577623261961561,0.176558622458668,0.0562153954103502,0.169433160354533,0.56639196253107,1.75596693921166,0.0261337080952145,0.0826521291289006,0.261375745429391,0.470902533481943,0.178442524678424,3,0.022519855873512,0.0874763847775553,0.0510618342740535,0.0394426374234814,0.39390085039608,0.252287178405565,1.11803398874989,3.74286110334718,2.01116923082395,0.92,0.357866666666667,5.334,0.005,0,0,95.0118413672738
straightOncoming,nominal,202,sharmaScenarioTunedPredictor,1,,0,1000,2,0.0254099818348244,0.126823790232231,0.859093303567495,0.0639028385765307,0.118231208743256,0.141812128879051,0.12864508026651,0.0583183746534572,0.187275561351374,0.0585820655786374,0.181186031525236,0.494351651707222,1.52158086571599,0.0259882322765885,0.0856427523999922,0.272679742008753,0.455091906409639,0.17922507980347,3,0.0268288646891168,0.0977871526398639,0.0639983005080995,0.0538129863445322,0.410086785784885,0.272103390534817,1.11803398874989,3.56396291976462,2.06430324277563,0.88,0.314736666666667,0.885,0.005,0,0,95.0118413672738
straightOncoming,nominal,203,sharmaScenarioTunedPredictor,1,,0,1000,2,0.0282878638907008,0.131057485357171,0.855622931994969,0.0508144018503069,0.11208016335022,0.132200276869004,0.133050804117617,0.0744074823018791,0.198347853944487,0.0685860123451161,0.145157112805283,0.417489525998666,1.33281574629586,0.0245656284171993,0.0843850253875421,0.261510108772266,0.434282487962082,0.175991475070412,3,0.0287797046947688,0.104058393791643,0.0756643879955682,0.066724309978931,0.400094358390392,0.270446506442331,1.11803398874989,3.56424256375554,1.95384260222781,0.88,0.312253333333333,0.882,0.005,0,0,95.0118413672738
straightOncoming,nominal,204,sharmaScenarioTunedPredictor,1,,0,1000,2,0.0252926690158981,0.130282781923827,0.860993331664177,0.0540168846011573,0.128055101709225,0.155377122132601,0.13243433393958,0.0597074529553119,0.180908972532645,0.0550093364852156,0.163948949525665,0.54823674663503,1.74871014738597,0.0316521561175569,0.090215473878148,0.287124367330076,0.495595172254853,0.187246282179123,3,0.0238555021780482,0.0968116798772981,0.0572778297604025,0.0470373558943011,0.442670572635258,0.284279978701655,1.11803398874989,3.60457293003732,2.04777159020081,0.84,0.313493333333333,0.955,0.005,0,0,95.0118413672738
straightOncoming,nominal,205,sharmaScenarioTunedPredictor,1,,0,1000,2,0.0268082777057844,0.131681275447294,0.869541004070338,0.0696194156594399,0.120395937035973,0.143454824629562,0.148886917878185,0.0640987462116015,0.168813793492857,0.0745900938878953,0.219187558270033,0.491263010538795,1.45132534285146,0.0243745076674593,0.082635024674906,0.253785552787545,0.460215701143389,0.180539259077262,3,0.0208924476247935,0.0866656582622719,0.054477628615281,0.0441790304664111,0.374952461603483,0.245182129527749,1.11803398874989,3.65273756777641,2.03108256260067,0.9,0.302586666666667,0.861,0.005,0,0,95.0118413672738
straightOncoming,nominal,206,sharmaScenarioTunedPredictor,1,,0,1000,2,0.0242575312985977,0.126889115745558,0.865819534280655,0.0521589396611113,0.134479018145745,0.163926511412611,0.135853015880877,0.0667082743655902,0.201704371485826,0.0639277644762829,0.190859465112322,0.572582434359999,1.75005051947042,0.0295051839361517,0.0890769178326425,0.282502177276755,0.489100496286423,0.190667842227992,3,0.0207970018083302,0.0898368243571676,0.0470416737470148,0.0376121245822826,0.437783140361352,0.274979850183948,1.11803398874989,3.64123953634819,2.01754155537394,0.92,0.303073333333333,0.867,0.005,0,0,95.0118413672738
straightOncoming,nominal,207,sharmaScenarioTunedPredictor,1,,0,1000,2,0.024970475062282,0.13093338311793,0.870304868199823,0.0545941338382694,0.119655461738354,0.141542253428987,0.137404096393035,0.0598524872316209,0.165577317975751,0.0536314150360884,0.142291040076088,0.490353472770315,1.25088163839816,0.0238396230016529,0.0840421018794355,0.279567536730632,0.488386020316849,0.181362229921716,3,0.022537103374089,0.092995956997764,0.0573688360021024,0.0480556589230303,0.442211610206694,0.282569696367796,1.11803398874989,3.77266318668498,2.11447621211248,0.9,0.304276666666667,0.839,0.005,0,0,95.0118413672738
straightOncoming,nominal,208,sharmaScenarioTunedPredictor,1,,0,1000,2,0.0250512376881939,0.130146857029414,0.863907038896771,0.0499142726880785,0.115717465755512,0.140755315430966,0.127269941660043,0.0624796759837157,0.172949352547111,0.0598027239871937,0.143371979556992,0.482196680566913,1.6155580325932,0.0259855496284899,0.0838221790774341,0.266518433059894,0.433818650053044,0.164891157112863,3,0.0246834876110779,0.0961027580648288,0.0583643284164627,0.0510131376472725,0.426616010700583,0.26838200269519,1.11803398874989,3.58652390388727,2.00749317052122,0.88,0.302983333333333,0.839,0.005,0,0,95.0118413672738
straightOncoming,nominal,209,sharmaScenarioTunedPredictor,1,,0,1000,2,0.0206736321578185,0.129806723905133,0.869099460749061,0.0474853908773515,0.107884509335693,0.134565123552736,0.128021547625448,0.0554577748684419,0.150085982313728,0.0564414896571149,0.156758944281844,0.468490538977254,1.40719505054588,0.0273243938006073,0.0860789247762493,0.275137644834771,0.460828963290743,0.17719464962113,3,0.0212597536136832,0.0912599132312048,0.0569653407829926,0.0488969684472139,0.405929622646432,0.273192338256038,1.11803398874989,3.66522461306575,2.14280018846714,0.86,0.30636,0.849,0.005,0,0,95.0118413672738
straightOncoming,nominal,210,sharmaScenarioTunedPredictor,1,,0,1000,2,0.0215282214683188,0.131502487212221,0.865618903120972,0.0466534035753304,0.107468850883511,0.129695728884884,0.129510488473561,0.0586222687958613,0.144086802946328,0.0567437665389386,0.182287527918483,0.442492380599485,1.7282953631682,0.0280672394261119,0.0875864264521295,0.260080036917159,0.429862047109346,0.176880936797952,3,0.0217441543660607,0.0865909852781082,0.0565452699363024,0.040857010863189,0.363540309178371,0.25336809617077,1.11803398874989,3.67157792808021,2.0390310919143,0.9,0.305413333333333,0.835,0.005,0,0,95.0118413672738
straightOncoming,nominal,211,sharmaScenarioTunedPredictor,1,,0,1000,2,0.0290271170307918,0.128539877237519,0.855879874933092,0.0554323675166216,0.117247134756666,0.133003469862602,0.131163239582154,0.065416044163819,0.155220764752059,0.0702220056642561,0.227912691254378,0.442993972287116,1.53569681055987,0.0313951958244592,0.0926057656801249,0.28095229080347,0.537351493006536,0.202400090228197,3,0.0255660826103759,0.0968825203288798,0.0655162314363382,0.0487014292693132,0.400252734943771,0.250084889673675,1.11803398874989,3.58027244793871,2.0560440845569,0.86,0.300333333333333,0.842,0.005,0,0,95.0118413672738
straightOncoming,nominal,212,sharmaScenarioTunedPredictor,1,,0,1000,2,0.027980348621368,0.128198885628919,0.857916423771292,0.0571958031530819,0.103844018790691,0.124256275444413,0.12701847446213,0.059751109616266,0.192163158885824,0.0638447264261519,0.224492124454155,0.416737291144455,1.02964281763883,0.0220630214769568,0.0852828247375059,0.271982483832392,0.453963956605629,0.191969468999986,3,0.0275609145849985,0.0975400708746479,0.0605736792606128,0.052018628836462,0.393052937746357,0.260944986761303,1.11803398874989,3.64257374976948,2.00488100402595,0.88,0.302356666666667,0.832,0.005,0,0,95.0118413672738
straightOncoming,nominal,213,sharmaScenarioTunedPredictor,1,,0,1000,2,0.0239437634166303,0.128720158378183,0.857846057865945,0.0526687279015403,0.115115299248489,0.137332730657742,0.127801381794028,0.0574332500751488,0.140542969365658,0.0515203569247709,0.123404990781541,0.476714128027664,1.41478689739061,0.0244425384845481,0.0859796321682965,0.272375998172078,0.45710996919561,0.180769590183189,3,0.0246061378475684,0.109000823873959,0.0588150024181334,0.0472831730218546,0.442823772892753,0.276000515512245,1.11803398874989,3.66538259307054,2.13222036875165,0.86,0.302183333333333,0.821,0.005,0,0,95.0118413672738
straightOncoming,nominal,214,sharmaScenarioTunedPredictor,1,,0,1000,2,0.0226054422214454,0.125492607995053,0.8564587384766,0.0598130139515748,0.111820018101429,0.134471107143722,0.130384266093504,0.0659267445153863,0.182427236093984,0.053330197111827,0.194991583204153,0.448408017199882,1.7291356166289,0.0313289438435069,0.0870552388254,0.276739478685415,0.439565233308503,0.178342125238128,3,0.0212523795417282,0.0980563580391587,0.0657251302855384,0.0441390340921455,0.409824797097992,0.271986743757305,1.11803398874989,3.58312988680344,2.03326427402839,0.92,0.300883333333333,0.839,0.005,0,0,95.0118413672738
straightOncoming,nominal,215,sharmaScenarioTunedPredictor,1,,0,1000,2,0.0258795546392493,0.131885930763113,0.871369303455226,0.0506701015037234,0.119741197092909,0.141036673941511,0.143765002840936,0.0677850892281722,0.18182524284089,0.0660263627473295,0.195380850229089,0.472910214057218,1.32299690676175,0.0256280377237904,0.0870228872829782,0.272513944963883,0.479700718995713,0.178550317513027,3,0.0259279812909701,0.103981166386104,0.0650512616365519,0.0552334418080474,0.423673383069018,0.278975665093648,1.11803398874989,3.78866085129911,2.05008989407384,0.86,0.29985,0.828,0.005,0,0,95.0118413672738
straightOncoming,nominal,216,sharmaScenarioTunedPredictor,1,,0,1000,2,0.0220148081024146,0.128637164977996,0.859371971446939,0.0456294415594074,0.105854794825736,0.135368088530933,0.126886668887666,0.0511854217123307,0.140297935075356,0.0524000783762166,0.168311895799373,0.479112194004629,1.7522650420697,0.0259707957224563,0.0842180210864761,0.266776596078211,0.487263252932224,0.183085754735865,3,0.0212396416962277,0.0889165862018948,0.0469647491380361,0.0323747485575337,0.400322488717974,0.262250127168138,1.11803398874989,3.65032173222158,2.14860561952997,0.94,0.303046666666667,0.836,0.005,0,0,95.0118413672738
straightOncoming,nominal,217,sharmaScenarioTunedPredictor,1,,0,1000,2,0.0230024909395054,0.131450629845438,0.861763074038142,0.0571720678473982,0.11892151069335,0.146423349848539,0.128438796352681,0.0541995887265852,0.17564646072244,0.0513034167231001,0.166601524726495,0.52016131999129,1.83794662685869,0.025361996147686,0.0882242569632242,0.282565764459719,0.471318454451512,0.188757786330135,3,0.0200829691310849,0.087905215367615,0.0475144788264771,0.0346205445961749,0.384420739997531,0.276694086843956,1.11803398874989,3.55340695628685,1.97514779575257,0.88,0.301813333333333,0.841,0.005,0,0,95.0118413672738
straightOncoming,nominal,218,sharmaScenarioTunedPredictor,1,,0,1000,2,0.0274333598549066,0.12934261358749,0.868634029414135,0.0698158677290509,0.140516566417373,0.16441924091269,0.14278466454459,0.0718393812210593,0.187230279077184,0.0594655609131436,0.125886507315503,0.565207703561151,1.88047345174619,0.0265608000649429,0.0873482902486063,0.269866472913231,0.500567923975152,0.186137284771265,3,0.0232124991437246,0.0943517715709564,0.0667846941004031,0.0550567869273876,0.377626829022404,0.267548757430805,1.11803398874989,3.77337421762014,2.06424686810611,0.9,0.300876666666667,0.846,0.005,0,0,95.0118413672738
straightOncoming,nominal,219,sharmaScenarioTunedPredictor,1,,0,1000,2,0.0237419144897214,0.130705452282428,0.864024200440871,0.0456128857033977,0.124921320953576,0.145875571845685,0.133674848551342,0.0612778815556275,0.17636243048767,0.0577659722140743,0.16759591106409,0.506154025114641,1.55524223430456,0.0248776201850508,0.0797936412334287,0.248549027365772,0.434741975366956,0.175815544415051,3,0.0227861051852625,0.0958126704552692,0.058740904925678,0.0485627083994457,0.385735108629267,0.240110523511365,1.11803398874989,3.65591818949926,2.08487403527963,0.88,0.298116666666667,0.846,0.005,0,0,95.0118413672738
straightOncoming,nominal,220,sharmaScenarioTunedPredictor,1,,0,1000,2,0.025486219923756,0.130537152079025,0.863247087442073,0.0606402388886838,0.122605759593427,0.151688048674426,0.132539588487314,0.0587199006026222,0.173802443161556,0.0584039463979,0.148130733049907,0.534337707310995,2.04016899624736,0.0237301728066704,0.0899061931102708,0.284312366168647,0.525806035195737,0.204376621259743,3,0.0261190490931126,0.0864582101143877,0.0469226393902452,0.0433417998078773,0.422121137565855,0.280577532549123,1.11803398874989,3.72264314260999,2.02476327453853,0.88,0.301573333333333,0.845,0.005,0,0,95.0118413672738
circularCrossing,nominal,201,sharmaScenarioTunedPredictor,1,,0,1000,2,0.0263785094951206,0.128688232823032,1.68691015749219,0.0688592877622642,0.432268506098626,0.909993269398547,0.153393983533709,0.0877904694723679,0.260550904519567,0.0410174709839368,0.103222004478056,3.46207659295772,6.15909912637992,0.0225565961225559,0.0799191010720766,1.87803143307279,3.16192810100314,1.76247409674914,3,0.0227474487362641,0.359808971158831,0.0799389308615337,0.0414028839422826,2.67010794302698,1.34811641129585,1.11803398874989,6.43904004766566,2.11536646976477,1.52,0.299883333333333,0.84,0.005,0,0,90
circularCrossing,nominal,202,sharmaScenarioTunedPredictor,1,,0,1000,2,0.0250926133272533,0.126267002400148,1.7044376859859,0.0635099144749239,0.449862524344247,0.950273661151496,0.146174098013884,0.0957286947782393,0.303369807487455,0.0465145845047924,0.105185628904099,3.61216273330489,6.37093013765288,0.0247943914303724,0.082639042163555,1.95526881785881,3.3717910439974,1.83508335504793,3,0.0264687743796664,0.357708577486786,0.0928229977728365,0.0482221448806372,2.67479904524544,1.37687623990482,1.11803398874989,6.51561335522316,2.18356111237401,1.54,0.303046666666667,0.835,0.005,0,0,90
circularCrossing,nominal,203,sharmaScenarioTunedPredictor,1,,0,1000,2,0.0281048087214585,0.130464657785253,1.66436085312441,0.0509210992331416,0.466230828104798,0.969481235085853,0.140926770064293,0.0880011041026028,0.208765297636665,0.0605455296367241,0.133503973491074,3.69190142779781,6.70089663922739,0.0257243819415865,0.0897881877159748,1.96200801859147,3.57364736636804,1.85279400970799,3,0.0287595123806009,0.339159650939083,0.0871835179333888,0.065659226859883,2.55366104098838,1.3303094650809,1.11803398874989,6.37147746050395,2.03795254471803,1.58,0.30294,0.837,0.005,0,0,90
circularCrossing,nominal,204,sharmaScenarioTunedPredictor,1,,0,1000,2,0.0265610284116916,0.129934854182514,1.64041196000479,0.0627515377741874,0.460843566278773,0.967034003535478,0.146727413927762,0.089105501159997,0.233253158287619,0.0459095979958506,0.117563625288788,3.67934083591146,6.44904030147707,0.0281719197060865,0.0908997832486085,1.98572510654082,3.39883555564315,1.85366015365582,3,0.0240269841429967,0.378264317075255,0.0895726954409936,0.0411776633401831,2.76245434830518,1.38734021900751,1.11803398874989,6.30082246792376,2.1659364492354,1.54,0.29905,0.859,0.005,0,0,90
circularCrossing,nominal,205,sharmaScenarioTunedPredictor,1,,0,1000,2,0.0266277503689268,0.130907429997255,1.6839089304002,0.0660883649082216,0.447857376605761,0.941543752027186,0.161143450667768,0.0962454309276733,0.22607198295696,0.0602642771627375,0.171808662576456,3.57996237914575,6.30679401067202,0.0252696501524575,0.0813122378760354,1.93290531329018,3.42270624727111,1.82333838233013,3,0.0209026086810663,0.358088441465136,0.0727856444752956,0.0456477513966116,2.62943474671008,1.31107388012921,1.11803398874989,6.40452301806263,2.11520497139807,1.52,0.298753333333333,0.83,0.005,0,0,90
circularCrossing,nominal,206,sharmaScenarioTunedPredictor,1,,0,1000,2,0.0246068060738539,0.126239286684964,1.66253407672374,0.0605982442106479,0.469651740685913,0.992663183304021,0.139884168435335,0.100470628733589,0.232666185185982,0.0431806302854319,0.115222074197,3.77759168592965,7.2571299736212,0.0296548079664316,0.0991697140752049,2.05435124577592,3.7496571295263,1.89755616709801,3,0.0205298503136776,0.355062489115193,0.0889770433789179,0.0430631412519799,2.59419510927517,1.30736370599428,1.11803398874989,6.29434310363105,2.11473507162855,1.52,0.3079,0.861,0.005,0,0,90
circularCrossing,nominal,207,sharmaScenarioTunedPredictor,1,,0,1000,2,0.0253085245740929,0.130452456579144,1.66184765163558,0.0584096926477471,0.446642234107806,0.949797607984922,0.153396929109666,0.0952903520452192,0.247216610890559,0.0494041554987923,0.115473188047783,3.61260706340448,6.80035595664364,0.0252980492226609,0.0845431224052482,1.96515335981862,3.71516081722609,1.82734465041159,3,0.0222276523571151,0.335093936858489,0.0964702309865725,0.0515707781520338,2.40500896446049,1.20040718571236,1.11803398874989,6.23979058053552,2.21390026494699,1.56,0.304076666666667,0.98,0.005,0,0,90
circularCrossing,nominal,208,sharmaScenarioTunedPredictor,1,,0,1000,2,0.0258034448820651,0.129597875608931,1.64018059153621,0.0529669499950894,0.477566683377206,0.991840178207345,0.13309728280456,0.0923723392931158,0.226381590316223,0.0461149191112151,0.117886385130163,3.77644153472283,6.86396608792108,0.0266341318976516,0.0875958717571382,2.01143868882548,3.59483685152466,1.90967303530047,3,0.0251037678426519,0.357447504112202,0.0847437797869353,0.0482230787100378,2.57510443373924,1.27925195939675,1.11803398874989,6.08870443359589,2.12061926181565,1.62,0.308976666666667,0.891,0.005,0,0,90
circularCrossing,nominal,209,sharmaScenarioTunedPredictor,1,,0,1000,2,0.0209860432893793,0.129135261651534,1.66300710557927,0.0500174190781878,0.459305869044207,0.966450240230627,0.132837347619991,0.0894182175240223,0.22454394049622,0.0469487822346916,0.158171762290959,3.67782659688482,6.45097477259535,0.0223520757769299,0.0802893832977692,1.97524593475391,3.33188126513715,1.84406187124268,3,0.0213407918947258,0.364849798378935,0.084508488693807,0.0501115441082816,2.72470990951884,1.38856905029722,1.11803398874989,6.28807870956745,2.24201170093698,1.5,0.299333333333333,0.849,0.005,0,0,90
circularCrossing,nominal,210,sharmaScenarioTunedPredictor,1,,0,1000,2,0.0214910664140755,0.1309424103216,1.64786702159898,0.0464111070771744,0.473586065226317,0.985411451074407,0.128157298095309,0.0854140927179579,0.212484711975989,0.0384815896758946,0.113884442465118,3.75375637003515,6.99910448926686,0.0228357766213195,0.0843691078332158,1.99410521490513,3.47719621220383,1.88624222619145,3,0.0214807241767724,0.361122791806231,0.0779556994895671,0.0390244259898946,2.71568076131675,1.38808082251073,1.11803398874989,6.24361901145682,2.14507410858867,1.6,0.30055,0.841,0.005,0,0,90
circularCrossing,nominal,211,sharmaScenarioTunedPredictor,1,,0,1000,2,0.0281593679776869,0.127831605887018,1.67134820723854,0.0554251494114285,0.442087719247355,0.914977642935401,0.133503271666824,0.0933194307021903,0.274632407521386,0.0564029658740488,0.145146122890178,3.47814151288264,5.53039478220546,0.0294463199451669,0.0964273383351311,1.85902215882352,2.98442658253082,1.75306848180016,3,0.0258516046027622,0.401206379687801,0.077853550529358,0.0478608309261309,2.92448629944015,1.43938925345517,1.11803398874989,6.41198019718562,2.14414536215511,1.6,0.296653333333333,0.829,0.005,0,0,90
circularCrossing,nominal,212,sharmaScenarioTunedPredictor,1,,0,1000,2,0.0266237425859398,0.127551132677285,1.62458198719769,0.0494879000612179,0.484982247148393,1.00542493110532,0.136083474072656,0.101935389016414,0.308625473019605,0.0574730679223232,0.13802247767293,3.82332741674943,7.09377703834382,0.0275706955427766,0.0908822095656987,2.03072745898996,3.681926960684,1.90963753285,3,0.0274245011529097,0.354188369499912,0.0944639128689335,0.0568877756431807,2.62422300821208,1.34545659780331,1.11803398874989,6.15051662964207,2.10486881163552,1.54,0.299643333333333,0.852,0.005,0,0,90
circularCrossing,nominal,213,sharmaScenarioTunedPredictor,1,,0,1000,2,0.0239154146998834,0.128469522110563,1.62764718141235,0.0526920846652403,0.492303683371509,1.02801982746763,0.138792768067136,0.0864880047166495,0.205166255509633,0.0432596026496919,0.128566365579552,3.91738741845507,7.76377734824005,0.0233268963935907,0.0888518467063811,2.09035254446582,3.91264318365154,1.95317268275489,3,0.024863819300853,0.343010266767595,0.0702899463927396,0.0436242010799464,2.57606801847352,1.3335474331723,1.11803398874989,6.14254033128168,2.21516763886956,2.58,0.296946666666667,0.831,0.005,0,0,90
circularCrossing,nominal,214,sharmaScenarioTunedPredictor,1,,0,1000,2,0.0232367910557494,0.124932998678618,1.64939679966686,0.0587278674358477,0.535105220304039,1.10523987777191,0.135650950767468,0.102395892015981,0.26948756779338,0.0430946956280761,0.120926689887735,4.20837935848431,8.55261288282621,0.0301394629212154,0.0911433773475203,2.21870686070539,4.30062373786226,2.09805251846762,3,0.0211325795397269,0.378674322088113,0.0952401644556312,0.039275079297151,2.76382984089419,1.38321760028653,1.11803398874989,6.3700255584422,2.12286456205081,2.4,0.300506666666667,0.825,0.005,0,0,90
circularCrossing,nominal,215,sharmaScenarioTunedPredictor,1,,0,1000,2,0.0261730357624338,0.131386067782128,1.64678236156096,0.0505993356602728,0.477923387363243,0.989921987232738,0.155085328082732,0.0950324088816813,0.27345190842399,0.0539214114780264,0.139457074991828,3.76807151491653,7.04831215728704,0.0294045962030119,0.0902220474350478,2.00496628062226,3.56275437480186,1.89699692795576,3,0.0260572827338544,0.352338665829467,0.0918562088229188,0.0557917880748319,2.53193822143509,1.27080161963031,1.11803398874989,6.18027681582786,2.14238631540286,1.56,0.295396666666667,0.842,0.005,0,0,90
circularCrossing,nominal,216,sharmaScenarioTunedPredictor,1,,0,1000,2,0.021670347652378,0.128333112836779,1.68636777732301,0.0485976172267294,0.436842294616529,0.900494896462134,0.130430646841076,0.0870729689975648,0.233562713549787,0.0360492123291346,0.0993775651691138,3.42609807515715,6.31339179042525,0.0250833168581682,0.0830938418013912,1.81469247593045,3.13468037223384,1.70375626801154,3,0.0208456873304318,0.340368697148151,0.083175154115003,0.0374983845723683,2.51617585404848,1.28060965506667,1.11803398874989,6.32494298194288,2.25572696501702,1.6,0.296463333333333,0.835,0.005,0,0,90
circularCrossing,nominal,217,sharmaScenarioTunedPredictor,1,,0,1000,2,0.0233739023954566,0.130773250675363,1.64597142283246,0.0530098644995839,0.450398096773037,0.948453927562394,0.143266661137615,0.0943043368511342,0.290765537327163,0.0404737827805771,0.124500779804304,3.60661634230853,6.36044469423469,0.0254004498173495,0.0920452385233348,1.95175432161559,3.50377823326688,1.81648660136354,3,0.0206879256723338,0.349315836602006,0.0864471506858836,0.0375019978434478,2.59365909688733,1.32584613489775,1.11803398874989,6.26979706567718,2.07494963735577,1.56,0.29598,0.82,0.005,0,0,90
circularCrossing,nominal,218,sharmaScenarioTunedPredictor,1,,0,1000,2,0.0277618965260858,0.128386041370611,1.72959778638229,0.0732926834333671,0.433790550970999,0.910389632248702,0.165979860172245,0.107768591349318,0.246836575664044,0.0545779869551176,0.135545520036711,3.45483021321225,7.39047134990178,0.0275678443925324,0.0990109640691275,1.89014784199189,3.71874058441787,1.75008062373225,3,0.0231692164220821,0.314089891234324,0.100958935518485,0.0576670588044207,2.28822175443355,1.17644121276923,1.11803398874989,6.69765340888843,2.16428862431291,2.88,0.298943333333333,0.845,0.005,0,0,90
circularCrossing,nominal,219,sharmaScenarioTunedPredictor,1,,0,1000,2,0.024190400209777,0.130252037381947,1.65238912056841,0.053245541244281,0.480826901935836,1.00506750580672,0.146187481109344,0.0945855499764302,0.246655650129412,0.0474878723147887,0.128148983945245,3.82690934350809,7.11418538104159,0.0280626992708453,0.0904374867094621,2.05489080646958,3.88497190659859,1.94541119045232,3,0.0224951060847936,0.345665090970202,0.0854065571051695,0.0462903873179217,2.56573670078492,1.31052048764811,1.11803398874989,6.28087854840185,2.17574282924475,1.54,0.299716666666667,0.989,0.005,0,0,90
circularCrossing,nominal,220,sharmaScenarioTunedPredictor,1,,0,1000,2,0.0262630932830758,0.130155564018641,1.66815976980861,0.0612632422850817,0.432483133847964,0.914095723924019,0.139516213524784,0.093713776846883,0.253853889763624,0.0449937149771363,0.123960792750214,3.47576440826734,6.30149155351344,0.0281093057627517,0.098356892801292,1.89480630034238,3.30243645446224,1.75050676558239,3,0.026680942247458,0.330030549723076,0.097985119714292,0.0461595720982049,2.43851172558136,1.26040705614556,1.11803398874989,6.48487836427873,2.09661729191159,1.54,0.295516666666667,0.845,0.005,0,0,90
circularFollowing,nominal,201,sharmaScenarioTunedPredictor,1,,0,1000,2,0.0269076491753839,0.0950387908481529,0.617935058689663,0.0806043771761317,0.448848956400805,0.169664202144532,0.102523052477617,0.140479794626449,0.317905361544391,0.0585318100209794,0.199838019958478,0.353223117490386,1.53020718658356,0.0240203202226194,0.0788784089426329,1.50568065113042,2.64607275641547,1.59631912499627,6,0.0283423964489292,0.320722144281635,0.122417459585638,0.0537071631161783,0.271782008569778,1.14166164685387,1.11803398874989,5.23256289854264,2.18377771057249,2.3,0.296818333333333,0.837,0.005,0,0,33.4726702631453
circularFollowing,nominal,202,sharmaScenarioTunedPredictor,1,,0,1000,2,0.0248072385158206,0.0931304327119281,0.605007056069925,0.0569400928353912,0.440033482613284,0.169205133825878,0.0961307533560414,0.136112621086784,0.288675411198085,0.0511122353920278,0.211238442786101,0.372971082089172,1.9832584889851,0.026201746656731,0.0770549790303058,1.51211532148116,2.60264779783494,1.57222265705513,6,0.0249348115107576,0.318651147148453,0.12231199022966,0.0483688287022248,0.326619973019921,1.15593024282043,1.11803398874989,5.2140082648063,2.20747451526153,2.1,0.296081666666667,0.829,0.005,0,0,33.4726702631453
circularFollowing,nominal,203,sharmaScenarioTunedPredictor,1,,0,1000,2,0.0272506902345711,0.0916094834016152,0.612267197292027,0.0626170518003642,0.454379026965789,0.1713505179906,0.104276048944057,0.135219884284915,0.327960079555503,0.058666147156191,0.220120356404712,0.390428755258075,1.59314062008746,0.0262804573544833,0.0822742223504676,1.53271606001156,2.68875439758353,1.61428499467487,6,0.0293304465662305,0.332635120030371,0.123222790606978,0.052458677977908,0.337071971012523,1.17596704035476,1.11803398874989,5.11002898747294,2.16656709344386,2.22,0.297375,0.831,0.005,0,0,33.4726702631453
circularFollowing,nominal,204,sharmaScenarioTunedPredictor,1,,0,1000,2,0.0242838479778655,0.0895820325745422,0.608665942653942,0.0531212848686096,0.440364805281794,0.173058486802488,0.101594029276585,0.139888532216902,0.340970604658724,0.0511994043211662,0.229528461412449,0.37823376273074,1.60890949736869,0.0266694628410612,0.0795701591569883,1.47864480424389,2.61302857460749,1.54327078162522,6,0.0218726779113509,0.316931534274034,0.116714171170987,0.0392655512235889,0.320433199385138,1.12032149661168,1.11803398874989,5.17050858741767,2.2073577284769,2.24,0.296915,0.847,0.005,0,0,33.4726702631453
circularFollowing,nominal,205,sharmaScenarioTunedPredictor,1,,0,1000,2,0.0238610508588076,0.0931951004912483,0.615052039594159,0.0526940048004913,0.435926390420495,0.168308097422722,0.101347968151965,0.139143727355525,0.292686533750356,0.0592824684541863,0.196948249144131,0.351255540802158,1.2541642722682,0.025352103912146,0.0755962569548348,1.48066390286241,2.52885873866106,1.55251928862155,6,0.0238664306090748,0.314927617528679,0.122607599734218,0.0496917859749101,0.314793455002755,1.14151658004197,1.11803398874989,5.13678056923557,2.06500219798352,2.18,0.29776,0.845,0.005,0,0,33.4726702631453
circularFollowing,nominal,206,sharmaScenarioTunedPredictor,1,,0,1000,2,0.0254619937287539,0.0939453121547709,0.615044948274062,0.059930940343512,0.411944509557487,0.157794702182316,0.0970568494299941,0.132627773985003,0.308920860819983,0.0563788634242094,0.202969711560921,0.317033668360712,1.53753499560013,0.0263523610612828,0.0793246419801949,1.40680016837153,2.48210646717901,1.4715503857217,6,0.0248664693540718,0.29697020896074,0.12045287613422,0.052802347833213,0.287427676769963,1.0640436266338,1.11803398874989,5.12377327014767,2.16519970430013,2.02,0.299038333333333,0.864,0.005,0,0,33.4726702631453
circularFollowing,nominal,207,sharmaScenarioTunedPredictor,1,,0,1000,2,0.0237390036425857,0.0917989773997253,0.610367642476072,0.0506423619871916,0.437676962802266,0.162118791727153,0.0966145092537033,0.12873109129893,0.305445030724819,0.0477708344075209,0.174572970962506,0.365599490790057,1.71197396175237,0.0251895482180998,0.0751904525001182,1.5048663684582,2.57962767678849,1.56790436429786,6,0.0221699195044578,0.324172175902366,0.109552688414634,0.0441112005295981,0.289417997103387,1.16903798843562,1.11803398874989,5.21033682977654,2.13328831804753,2.12,0.297435,0.854,0.005,0,0,33.4726702631453
circularFollowing,nominal,208,sharmaScenarioTunedPredictor,1,,0,1000,2,0.0266161098796922,0.0943208973823625,0.615136798864858,0.0697688153985837,0.449439643884899,0.17338706705489,0.10133734167964,0.138821073794728,0.295872094662682,0.0526553416825129,0.170518778476437,0.385692326050484,1.7604417762859,0.0262211426671014,0.0811694559041978,1.52014793880798,2.64873901937855,1.59934045433411,6,0.0248138456729961,0.331711683728542,0.127746936724863,0.0495635948745981,0.321935831532529,1.14854429836638,1.11803398874989,5.17353156262342,2.16092175159071,2.2,0.296371666666666,0.853,0.005,0,0,33.4726702631453
circularFollowing,nominal,209,sharmaScenarioTunedPredictor,1,,0,1000,2,0.0254287342560534,0.0904229622166221,0.605284389130279,0.05865572168282,0.433913528945072,0.16868005746896,0.107610351021839,0.131127102988438,0.299061648404571,0.0543169718420267,0.180796711833278,0.393857117471079,1.59535276661377,0.0236290067953382,0.0755658496371828,1.4407982286262,2.55075338814232,1.52660870480105,6,0.024952846648902,0.312152442134408,0.118196264360097,0.0454027417618716,0.307630690661073,1.10417322146811,1.11803398874989,5.19796406158319,2.20635925574264,2.24,0.296851666666666,0.846,0.005,0,0,33.4726702631453
circularFollowing,nominal,210,sharmaScenarioTunedPredictor,1,,0,1000,2,0.0237698237742279,0.0925804471132914,0.608087632040155,0.0558608038810631,0.450458617259515,0.160394961159987,0.0988341182643687,0.132430490325932,0.335533069942207,0.0537727799439491,0.224517566642644,0.335719179100434,1.67884835332817,0.0234548473744655,0.0747881389721907,1.5363060098254,2.71952169668241,1.60778873709886,6,0.023904560242786,0.325786451246327,0.116472558001435,0.0472510842173917,0.273719405240645,1.16114691218494,1.11803398874989,5.19801318543852,2.14266794610003,2.18,0.301615,0.951,0.005,0,0,33.4726702631453
circularFollowing,nominal,211,sharmaScenarioTunedPredictor,1,,0,1000,2,0.0229335855084747,0.0923451478328141,0.601748208212759,0.0577764639828949,0.448891273137487,0.165720231565014,0.0945633579382755,0.131633396677086,0.336937665371789,0.0520891482904429,0.18843356131505,0.373524754065133,1.33237052466753,0.0261419174990125,0.076750714933384,1.5288608128747,2.69216487773161,1.59997522285159,6,0.0222462650101213,0.324632868701979,0.11545663089812,0.0458829896445563,0.333387257820703,1.16456232325647,1.11803398874989,5.15228853377443,2.16176852528104,2.3,0.29508,0.831,0.005,0,0,33.4726702631453
circularFollowing,nominal,212,sharmaScenarioTunedPredictor,1,,0,1000,2,0.0260084459451616,0.0916512054958648,0.610647987550963,0.0540086198107551,0.431890963240431,0.167659789896563,0.10037992878338,0.137288539821597,0.337724026282279,0.0572823335264821,0.216231432969449,0.356910467884164,1.44544094783664,0.0259953451751436,0.0779546926387362,1.44662811162195,2.52019520821178,1.52553674693582,6,0.0239326506324157,0.313851850368374,0.121141267875538,0.0437216907959331,0.29617235551696,1.09589909587555,1.11803398874989,5.21686607047598,2.12295969183649,2.3,0.303848333333333,0.881,0.005,0,0,33.4726702631453
circularFollowing,nominal,213,sharmaScenarioTunedPredictor,1,,0,1000,2,0.026316847651895,0.0934935027043664,0.607706625775965,0.0643374827807209,0.423341970297597,0.158422048521341,0.0999245490093565,0.125908162738809,0.319604382554472,0.0549864949493524,0.174744212297665,0.356577933595512,1.4705245887396,0.0240870530062346,0.0765091571644752,1.4260836355326,2.56008445639382,1.49459287511423,6,0.0243979080312652,0.305695746639677,0.108691754502439,0.0466803094725753,0.291503087958381,1.06819464965516,1.11803398874989,5.20860919030146,2.04433205972831,2.28,0.296405,0.85,0.005,0,0,33.4726702631453
circularFollowing,nominal,214,sharmaScenarioTunedPredictor,1,,0,1000,2,0.0226672124344256,0.092753747630328,0.616623706768534,0.0541356105938305,0.41834149039185,0.159655275913091,0.0953521481517638,0.129247853087442,0.313674994297257,0.0519164626620163,0.17369778604072,0.347618864315768,1.68627176389378,0.0256265404023639,0.0761817824409125,1.42076431677181,2.46821836212768,1.48348870600217,6,0.0208937742214118,0.299679204491161,0.105252339160655,0.0430837994763253,0.281037730850187,1.06999167454493,1.11803398874989,5.21081535732616,2.12562461523989,2.12,0.29714,0.858,0.005,0,0,33.4726702631453
circularFollowing,nominal,215,sharmaScenarioTunedPredictor,1,,0,1000,2,0.0242530246167565,0.0931326001742251,0.610445631474829,0.0538958353144143,0.432364611066205,0.160314484441227,0.102826174125715,0.12937136739932,0.296171968272901,0.0592549340420014,0.195497011156383,0.351229286784953,1.37324210744065,0.0269497672214916,0.0790873248440844,1.46371833564897,2.55829032885215,1.5316728820903,6,0.0243732006436252,0.317158097750279,0.117033102898291,0.0559189473510889,0.293832547310758,1.11011137000993,1.11803398874989,5.15761691574522,2.11375494618917,2.14,0.2983,0.845,0.005,0,0,33.4726702631453
circularFollowing,nominal,216,sharmaScenarioTunedPredictor,1,,0,1000,2,0.0266520907301174,0.0960443790085584,0.610649074345404,0.0544129736368052,0.455313590055247,0.171275442013783,0.0981352619030511,0.141688655118378,0.33565788576337,0.0563524116173624,0.192024402193982,0.35713962164789,1.08150553241089,0.0233607779719523,0.0697894552747148,1.56388895577806,2.7270406663897,1.62460267185458,6,0.0267853764292707,0.328738800761343,0.12637506162141,0.0520480741338024,0.318243877971904,1.18111143946185,1.11803398874989,5.20277222387672,2.1125096166272,2.06,0.297346666666667,0.859,0.005,0,0,33.4726702631453
circularFollowing,nominal,217,sharmaScenarioTunedPredictor,1,,0,1000,2,0.0244484922300582,0.0945418908486719,0.615313006888689,0.0602368793038871,0.430738245829761,0.164006342841897,0.095354511280534,0.13339453968326,0.288909943319386,0.0518509997879861,0.17584412552652,0.354114694233937,1.27043052179968,0.0248651940206211,0.0795719458295017,1.45287827491697,2.60844476629559,1.52925521681032,6,0.0227920774496391,0.310269902311684,0.125705286256798,0.0482198086533575,0.286019485885174,1.10321451322538,1.11803398874989,5.14117389907495,2.15816307744226,2,0.295298333333333,0.839,0.005,0,0,33.4726702631453
circularFollowing,nominal,218,sharmaScenarioTunedPredictor,1,,0,1000,2,0.0262618149012036,0.0933839618687704,0.617754964070193,0.0624836491809908,0.451765622706238,0.16712926809251,0.102994858392761,0.140187472291593,0.344168316337392,0.056398902073205,0.178975353228465,0.337580328814682,1.21023640764963,0.0251307897005639,0.0762643778544331,1.546061639788,2.75336965691438,1.6049868528417,6,0.0248578345658071,0.324887961010638,0.116579019204273,0.0491239285398206,0.277104192877628,1.18073405966578,1.11803398874989,5.17171452879028,2.20587564863022,2.04,0.297575,0.82,0.005,0,0,33.4726702631453
circularFollowing,nominal,219,sharmaScenarioTunedPredictor,1,,0,1000,2,0.0230216710773396,0.0931127952784425,0.612938329681318,0.0538392335065171,0.429206959264026,0.16310015662798,0.0931607606676968,0.130616884115089,0.312589062688327,0.0460485083127737,0.179251113044228,0.36225431033522,1.35080807670796,0.0270641084929292,0.0814980904773297,1.46161271819803,2.60371280558591,1.52924821487314,6,0.0233597205807932,0.314285807242424,0.113338763404038,0.0423973257172781,0.320250318321204,1.1094937843853,1.11803398874989,5.07005082544416,2.19125059941746,2.06,0.296693333333333,0.835,0.005,0,0,33.4726702631453
circularFollowing,nominal,220,sharmaScenarioTunedPredictor,1,,0,1000,2,0.0245719009093493,0.0907291982169681,0.60421876634989,0.0574728439498575,0.42587467740112,0.154227315806972,0.0949591462622301,0.125077451872933,0.24361869022635,0.0544937291924935,0.160871151322061,0.334729669159171,1.39021768072723,0.0255209858717933,0.0760067657107123,1.47145133171651,2.52577303274086,1.53905815787891,6,0.023172685364071,0.312083701470828,0.110583054434198,0.0419691272607502,0.265337042912511,1.14304767021835,1.11803398874989,5.18309847926896,2.24785566554409,2.06,0.29791,0.833,0.005,0,0,33.4726702631453
avoidanceSwerve,nominal,201,sharmaScenarioTunedPredictor,1,,0,1000,2,0.061325391279895,0.13967207186204,2.64878531816177,0.137250380643671,1.18196846956914,1.63390693686193,7.47233342063573,0.556326218659218,1.53677995471366,0.495470176028746,1.3347670222628,7.41016470273045,18.7905967478315,0.0468786557215237,0.34961806906974,3.05864984490028,4.37860678463413,3.40185561580721,3.25,0.061523709295697,1.00381771260139,0.542241789653261,0.505425730594847,5.9020274431954,2.6645758427528,1.11803398874989,20.4156920376769,34.6110296658155,6.36,0.31716,0.851,0.005,13.8286654735318,0.82123185476894,95.0118413672738
avoidanceSwerve,nominal,202,sharmaScenarioTunedPredictor,1,,0,1000,2,0.0613961354370077,0.13558104503984,2.57629008292773,0.126610474338666,1.10166425684473,1.44173169578872,7.42481389518539,0.561703559223813,1.68931617101106,0.52716100552815,1.55993189998117,6.37608766685438,16.7383228043175,0.0424383651101048,0.323924265977938,2.46992234162646,4.15571443201537,2.88512775638805,3.25,0.0551380954837511,0.86738261972614,0.500455980907294,0.477992564943608,4.54611098790673,1.93578127859344,1.11803398874989,19.6833379864711,33.7298413366956,6.44,0.305172307692308,0.945,0.005,13.8286654735318,0.82123185476894,95.0118413672738
avoidanceSwerve,nominal,203,sharmaScenarioTunedPredictor,1,,0,1000,2,0.0658930682767256,0.147044905409014,2.70278093609971,0.146393005746023,1.25008418033973,1.70683017735239,7.55876804701421,0.637315574928786,1.52567469929388,0.632474547194295,1.54887821839241,7.61184062276684,18.344469452265,0.0549938553480774,0.403405500259009,3.14055873177625,4.74562988362214,3.66079076501281,3.25,0.0651595228172912,1.13720577464454,0.598695695248063,0.614946208356559,6.98614213021445,3.10510976309366,1.11803398874989,20.9425284646913,34.565637554154,Inf,0.298378461538462,0.811,0.005,13.8286654735318,0.82123185476894,95.0118413672738
avoidanceSwerve,nominal,204,sharmaScenarioTunedPredictor,1,,0,1000,2,0.0654170038615294,0.143743885711526,2.64037328484259,0.133891649577156,1.21247123142584,1.60317657308938,7.56844748822595,0.652231557935056,1.70624320894129,0.628995328170838,1.48237500280815,7.0218303387049,18.1759047195364,0.058579865872052,0.397603070838437,2.79753462627863,4.54121910702242,3.34988805295742,3.25,0.0620386817919887,1.00278393687282,0.599963116205232,0.575979062781426,5.23131119173363,2.23743650961571,1.11803398874989,19.9294131327062,31.7097020769623,6.5,0.298593846153846,0.814,0.005,13.8286654735318,0.82123185476894,95.0118413672738
avoidanceSwerve,nominal,205,sharmaScenarioTunedPredictor,1,,0,1000,2,0.0613514440695628,0.142370191611109,2.63009125295984,0.158844799608501,1.08601937074737,1.46586140338134,7.33221580222883,0.541242249188725,1.69764449135403,0.53753428256356,1.53061427521378,6.58423954770859,18.981979747087,0.0445028665662582,0.317467484315842,2.60251411975455,4.41902661115846,2.9071172852075,3.25,0.0555318708927682,0.845317302834209,0.509087068106781,0.532536505836953,4.30067371994511,1.90974706016323,1.11803398874989,19.938604090106,33.5197597625298,Inf,0.298741538461538,0.8,0.005,13.8286654735318,0.82123185476894,95.0118413672738
avoidanceSwerve,nominal,206,sharmaScenarioTunedPredictor,1,,0,1000,2,0.0557613656921117,0.146484433198847,2.68954395227285,0.155970491483855,1.14022931700641,1.66243431727619,7.36447578283377,0.484287986335245,1.4788657277799,0.462884191260577,1.40140327262779,7.57547357009272,15.4467060082678,0.0546754363053716,0.383737994580703,3.34085494424907,4.6746178933068,3.61348838295584,3.25,0.0478423926880388,1.05490738287788,0.449716004809754,0.394953079245129,7.48551483516752,3.60220972177969,1.11803398874989,20.438509910235,32.7318918931414,6.36,0.298753846153846,0.817,0.005,13.8286654735318,0.82123185476894,95.0118413672738
avoidanceSwerve,nominal,207,sharmaScenarioTunedPredictor,1,,0,1000,2,0.0595118030973466,0.142756702835951,2.70515825541184,0.135381731460386,1.05610103735284,1.41488755266522,7.43078825853683,0.539517338086045,1.42381073216219,0.495907047916413,1.28141782059878,6.29750511741402,17.4748401852291,0.0450070863217443,0.31223133213859,2.48726311685493,4.14995907715811,2.81930546736501,3.25,0.0584409875261265,0.872360359676839,0.551884765844792,0.492921478509551,4.41107661436906,1.9085418719082,1.11803398874989,20.8945507098736,34.3886803746222,Inf,0.299858461538462,0.817,0.005,13.8286654735318,0.82123185476894,95.0118413672738
avoidanceSwerve,nominal,208,sharmaScenarioTunedPredictor,1,,0,1000,2,0.0601008493400146,0.146897102917396,2.75137095061809,0.114315722255448,1.14909129482469,1.52309706580203,7.39051852574888,0.609150450903008,1.50819395754358,0.563910502208799,1.42861870292737,6.69559212881502,17.8182258549855,0.0506843582337705,0.363903037938742,2.66821542876609,4.22320665984718,3.12142335837181,3.25,0.0585419070029338,0.993360637953192,0.58926335364263,0.547267485872591,5.0606265240853,2.15330400561295,1.11803398874989,20.2855695325819,32.5413125098395,6.38,0.300956923076923,0.816,0.005,13.8286654735318,0.82123185476894,95.0118413672738
avoidanceSwerve,nominal,209,sharmaScenarioTunedPredictor,1,,0,1000,2,0.070248194984577,0.15384034376202,2.77361108419276,0.195839264500098,1.30533717480077,1.7379380724788,7.63054562131828,0.634996136676248,1.63902500884821,0.565434444094936,1.4069882217565,7.71167256486501,18.6692615462853,0.0478538466671487,0.361300965555531,3.08031948079045,4.50844363708281,3.48705168586678,3.25,0.0681954703413975,1.19242332417674,0.672511181440392,0.603907363378589,6.60244223123724,2.93261550945371,1.11803398874989,21.1016414367666,35.1996232022886,6.44,0.302009230769231,1.059,0.005,13.8286654735318,0.82123185476894,95.0118413672738
avoidanceSwerve,nominal,210,sharmaScenarioTunedPredictor,1,,0,1000,2,0.0611818531890257,0.139819718567727,2.64838139505231,0.193603008905436,1.14774371976899,1.59981501478281,7.52492632549326,0.392756573163417,1.21217487449551,0.369928350467153,1.07026075180365,7.42275056884108,17.2360448169159,0.050399656122279,0.360970654787125,3.05980563857625,4.48081890367559,3.40495589958091,3.25,0.0494360475329779,0.920503665808094,0.378193425791732,0.342250016024271,6.44568937924738,3.07846167870141,1.11803398874989,20.3408088629435,33.8590702848676,Inf,0.298310769230769,0.827,0.005,13.8286654735318,0.82123185476894,95.0118413672738
avoidanceSwerve,nominal,211,sharmaScenarioTunedPredictor,1,,0,1000,2,0.0635818847331107,0.143903076482205,2.6453865526037,0.144731390001327,1.21122195107634,1.62516230971197,7.4539002924539,0.51415417446841,1.67048139749619,0.493914855023374,1.73228141936472,7.36409005127324,17.5226805795217,0.0544541755605308,0.385428838517057,2.86446363776511,4.77517582834207,3.36151747946295,3.25,0.0625083320644653,1.00285250602408,0.466221358170549,0.444997305991912,5.46299541674687,2.09448438600925,1.11803398874989,20.1066174566364,33.8076112085401,6.46,0.298661538461539,0.815,0.005,13.8286654735318,0.82123185476894,95.0118413672738
avoidanceSwerve,nominal,212,sharmaScenarioTunedPredictor,1,,0,1000,2,0.0686894533883117,0.143520990673568,2.69125640527247,0.154943551652055,1.19749064816568,1.5756668926263,7.53364390585506,0.532934857070885,1.52154720598298,0.483883300856709,1.26505642685597,7.15119087682053,19.9241592908325,0.0429337336593282,0.333905676998675,2.73836229653641,4.39678240580232,3.12184099408171,3.25,0.0629492017198736,0.986059640304903,0.502647905932292,0.484068182625035,5.48104486648882,2.26064109229653,1.11803398874989,20.6314352980393,34.5197836886173,6.42,0.296267692307692,0.813,0.005,13.8286654735318,0.82123185476894,95.0118413672738
avoidanceSwerve,nominal,213,sharmaScenarioTunedPredictor,1,,0,1000,2,0.0548240300111783,0.13901754054013,2.63904422014808,0.116553361615935,1.06618194907481,1.40766545925156,7.4250129493826,0.512330068302191,1.56466727150888,0.494759802723389,1.77010694491649,6.29974043299585,17.8893879504886,0.0434112892753494,0.307082865746591,2.39939582906285,4.39071174604922,2.77247255108598,3.25,0.0464978326206533,0.811221673645748,0.494796894837824,0.49971259150239,3.80348109660463,1.61412173349254,1.11803398874989,20.5611437139218,34.7566005389402,5.88,0.299836923076923,0.828,0.005,13.8286654735318,0.82123185476894,95.0118413672738
avoidanceSwerve,nominal,214,sharmaScenarioTunedPredictor,1,,0,1000,2,0.0651403311266513,0.141835865908828,2.66572735315497,0.156735568247256,1.20182996427227,1.53145641729577,7.51812481146519,0.5804407612166,1.61683527696314,0.474564174349444,1.30153201208913,6.78792788418395,16.8101357502205,0.0549730730723202,0.389032249254037,2.50648473478425,4.07521932240774,3.12699091444003,3.25,0.0575960693367057,1.07746936906325,0.503889219226843,0.421990419668609,6.25941891576968,2.53005329729101,1.11803398874989,20.0898941510977,32.0731119518409,6.5,0.300012307692308,0.807,0.005,13.8286654735318,0.82123185476894,95.0118413672738
avoidanceSwerve,nominal,215,sharmaScenarioTunedPredictor,1,,0,1000,2,0.0626681095218177,0.140977831235473,2.69741835486938,0.132150531833492,1.18153725582744,1.53608794972601,7.46137073379213,0.602844920948291,1.78520520226123,0.55202999398497,1.67283845667458,6.78204591113295,18.3057639119136,0.0636236086029391,0.427569519750098,2.61152589650395,4.22494220220358,3.1760557818404,3.25,0.0581989917236881,0.981995084077838,0.548696819824354,0.476964423049665,5.13013777073297,2.11223681118139,1.11803398874989,20.8066602938209,34.402134209814,6.44,0.299941538461538,0.788,0.005,13.8286654735318,0.82123185476894,95.0118413672738
avoidanceSwerve,nominal,216,sharmaScenarioTunedPredictor,1,,0,1000,2,0.0674170853735848,0.145130598782482,2.66013939668287,0.114945049390276,1.1791737766123,1.5812148922227,7.618180274161,0.512093502836674,1.28858044359509,0.47251744908311,1.20916645338743,7.16943001774691,20.4615839575714,0.0429287759392436,0.31870087570762,2.82067771865901,4.38197355416432,3.04403012782732,3.25,0.0636539409732587,0.984619533555775,0.529882906099103,0.490643083368195,5.37140861284099,2.34556957924903,1.11803398874989,20.5956126724725,33.3951503162876,Inf,0.301243076923077,0.826,0.005,13.8286654735318,0.82123185476894,95.0118413672738
avoidanceSwerve,nominal,217,sharmaScenarioTunedPredictor,1,,0,1000,2,0.0576392657163212,0.148878614446907,2.73403149641487,0.143998784758529,1.03684573480179,1.39692929422798,7.41693861769823,0.510401833329145,1.52469818499977,0.492761251064792,1.3532175418877,6.26297753894796,16.964072291615,0.0448412490500328,0.320885528916264,2.49744378146322,3.85194219738958,2.79353272287734,3.25,0.0544072029729418,0.865329496293764,0.483750251214897,0.470357462851783,4.87158996670794,2.13688811968593,1.11803398874989,20.6561376375125,33.881238316631,6.12,0.300932307692308,0.793,0.005,13.8286654735318,0.82123185476894,95.0118413672738
avoidanceSwerve,nominal,218,sharmaScenarioTunedPredictor,1,,0,1000,2,0.0672604899243044,0.143106523997996,2.65558186831891,0.142480839050843,1.22788434533249,1.62208791078794,7.526043689297,0.575364673379572,1.61442818896171,0.533833116285659,1.45585067686487,7.24927438288969,17.411529945427,0.058768478906822,0.398619184296432,2.89842332506079,4.19766092325869,3.24808802939905,3.25,0.0663555474593964,1.11106583650442,0.594296291595091,0.549559028004118,6.11798574722702,2.61242379682478,1.11803398874989,20.644990417286,35.1425106747576,6.14,0.297984615384615,0.799,0.005,13.8286654735318,0.82123185476894,95.0118413672738
avoidanceSwerve,nominal,219,sharmaScenarioTunedPredictor,1,,0,1000,2,0.0591783566721939,0.147215127966752,2.76658612439036,0.13762726339112,1.15080936062108,1.54855442032283,7.4819765398735,0.45448495191601,1.50146013427902,0.42027265779812,1.40649528714092,7.11807038210977,19.153856275272,0.052283458885234,0.370223801667331,2.76914214966344,4.61506366370676,3.19841328663918,3.25,0.0581118794061375,0.969024023810969,0.431927987949666,0.440032153294208,5.26366066384768,2.10549049111045,1.11803398874989,21.1834640948039,35.2008591130026,6.44,0.297116923076923,0.797,0.005,13.8286654735318,0.82123185476894,95.0118413672738
avoidanceSwerve,nominal,220,sharmaScenarioTunedPredictor,1,,0,1000,2,0.0600853083550161,0.139842818124323,2.64912471470757,0.122469473151291,1.11136828803126,1.54282027209134,7.45579134146109,0.570493292446609,1.6931600750865,0.533362279351436,1.60014339820384,6.88876747639083,17.5033535851064,0.0510386540472811,0.347873398872551,2.90157846204911,3.90277332122489,3.19382975203164,3.25,0.0597136391757452,0.960420322748541,0.589396707659334,0.552950994106464,5.78117305931566,2.80668039797866,1.11803398874989,20.8960360014292,34.1396253284925,Inf,0.301486153846154,0.811,0.005,13.8286654735318,0.82123185476894,95.0118413672738
lowRelativeVelocity,nominal,201,sharmaScenarioTunedPredictor,1,,0,1000,2,0.0269115901513628,0.0955754505460818,0.57719527655678,0.080517181793578,0.360593261529505,0.110144006511748,0.100144018622359,0.0566756300765177,0.146110712072568,0.060314147499625,0.19417820845437,0.353441600755112,1.21006276050301,0.022520946357066,0.0620480385014857,1.12224369325141,1.78882230079779,1.28200402816061,6,0.0283308428395638,0.241552103644167,0.0547244292334746,0.0570906516192763,0.260821424532791,0.853908299840254,1.11803398874989,3.70818900333108,2.06654383862256,0.88,0.298738333333333,0.873,0.005,0,0,33.600000000071
lowRelativeVelocity,nominal,202,sharmaScenarioTunedPredictor,1,,0,1000,2,0.0247786288845165,0.093451492810194,0.567639699102833,0.0566161774630303,0.350415293092341,0.102582626436861,0.0945359065926709,0.0546745566665009,0.176570041379193,0.0503979425239226,0.205118455078924,0.324832633445564,1.19854277236894,0.022272991270734,0.0566417661627339,1.11296700479763,1.75702631105401,1.25660308938544,6,0.0249778838315687,0.235447167689829,0.0514750421085063,0.0467509396160924,0.245545912590162,0.849735346542916,1.11803398874989,3.72668217303855,2.05709387782257,0.88,0.297321666666667,0.853,0.005,0,0,33.600000000071
lowRelativeVelocity,nominal,203,sharmaScenarioTunedPredictor,1,,0,1000,2,0.0272571196325228,0.092295923493646,0.572763652638333,0.0625780491905338,0.357092209938357,0.11009356027585,0.102450753989676,0.0592250490376907,0.156624454403273,0.0600216715932754,0.213578005214029,0.347190335382171,0.956469138737015,0.0208332083599679,0.0586279155857411,1.11955961478225,1.78289449422803,1.26499325517453,6,0.029354370748391,0.241823169679716,0.0593810605032495,0.0561844117188009,0.261230205779061,0.857090976239381,1.11803398874989,3.59453435519446,2.0485799273488,0.9,0.300581666666667,0.855,0.005,0,0,33.600000000071
lowRelativeVelocity,nominal,204,sharmaScenarioTunedPredictor,1,,0,1000,2,0.0243250624519267,0.0900797657578469,0.568082535802681,0.0536646478853498,0.355447435243159,0.109095251510463,0.0983099675394722,0.0548716508468883,0.148769656385264,0.0529749964777037,0.221986312129442,0.352933269391184,1.20991742093779,0.021305820390202,0.0574661348772875,1.10424592391523,1.7630035851894,1.2503651726816,6,0.0219129575538285,0.236807078239204,0.0497403594834489,0.0435495823784785,0.231094519706256,0.836620794767864,1.11803398874989,3.65534451839093,2.09647141715058,0.88,0.304513333333333,0.849,0.005,0,0,33.600000000071
lowRelativeVelocity,nominal,205,sharmaScenarioTunedPredictor,1,,0,1000,2,0.0238267881548735,0.0937463098355948,0.575677806536296,0.0529250359266176,0.35722828323398,0.105579105896086,0.100242039353797,0.057752775458688,0.174905215878105,0.0593407163724785,0.206510280780232,0.330646701383104,1.09194253035984,0.0212139560704868,0.0596207322677609,1.13128662497868,1.78729249994831,1.27914699048275,6,0.0238606533715268,0.238435170781547,0.0488737311362641,0.0488648568501693,0.229724240755683,0.87588182020858,1.11803398874989,3.66944634391459,1.953312533794,0.88,0.30493,0.869,0.005,0,0,33.600000000071
lowRelativeVelocity,nominal,206,sharmaScenarioTunedPredictor,1,,0,1000,2,0.0254821459025258,0.0943832337774613,0.576719601998558,0.0578466660422725,0.34913836866449,0.102605958263471,0.0957457424098056,0.0557391568373352,0.151947209841808,0.0559173147153581,0.209497174846921,0.322453216938026,1.07868295743847,0.0221716280493157,0.0572979368920271,1.11228923185356,1.76720385620517,1.255470452476,6,0.0248697515983461,0.235819622730958,0.0516306442527188,0.0495336424675304,0.239377974241342,0.848775415149166,1.11803398874989,3.72651490680936,2.03727565484113,0.86,0.298898333333333,0.832,0.005,0,0,33.600000000071
lowRelativeVelocity,nominal,207,sharmaScenarioTunedPredictor,1,,0,1000,2,0.0237424835048985,0.0923539208660722,0.574397395438358,0.0505118949561952,0.355472358830276,0.102204086572897,0.0949994089097083,0.0485510474834401,0.146732159662578,0.0492655417087507,0.167322411199653,0.33650449175804,1.13135663614073,0.0198298535506621,0.056089793697418,1.12981836982967,1.78748372133447,1.2783897535352,6,0.0221555881489898,0.243189070042377,0.0476922498133713,0.0454232598097398,0.241053970791104,0.869861008723761,1.11803398874989,3.67026750604752,2.00311475352501,0.86,0.305171666666667,0.858,0.005,0,0,33.600000000071
lowRelativeVelocity,nominal,208,sharmaScenarioTunedPredictor,1,,0,1000,2,0.0266784985427602,0.0948459319491582,0.575597167625276,0.0679775369942157,0.351676861800534,0.102089655662838,0.0985334953335772,0.0500220993292649,0.146485931227433,0.0487346347368937,0.155109734565594,0.33310550363675,1.17202421392787,0.0232389010418063,0.0593437688779601,1.11190617315726,1.77447040680104,1.25759028479466,6,0.0248463598579235,0.238321352323876,0.0426991719502662,0.0418647936649911,0.242892500061247,0.839930698794861,1.11803398874989,3.71201019738308,2.03740529829736,0.9,0.304171666666667,0.955,0.005,0,0,33.600000000071
lowRelativeVelocity,nominal,209,sharmaScenarioTunedPredictor,1,,0,1000,2,0.0254300732761149,0.090958110010758,0.568256741317606,0.0583171954027502,0.36232253574426,0.111220535857481,0.104813455944322,0.0505846226120559,0.148754908768135,0.0536707782516215,0.171811054232617,0.370611496142634,1.14851351548008,0.0209765169567958,0.0585952603171603,1.13112119156838,1.78660508504144,1.27977740693685,6,0.024930284570086,0.243937945452972,0.0468776868025651,0.0458823844200645,0.261048480160214,0.877171206134471,1.11803398874989,3.6276407876036,2.08767578400719,0.92,0.303008333333333,0.864,0.005,0,0,33.600000000071
lowRelativeVelocity,nominal,210,sharmaScenarioTunedPredictor,1,,0,1000,2,0.0238428040554639,0.0929525180010789,0.56904483864066,0.0561662381201855,0.351221098908049,0.0972752751576792,0.0979673320434562,0.0491913946402744,0.14089976365303,0.0520713984547366,0.218555617061331,0.313976542810688,1.15263736770309,0.0218019264538864,0.0577000054037167,1.11202354024391,1.76977226989055,1.2539376779921,6,0.0238515338348501,0.238618424720818,0.0468853939087386,0.0438067966504406,0.226284029072948,0.840588746884329,1.11803398874989,3.71927297004807,2.03273923132314,0.88,0.303891666666667,0.952,0.005,0,0,33.600000000071
lowRelativeVelocity,nominal,211,sharmaScenarioTunedPredictor,1,,0,1000,2,0.0229947187387476,0.0926988514831658,0.562809584575774,0.0574631273357135,0.353915614645559,0.102282859194833,0.0944373989223247,0.0499760254989639,0.15147565708903,0.0511826902120804,0.205265923409221,0.333895217060796,1.15535868122611,0.0242026411552825,0.0588835399681007,1.11648815683351,1.79398598575669,1.26058640932324,6,0.0222318604735359,0.236894510807554,0.0453824386345196,0.0430295983459212,0.21621780480852,0.847726220498612,1.11803398874989,3.74358579698582,2.00084315246752,0.88,0.303611666666667,0.894,0.005,0,0,33.600000000071
lowRelativeVelocity,nominal,212,sharmaScenarioTunedPredictor,1,,0,1000,2,0.0259416432334062,0.0921339068856951,0.57241865327182,0.0536279364556659,0.356605501937291,0.10447862236734,0.0995000282675403,0.0557790704333124,0.149850523657413,0.0585479916184249,0.214362171915196,0.330547280149474,1.16475609520271,0.0219321295966005,0.057977591202396,1.12032980086287,1.79654885404135,1.26953815214104,6,0.0239242185879499,0.243739739540515,0.049483778596156,0.0459902222805887,0.245201325664086,0.850448264850667,1.11803398874989,3.69904081419817,2.02701413333427,0.86,0.299671666666667,0.859,0.005,0,0,33.600000000071
lowRelativeVelocity,nominal,213,sharmaScenarioTunedPredictor,1,,0,1000,2,0.0262984711823408,0.0939061381824764,0.57127232362606,0.063686679459093,0.351262559565353,0.104352787588891,0.099146114761613,0.0563304535927183,0.149108286304184,0.0543086903963676,0.171296225086446,0.328659158004046,1.13880817336364,0.0198285427513862,0.0550992692232063,1.1045889361231,1.77236517359091,1.24531303609622,6,0.0243935882105916,0.239358504278243,0.0524281288804346,0.0455920494827699,0.247695354577216,0.828288704861996,1.11803398874989,3.68112803672689,1.93719905592024,0.86,0.299388333333333,0.856,0.005,0,0,33.600000000071
lowRelativeVelocity,nominal,214,sharmaScenarioTunedPredictor,1,,0,1000,2,0.0227162479125626,0.0933164746437086,0.578157207069633,0.0538666756137832,0.352068395659017,0.0985059240352525,0.0941581910427691,0.0519889444426684,0.147655393686282,0.0519630707023257,0.171163456016448,0.313056198032944,0.994209443393638,0.0204870090940581,0.0548128578513648,1.11931737563585,1.77947133031402,1.26058512598311,6,0.0209145178110642,0.232039699941864,0.0458391906382208,0.0417118137233197,0.214541063375142,0.848205619403906,1.11803398874989,3.73906828317003,2.01691180061738,0.86,0.299901666666667,0.856,0.005,0,0,33.600000000071
lowRelativeVelocity,nominal,215,sharmaScenarioTunedPredictor,1,,0,1000,2,0.0242186845118312,0.0936622072193232,0.574563646661084,0.0539695481015502,0.357837366698445,0.108659574823539,0.101783664829973,0.0589503038652523,0.165401160819771,0.0588278312450314,0.192629368228166,0.341490768102533,1.22771863599365,0.0217575829021595,0.0578311747396432,1.1157695581907,1.7840311807209,1.26217364645341,6,0.0243506660585414,0.242846508094789,0.055519145693915,0.0539829984837299,0.229092538225645,0.854372517890791,1.11803398874989,3.72546749851324,1.98275089388283,0.88,0.305223333333333,0.869,0.005,0,0,33.600000000071
lowRelativeVelocity,nominal,216,sharmaScenarioTunedPredictor,1,,0,1000,2,0.0268584673623713,0.0966526500917388,0.574442456308227,0.0543749852470554,0.358912856597653,0.103724982239259,0.0946250881931088,0.0546441065025145,0.182561631886538,0.0536526638954265,0.198335161660818,0.329919484790913,1.15781371712303,0.018479441154535,0.056292317492191,1.12974004211145,1.80102974138901,1.27683116117302,6,0.0268162812334435,0.244069309899171,0.053722764347232,0.0475011852644166,0.2312176539549,0.860027324310219,1.11803398874989,3.68952716836692,2.01797230246412,0.86,0.301103333333333,1.009,0.005,0,0,33.600000000071
lowRelativeVelocity,nominal,217,sharmaScenarioTunedPredictor,1,,0,1000,2,0.024418862088396,0.0950471164430451,0.576008890190876,0.0593643283102873,0.352399566150485,0.107848193905058,0.0939415771062397,0.0564747288001177,0.166075440865269,0.0533296361341227,0.187519523454908,0.343895801634269,1.37940281406205,0.021233217480445,0.0585835429315323,1.10054610993318,1.77903524876214,1.25162885230331,6,0.0227469877776945,0.236475063424492,0.0588444700673998,0.0509842253020946,0.21871791584763,0.840204384523119,1.11803398874989,3.643178839222,2.06489609532071,0.84,0.302395,0.895,0.005,0,0,33.600000000071
lowRelativeVelocity,nominal,218,sharmaScenarioTunedPredictor,1,,0,1000,2,0.0263209350010555,0.0938553277848661,0.575996520105147,0.064402415963739,0.35491416240469,0.107157928049858,0.0993638907880253,0.0556495920874806,0.210801214747422,0.0565423440360917,0.18206190753048,0.342720140049715,1.17998655576063,0.0239396724004025,0.0571961105994556,1.11696813523141,1.77779660200511,1.25762969245486,6,0.0248619715228707,0.243690055811966,0.0506155641169539,0.0479566138251725,0.249691849225775,0.862702555885135,1.11803398874989,3.64892851876953,2.07470882082572,0.9,0.302576666666667,0.873,0.005,0,0,33.600000000071
lowRelativeVelocity,nominal,219,sharmaScenarioTunedPredictor,1,,0,1000,2,0.0229959263166696,0.0935023232392857,0.574048954636907,0.0535256407146325,0.345744242308199,0.098353583824451,0.0905284883166272,0.0499736332583612,0.165087733424013,0.0469696552129108,0.189711831072352,0.317045556807029,0.955240437786278,0.0213266129150224,0.0548545250122296,1.09959232034775,1.76259613617237,1.23845141326084,6,0.0233127958839693,0.232311908410593,0.0464477862694299,0.0423448753577039,0.239723429097616,0.839760154167652,1.11803398874989,3.67379013919391,2.07824823190306,0.84,0.296861666666667,0.855,0.005,0,0,33.600000000071
lowRelativeVelocity,nominal,220,sharmaScenarioTunedPredictor,1,,0,1000,2,0.0246280683710087,0.0911172469840609,0.568949413552866,0.0572964319126575,0.352207358750613,0.0975938003505413,0.0955551622329735,0.0537164731157749,0.166372156384895,0.0549123901711459,0.166635889051484,0.304730551091412,1.00809737384723,0.0195165386004919,0.0563453150990152,1.1282569777065,1.7825793492941,1.27365358062443,6,0.0232240092020639,0.241733855785834,0.0462302611959097,0.0431466487186491,0.205502139624037,0.874340695242223,1.11803398874989,3.68991758607604,2.10101824872524,0.86,0.302521666666667,0.849,0.005,0,0,33.600000000071
aggressiveEgo,nominal,201,sharmaScenarioTunedPredictor,1,,0,1000,2,0.0468967473779454,0.08706840932899,0.72388290432938,0.105005031413392,0.913454503169581,0.427967885568829,3.13151593453195,0.270627563454367,0.793040571232746,0.316384456576379,0.789033431371086,1.45010827764942,4.74731897328064,0.0349673824047365,0.231736160151061,3.85302466211879,7.9494835220263,3.9262110216783,6,0.0495172781207677,1.03981741846053,0.267113931112274,0.32663367752715,1.57299637490334,4.53507980324375,1.11803398874989,12.2245365838865,9.55533422358517,Inf,0.309926666666667,0.865,0.005,2.81539219079187,0.234,43.1856010776553
aggressiveEgo,nominal,202,sharmaScenarioTunedPredictor,1,,0,1000,2,0.0451780505400431,0.0862872452032415,0.733296687852488,0.107490914070528,0.966333899970697,0.436590477764945,3.13468021330052,0.278574446142097,0.951732711083816,0.314618444724845,0.869850079952996,1.46679437153132,4.12252242310242,0.0365886897730898,0.238248861138655,4.19684251772549,7.56238405158997,4.22590728718576,6,0.0479344761351791,1.04018886824822,0.287391065077817,0.332439475182766,1.64259680310232,4.63211692725236,1.11803398874989,11.9524498165836,9.45479082197797,Inf,0.304925,0.882,0.005,2.81539219079187,0.234,43.1856010776553
aggressiveEgo,nominal,203,sharmaScenarioTunedPredictor,1,,0,1000,2,0.0497159730365579,0.0849925230114823,0.725695523038197,0.119102156246213,0.963400250269934,0.44928741051746,3.13578447804968,0.291956872626369,1.00370124112365,0.318140002409908,0.765114457374841,1.49735440382762,4.54972142739338,0.0376595777535682,0.245152259467236,4.10891584542831,9.10698104621991,4.16419733133071,6,0.0547858800137397,1.14287603438243,0.319532848432503,0.335093181678832,1.57338411853779,5.14780137197473,1.11803398874989,12.0176952230544,9.29295529729625,Inf,0.299533333333333,0.899,0.005,2.81539219079187,0.234,43.1856010776553
aggressiveEgo,nominal,204,sharmaScenarioTunedPredictor,1,,0,1000,2,0.0448886974793525,0.0842776438683301,0.745325677200769,0.10074315440989,0.911235278293545,0.419712701362957,3.13793641462864,0.275444959667661,0.756866276901189,0.329004149686941,0.877702464944386,1.38347592410896,5.04116252430786,0.0360820470347813,0.237889795345024,3.91249212064352,8.52713609733528,3.95341928203349,6,0.0456476660915863,1.07327610243725,0.288669762353401,0.336093859791308,1.48886136736289,4.77139172293224,1.11803398874989,11.7178853615609,9.16846208750535,Inf,0.30039,0.867,0.005,2.81539219079187,0.234,43.1856010776553
aggressiveEgo,nominal,205,sharmaScenarioTunedPredictor,1,,0,1000,2,0.044658847500771,0.084521426526884,0.738864478993257,0.0993716522124715,0.928215847484878,0.432756641159285,3.13062347253408,0.267166246603841,0.942827307247887,0.322657916968622,0.85488972305216,1.48961993945775,5.05854602323377,0.0379206040006838,0.239169150718448,4.00029362419195,8.61368586284359,4.02763147171229,6,0.046438471008538,1.09035540652834,0.281032965073585,0.336731672422405,1.6162633618254,4.88805228993962,1.11803398874989,11.9667855133801,9.56148448033163,Inf,0.305935,0.88,0.005,2.81539219079187,0.234,43.1856010776553
aggressiveEgo,nominal,206,sharmaScenarioTunedPredictor,1,,0,1000,2,0.0459051241297026,0.0863371982072706,0.741014336893157,0.0981521685838737,0.910984529071163,0.423893372552116,3.1367857418336,0.276207171613663,0.82744604569133,0.316030948732542,0.751960495509977,1.403025733976,4.28939687555034,0.037480191450612,0.241862407581122,3.88133620387135,8.17635036023173,3.92676602225782,6,0.0484218816318878,1.06861325490169,0.29397094128236,0.331161448700512,1.55390412152324,4.64727251742597,1.11803398874989,11.808170966947,9.41692005917133,Inf,0.300475,0.863,0.005,2.81539219079187,0.234,43.1856010776553
aggressiveEgo,nominal,207,sharmaScenarioTunedPredictor,1,,0,1000,2,0.0431957017851118,0.0824612995177587,0.729327233557305,0.108431473929677,0.949731139231862,0.416447546978041,3.13329925719766,0.262715032081643,0.835278265245909,0.312820133712985,0.748945543834038,1.41468066884211,4.7772771615517,0.0360826009920054,0.237751591613704,3.98932405538613,8.75592933230194,4.09969696523281,6,0.0453875255361478,1.12043808022928,0.283922619535683,0.331555622934993,1.45674508376185,4.92762021951402,1.11803398874989,11.9371033197474,9.12993125572116,Inf,0.311011666666667,1.769,0.005,2.81539219079187,0.234,43.1856010776553
aggressiveEgo,nominal,208,sharmaScenarioTunedPredictor,1,,0,1000,2,0.0479345051867947,0.086539662629998,0.738693107164562,0.105100825933521,0.931631192454418,0.427664699991245,3.14099921793109,0.264031265419941,0.91547777875194,0.311056957490076,0.894015665950368,1.47140546766085,5.06843118567627,0.0363269931491544,0.238964948333332,4.00686975036438,8.77866327963141,4.04364480608414,6,0.0502338943849095,1.08553477027893,0.284190032628848,0.32871954968695,1.59315014859845,4.8033456487263,1.11803398874989,11.8257782138543,9.08242606805768,Inf,0.305521666666667,0.874,0.005,2.81539219079187,0.234,43.1856010776553
aggressiveEgo,nominal,209,sharmaScenarioTunedPredictor,1,,0,1000,2,0.0464779189355373,0.0846506922014244,0.729757076967351,0.0951292340711266,0.957898064093136,0.444812929498341,3.13879205974795,0.276570006960129,0.806840413300387,0.323194387757161,0.753316198361324,1.53119839593399,4.73094221361877,0.0358631100827144,0.234974761909468,4.09856984826681,9.32936746745708,4.14669535252719,6,0.048022362890291,1.12721133620859,0.298706760627552,0.326228737263169,1.55961632749569,5.11429994575033,1.11803398874989,11.9802935563558,9.36391285621085,Inf,0.30316,0.863,0.005,2.81539219079187,0.234,43.1856010776553
aggressiveEgo,nominal,210,sharmaScenarioTunedPredictor,1,,0,1000,2,0.0428097222151316,0.0850591790833745,0.720263341089022,0.112981485931966,0.917864276194983,0.426526042094169,3.13410468450075,0.259523143565936,0.727856349519039,0.316607736307927,0.713642252152392,1.48019247321453,4.50635730858721,0.0362063097737268,0.241829815308748,3.90740170022834,8.71629084472894,3.99023028419634,6,0.044304102122375,1.07041560585995,0.280733226460121,0.331155044889344,1.56446143473045,4.80569323343137,1.11803398874989,12.0872093917245,9.20937996002009,Inf,0.299475,0.864,0.005,2.81539219079187,0.234,43.1856010776553
aggressiveEgo,nominal,211,sharmaScenarioTunedPredictor,1,,0,1000,2,0.0414653757685491,0.0835324398556185,0.722560184383315,0.0980826551616151,1.00215411846693,0.442630962009747,3.123281965876,0.282438425661019,0.862227292240645,0.319236567552046,0.83828116255256,1.49699763699157,4.07667350154279,0.0362241784889547,0.235243165326744,4.34498581580877,9.63344605468132,4.40187395726428,6,0.042294445924445,1.16793667987299,0.315866497925593,0.325686022654508,1.518750441393,5.42505055634601,1.11803398874989,11.9385295785356,9.10851242476069,Inf,0.300605,0.892,0.005,2.81539219079187,0.234,43.1856010776553
aggressiveEgo,nominal,212,sharmaScenarioTunedPredictor,1,,0,1000,2,0.0444201176822096,0.0846860843105911,0.745049063493325,0.0951113412615568,0.93810154898675,0.440216734297355,3.13206859498441,0.285016952317371,0.880653784652623,0.327624484546588,0.805567831633423,1.46803360378552,3.89115933347397,0.0358348623589028,0.235144818934681,4.07612721230707,9.28819356299409,4.09706391011764,6,0.0450040075300407,1.11302593761608,0.298871109063493,0.338618547387161,1.56667536417213,5.10901968644146,1.11803398874989,12.1134688075336,9.51936773141649,Inf,0.29923,0.862,0.005,2.81539219079187,0.234,43.1856010776553
aggressiveEgo,nominal,213,sharmaScenarioTunedPredictor,1,,0,1000,2,0.0459626974119775,0.0845705478595165,0.741628733706238,0.101536231699331,0.93788409200884,0.424562265707263,3.13313942597554,0.286682930001078,0.845801686323268,0.306197974388116,0.723123265521601,1.37300186549641,4.45062568385142,0.0362060643817836,0.23739965032801,4.05740040154512,9.04550838455659,4.08555342052501,6,0.0463672328033035,1.1036326298552,0.308458752164872,0.315322982546306,1.43681020048226,4.97781756755725,1.11803398874989,11.7349624306304,9.12740315982205,Inf,0.299036666666667,0.867,0.005,2.81539219079187,0.234,43.1856010776553
aggressiveEgo,nominal,214,sharmaScenarioTunedPredictor,1,,0,1000,2,0.0433847912312305,0.0849588577617635,0.752547409440746,0.103828341906393,0.920544440106957,0.407065033192059,3.12719846252455,0.268387655584484,0.720388664362462,0.311733530932841,0.811347773524471,1.33878469573764,3.91334921262303,0.0366538530406334,0.238468585674486,3.89249345787799,8.11615722030486,3.94235091617375,6,0.046186612002134,1.05825777904102,0.273558316365869,0.324987021543765,1.43221235072017,4.64024861842934,1.11803398874989,11.9249944269003,9.11141486329248,Inf,0.30091,0.841,0.005,2.81539219079187,0.234,43.1856010776553
aggressiveEgo,nominal,215,sharmaScenarioTunedPredictor,1,,0,1000,2,0.0445103638893743,0.0862446161583508,0.741198080841534,0.112950324855226,0.922241133511753,0.429896628567424,3.13179052509701,0.275051111637281,0.861745772402935,0.31649806841388,0.817748147355291,1.44523496475782,4.50960359699401,0.038694913214755,0.246364152780174,3.97588511558736,8.79036175213349,4.07606892149018,6,0.0477959208362886,1.1011151657317,0.299405443626347,0.326734357024443,1.58491270685947,4.86273827590186,1.11803398874989,12.2150924680532,9.15169783229668,Inf,0.302153333333333,0.853,0.005,2.81539219079187,0.234,43.1856010776553
aggressiveEgo,nominal,216,sharmaScenarioTunedPredictor,1,,0,1000,2,0.0442008510247002,0.0855869801138896,0.72668901579641,0.111670228665416,0.933865759651421,0.421763290176231,3.12832370264654,0.279052472132411,0.731118930314612,0.324777957562161,0.89911795234212,1.38205691118738,4.24644293196602,0.0363091258711057,0.235855968517119,4.0533409425431,7.71843496509423,4.09361476418981,6,0.0484614010398184,1.02946079155947,0.275840188462017,0.33746003133594,1.5245033020792,4.566612053291,1.11803398874989,11.7988925783854,8.9836472334111,Inf,0.30026,0.87,0.005,2.81539219079187,0.234,43.1856010776553
aggressiveEgo,nominal,217,sharmaScenarioTunedPredictor,1,,0,1000,2,0.0430456718205951,0.084904989786121,0.757150192220986,0.109217579665882,0.951361512847561,0.437484822537563,3.13265310452849,0.303666210786593,0.890911320128355,0.328473555012138,0.918972429783421,1.38353405248011,4.12921451550704,0.0367053776525406,0.245830273844717,4.03762045725777,9.10977735047639,4.11009246082832,6,0.0442462882761222,1.12642070664227,0.333255772354173,0.340167293994776,1.41047721558158,5.02314384332066,1.11803398874989,11.8669165724386,9.27991924260215,Inf,0.304536666666667,0.894,0.005,2.81539219079187,0.234,43.1856010776553
aggressiveEgo,nominal,218,sharmaScenarioTunedPredictor,1,,0,1000,2,0.0458347173824973,0.0858984366943616,0.737436954161687,0.114566289354844,0.903497439291388,0.421080570646744,3.14420685321508,0.281737991232407,0.917733948130834,0.327250842810171,0.906252575127788,1.36993148004008,3.94592080159223,0.0359496312873424,0.233281186859388,3.82933821236266,8.10048590516954,3.89827737909093,6,0.047898270554337,1.05044138612849,0.282350138293058,0.327151737108904,1.45806856354634,4.56778087994184,1.11803398874989,12.1396265023046,9.77242358324365,Inf,0.314146666666666,0.881,0.005,2.81539219079187,0.234,43.1856010776553
aggressiveEgo,nominal,219,sharmaScenarioTunedPredictor,1,,0,1000,2,0.0426818685123563,0.0846176561147951,0.725880221611786,0.0940831265067627,0.923744604691916,0.424187047661732,3.13449793063171,0.262315193388857,0.752793282432449,0.325101308631659,0.746971218276511,1.46238343892872,4.98094555838609,0.0382530712721073,0.244149881059676,3.95060789312664,8.82854822579775,4.01045305138267,6,0.0449959828714631,1.09921402234179,0.291977195240448,0.343194673709068,1.5244336126288,4.93909848159741,1.11803398874989,12.0385194738906,9.41556273386869,Inf,0.30173,0.871,0.005,2.81539219079187,0.234,43.1856010776553
aggressiveEgo,nominal,220,sharmaScenarioTunedPredictor,1,,0,1000,2,0.044429675722908,0.084854827072147,0.710908196048229,0.108739402681178,0.974344545060159,0.426052502672159,3.12008093347151,0.267419615747882,0.920192048270577,0.310692514813738,0.832680714194213,1.44460265941823,5.069485689168,0.0367089113645835,0.239410797702909,4.2409797245186,6.52703681413911,4.30330709590153,6,0.0441136346655725,1.01707024176663,0.273447559339702,0.321622802436061,1.64421760860202,4.46733235181597,1.11803398874989,12.2104327371236,9.54684970209277,Inf,0.301476666666667,0.881,0.005,2.81539219079187,0.234,43.1856010776553
