time,errorX,errorY,positionError,fittedHeadingRad,valid
0.000000000000000000e+00,-3.025721471495046444e-02,-1.248063173722911839e-01,1.284216332957172912e-01,7.016306003451155959e-04,1.000000000000000000e+00
2.000000000000000042e-02,-2.395858793863148151e-02,-2.717719511432961088e-01,2.728259653409976782e-01,-6.544520132886377795e-02,1.000000000000000000e+00
4.000000000000000083e-02,-2.707197582198261898e-02,9.998703046746890144e-02,1.035871523723312232e-01,-1.566726126341455583e-02,1.000000000000000000e+00
5.999999999999999778e-02,-5.345470755042747157e-02,-2.383019162280242687e-01,2.442236864787075135e-01,-4.205729194233898127e-02,1.000000000000000000e+00
8.000000000000000167e-02,-5.149776966511865339e-02,-2.503564705694882875e-01,2.555980880924046961e-01,-4.393430070592563297e-02,1.000000000000000000e+00
1.000000000000000056e-01,-3.064604778047375078e-02,2.957891101367908226e-01,2.973724565592409386e-01,6.347120479743528776e-02,1.000000000000000000e+00
1.199999999999999956e-01,-3.880322226492438631e-02,-2.988311298934758775e-01,3.013398982072446608e-01,-5.965639235779329752e-02,1.000000000000000000e+00
1.400000000000000133e-01,-1.708087793421597667e-02,2.538962718961685905e-01,2.544701815022277769e-01,3.881668398945326004e-02,1.000000000000000000e+00
1.600000000000000033e-01,-2.989994054106048793e-02,1.994234030792571555e-01,2.016524240867707263e-01,9.784307505275702255e-03,1.000000000000000000e+00
1.799999999999999933e-01,-3.401488241664019085e-02,-1.247175535410849634e-01,1.292728911531387248e-01,-7.797382618780313024e-02,1.000000000000000000e+00
2.000000000000000111e-01,-5.279854166017550199e-02,1.702008635505133649e-01,1.782021884118760169e-01,1.149908493034286217e-01,1.000000000000000000e+00
2.200000000000000011e-01,-1.653110369873189711e-02,5.573378559812752764e-02,5.813374447424039110e-02,5.663026736792753368e-02,1.000000000000000000e+00
2.399999999999999911e-01,-3.256071502586443955e-02,-1.975721147846579151e-02,3.808605477599871780e-02,2.361552085468643369e-02,1.000000000000000000e+00
2.600000000000000089e-01,-4.056363454101408195e-02,-4.616031159121057603e-02,6.145065348207942590e-02,-5.812317089485663502e-02,1.000000000000000000e+00
2.800000000000000266e-01,-2.544131332915178234e-02,5.689238822177181132e-02,6.232177999294368637e-02,-1.465259426316478653e-02,1.000000000000000000e+00
2.999999999999999889e-01,-3.139214397324074923e-02,-1.966744814494995053e-01,1.991640488558771016e-01,-4.452349116609743973e-02,1.000000000000000000e+00
3.200000000000000067e-01,-4.218344511542326813e-02,-1.417354980125275221e-01,1.478796620183624733e-01,-1.235662331643494483e-02,1.000000000000000000e+00
3.400000000000000244e-01,-1.540283709799261658e-02,2.529334382230009615e-01,2.534019959707814462e-01,6.111614708436086119e-02,1.000000000000000000e+00
3.599999999999999867e-01,-1.527034038603858335e-02,6.060887007724759246e-02,6.250294735087426334e-02,-3.294379704448591184e-02,1.000000000000000000e+00
3.800000000000000044e-01,-1.766021180670129809e-02,7.976824955341221823e-02,8.169979631475833559e-02,-2.849357763396076493e-02,1.000000000000000000e+00
4.000000000000000222e-01,-1.795403160039654722e-02,-7.344138370255876014e-02,7.560412747234439290e-02,3.821487934127310027e-02,1.000000000000000000e+00
4.199999999999999845e-01,-8.230547577032432116e-02,2.895236307929356379e-01,3.009952227682418657e-01,6.045257110261426092e-02,1.000000000000000000e+00
4.400000000000000022e-01,-4.468369279080341983e-02,3.407459230637899239e-01,3.436632312104644371e-01,8.292072167659503279e-02,1.000000000000000000e+00
4.600000000000000200e-01,-3.136150338826482198e-02,1.755539699132838138e-01,1.783332281070645065e-01,1.138960819129390956e-01,1.000000000000000000e+00
4.799999999999999822e-01,-3.813263133730337984e-02,1.518989976127711750e-01,1.566122697890282023e-01,1.048155646159645293e-01,1.000000000000000000e+00
5.000000000000000000e-01,-3.651144902298142370e-02,1.529839686891403538e-01,1.572805791750451487e-01,1.121988947530359049e-01,1.000000000000000000e+00
5.200000000000000178e-01,-2.757664702818374280e-02,1.128602140741809812e-01,1.161804604147659292e-01,1.008829253114793545e-01,1.000000000000000000e+00
5.400000000000000355e-01,-3.304922639501128856e-02,8.396117610619552307e-02,9.023153804764877384e-02,9.190026043380905563e-02,1.000000000000000000e+00
5.600000000000000533e-01,-5.348157426526967129e-02,5.159519359197389105e-02,7.431246724261561520e-02,8.299122997801999801e-02,1.000000000000000000e+00
5.799999999999999600e-01,-2.683439828008360450e-02,2.438302867418089270e-02,3.625764772265406555e-02,7.369793520825274058e-02,1.000000000000000000e+00
5.999999999999999778e-01,-2.813450523776417356e-02,-6.329444782514918356e-03,2.883768812212041815e-02,6.364558238006967628e-02,1.000000000000000000e+00
6.199999999999999956e-01,-1.879325033953271884e-02,-3.200772918741569967e-02,3.711712523969615957e-02,5.332621291941430641e-02,1.000000000000000000e+00
6.400000000000000133e-01,-2.687111892248239542e-02,2.770541793606553505e-01,2.783542263615775836e-01,5.449406421779912080e-02,1.000000000000000000e+00
6.600000000000000311e-01,-3.297181001448556970e-02,8.599038114423708523e-02,9.209498306076448204e-02,5.448830193592657523e-02,1.000000000000000000e+00
6.800000000000000488e-01,-3.007833920645630599e-02,1.019576837836871086e-01,1.063018145280360677e-01,6.568802747247248774e-02,1.000000000000000000e+00
7.000000000000000666e-01,-3.527222107184968536e-02,7.890102085178347935e-02,8.642627303543182204e-02,5.489966483248842621e-02,1.000000000000000000e+00
7.199999999999999734e-01,-2.428470671896931776e-02,1.973644759978687158e-01,1.988529189283869958e-01,5.117797922731748272e-02,1.000000000000000000e+00
7.399999999999999911e-01,-4.338907163621108509e-02,2.388479937581728385e-01,2.427570300933763470e-01,6.440221991148797898e-02,1.000000000000000000e+00
7.600000000000000089e-01,-3.150159592965273703e-02,2.315226769265042173e-01,2.336559446650770810e-01,4.970327733784740687e-02,1.000000000000000000e+00
7.800000000000000266e-01,-4.627336697738204663e-02,2.695014502762010933e-01,2.734451612159176093e-01,6.271169127157039114e-02,1.000000000000000000e+00
8.000000000000000444e-01,-5.064352470560873343e-02,2.972486044080245859e-01,3.015319210583282672e-01,7.051690580001057640e-02,1.000000000000000000e+00
8.200000000000000622e-01,-5.293748769189221548e-02,3.240305911283420381e-01,3.283263644456716479e-01,7.268995592909144321e-02,1.000000000000000000e+00
8.399999999999999689e-01,-2.059941485976946041e-02,1.214340670757789314e-01,1.231688618893982817e-01,3.718630324455629577e-02,1.000000000000000000e+00
8.599999999999999867e-01,-5.696986534912973354e-02,1.987887924330702660e-01,2.067910770678857424e-01,6.661456366345896996e-02,1.000000000000000000e+00
8.800000000000000044e-01,-3.452022213368799441e-02,2.042371586633053016e-01,2.071339245874979917e-01,5.344980427669110412e-02,1.000000000000000000e+00
9.000000000000000222e-01,-4.985798338896163528e-02,2.310152851088743686e-01,2.363342557936713439e-01,6.143930318969825777e-02,1.000000000000000000e+00
9.200000000000000400e-01,-3.147890244262896431e-02,-2.715567771038382081e-02,4.157345464238915850e-02,4.826889957955993182e-02,1.000000000000000000e+00
9.400000000000000577e-01,-4.158289168185991258e-02,2.559344513501568552e-01,2.592905325470467592e-01,5.191572202519090240e-02,1.000000000000000000e+00
9.599999999999999645e-01,-4.805784247278133137e-02,2.615007667042726913e-01,2.658800617008750256e-01,5.131772072303508736e-02,1.000000000000000000e+00
9.799999999999999822e-01,-4.474680164397693005e-02,1.627333683380512708e-01,1.687732959564791080e-01,4.489980338082810718e-02,1.000000000000000000e+00
1.000000000000000000e+00,-3.202405627884985506e-02,-1.399304860284051981e-03,3.205461331295321459e-02,4.232915619970567533e-02,1.000000000000000000e+00
1.020000000000000018e+00,-2.974599192399729475e-02,-3.352858695365008856e-02,4.482176010210874723e-02,3.399277877672268744e-02,1.000000000000000000e+00
1.040000000000000036e+00,-2.202580509237073159e-02,-7.462063192715857884e-02,7.780343693678051786e-02,2.447051996565008380e-02,1.000000000000000000e+00
1.060000000000000053e+00,-4.413414950996408237e-02,1.806414966949121403e-01,1.859547619211344982e-01,2.356199484049037451e-02,1.000000000000000000e+00
1.080000000000000071e+00,-3.165340925633497449e-02,2.265574515072044937e-01,2.287579881686939987e-01,3.757095611866212437e-02,1.000000000000000000e+00
1.100000000000000089e+00,-2.749792626901559345e-02,2.281096011252823630e-01,2.297610194846628762e-01,3.118475920279228930e-02,1.000000000000000000e+00
1.120000000000000107e+00,-3.156504549544525418e-02,1.157315721568412670e-01,1.199589466902060003e-01,1.861607561198042049e-02,1.000000000000000000e+00
1.140000000000000124e+00,-2.828277334057993642e-02,-8.671866401787331480e-02,9.121426399900081639e-02,8.028478318311993434e-03,1.000000000000000000e+00
1.159999999999999920e+00,-2.827220568461452643e-02,-1.142476768112804519e-01,1.176938794969727281e-01,5.892509696184600188e-03,1.000000000000000000e+00
1.179999999999999938e+00,-4.075024616103561925e-02,1.848835190025334696e-01,1.893211508546922828e-01,2.287476747556960177e-02,1.000000000000000000e+00
1.199999999999999956e+00,-2.889376461124726347e-02,1.955236195856622228e-01,1.976469970662061981e-01,2.248423099382224066e-02,1.000000000000000000e+00
1.219999999999999973e+00,-3.579545073018852719e-02,1.244120412675834009e-01,1.294591453136634540e-01,2.226421210035001153e-02,1.000000000000000000e+00
1.239999999999999991e+00,-2.878869138574646769e-02,-4.903803576647487728e-02,5.686402820358246041e-02,2.003665450385705427e-02,1.000000000000000000e+00
1.260000000000000009e+00,-1.130949752420740140e-02,-1.073583136158934720e-01,1.079523609593536909e-01,6.389281332810803349e-03,1.000000000000000000e+00
1.280000000000000027e+00,-3.420480097868772162e-02,1.548200193847653894e-01,1.585534824981487678e-01,1.135497489361947387e-02,1.000000000000000000e+00
1.300000000000000044e+00,-2.232871141505121670e-02,1.727989181614050240e-01,1.742355803824482685e-01,1.057725397450148819e-02,1.000000000000000000e+00
1.320000000000000062e+00,-2.701673115994562835e-02,6.061022102306921205e-02,6.635889281048983068e-02,-1.031186362263847300e-02,1.000000000000000000e+00
1.340000000000000080e+00,-4.150887419026183522e-02,6.022418638351121484e-02,7.314327899471613492e-02,-1.717797501717965858e-02,1.000000000000000000e+00
1.360000000000000098e+00,-5.172462437134583979e-02,1.282641155001531807e-01,1.383008318535845216e-01,1.517122719199015535e-04,1.000000000000000000e+00
1.380000000000000115e+00,-5.196530825760170558e-02,1.420501876192647450e-01,1.512568975781795055e-01,-4.957787457429141398e-04,1.000000000000000000e+00
1.400000000000000133e+00,-3.130824850818925142e-02,3.462189758455173905e-02,4.667849844420580985e-02,-1.941602699942945875e-02,1.000000000000000000e+00
1.419999999999999929e+00,-3.211480799661980967e-02,-1.390195502468233313e-01,1.426807493794758352e-01,-2.233833559593323415e-02,1.000000000000000000e+00
1.439999999999999947e+00,-4.204504288440169546e-02,-1.783003606355615389e-01,1.831906226691816242e-01,-2.650235318270377505e-02,1.000000000000000000e+00
1.459999999999999964e+00,-4.332078995219657003e-02,-1.616035175563089177e-01,1.673092577493982547e-01,-1.147818323858595946e-02,1.000000000000000000e+00
1.479999999999999982e+00,-3.485978123337130086e-02,5.358616838435839580e-02,6.392716003198732622e-02,-1.210519955089983668e-02,1.000000000000000000e+00
1.500000000000000000e+00,-2.556658513038811975e-02,-1.464181826948370291e-01,1.486335577818416465e-01,-2.874446302992827995e-02,1.000000000000000000e+00
1.520000000000000018e+00,-2.825291262296580896e-02,1.001411251203779412e-01,1.040503340314490738e-01,-1.397710935648133201e-02,1.000000000000000000e+00
1.540000000000000036e+00,-2.556986910880265640e-02,1.184469192451118313e-01,1.211754549605626313e-01,-1.354660066525648077e-02,1.000000000000000000e+00
1.560000000000000053e+00,-3.119125323120730542e-02,5.389442650614558600e-02,6.226960323110810464e-02,-1.383875434580650321e-02,1.000000000000000000e+00
1.580000000000000071e+00,-3.935965677501584992e-02,-1.359382149472860013e-01,1.415216621740346126e-01,-2.298595301566486171e-02,1.000000000000000000e+00
1.600000000000000089e+00,-2.626220374152232750e-02,9.788300502071030362e-02,1.013448864879014366e-01,-1.742354614633123688e-02,1.000000000000000000e+00
1.620000000000000107e+00,-1.926545875461993518e-02,4.082092591418960692e-02,4.513874049547371425e-02,-1.910154375948680538e-02,1.000000000000000000e+00
1.640000000000000124e+00,2.575183955485549347e-02,-1.433442342212194187e-01,1.456390288519077980e-01,-2.276618630113125263e-02,1.000000000000000000e+00
1.660000000000000142e+00,4.719903084741794430e-02,-1.835761107904707590e-01,1.895466617112807339e-01,-2.515178773683990343e-02,1.000000000000000000e+00
1.679999999999999938e+00,3.544539644639854714e-02,-1.720830152657356060e-01,1.756955897915191134e-01,-4.540451113324150967e-02,1.000000000000000000e+00
1.699999999999999956e+00,4.456837193954754639e-02,-1.617744846182683771e-01,1.678014411465175715e-01,-3.079913113747556608e-02,1.000000000000000000e+00
1.719999999999999973e+00,4.398569797471019172e-02,-1.957231651108601311e-01,2.006048329112123940e-01,-5.220626913859360840e-02,1.000000000000000000e+00
1.739999999999999991e+00,4.895400619374346007e-02,3.479534289295435623e-02,6.006005835374573359e-02,-3.642270998167385088e-02,1.000000000000000000e+00
1.760000000000000009e+00,6.448328344842213511e-02,7.629704290190983396e-03,6.493309042272138454e-02,-3.592399383717514993e-02,1.000000000000000000e+00
1.780000000000000027e+00,6.873675025938386085e-02,-4.971159968679639274e-03,6.891627723299562081e-02,-4.611874514866443064e-02,1.000000000000000000e+00
1.800000000000000044e+00,4.865009386644292277e-02,-2.522135377869976214e-01,2.568628043844553566e-01,-5.204686020420767889e-02,1.000000000000000000e+00
1.820000000000000062e+00,5.802128967881170496e-02,-2.087830611997259778e-01,2.166952622922824756e-01,-3.626516337809659873e-02,1.000000000000000000e+00
1.840000000000000080e+00,5.334541330803421744e-02,-2.386721831923567516e-01,2.445611255919691307e-01,-5.175202574882975526e-02,1.000000000000000000e+00
1.860000000000000098e+00,3.228585095750702294e-02,-2.319182296043172109e-01,2.341547381430731378e-01,-5.002438618630433709e-02,1.000000000000000000e+00
1.880000000000000115e+00,5.098057258699562055e-02,-2.070662590416452731e-01,2.132497465761675204e-01,-3.572932060753908345e-02,1.000000000000000000e+00
1.900000000000000133e+00,4.891705699819848263e-02,-2.050701084535014873e-01,2.108236890069421499e-01,-3.847972961767043287e-02,1.000000000000000000e+00
1.919999999999999929e+00,4.476400721092144153e-02,-2.416192395701015072e-01,2.457308960469023751e-01,-5.318607594703683716e-02,1.000000000000000000e+00
1.939999999999999947e+00,4.811268424482850747e-02,-2.468784118073005796e-01,2.515229226168813059e-01,-5.293031412281701265e-02,1.000000000000000000e+00
1.959999999999999964e+00,4.029570621991496182e-02,-2.497081192511471093e-01,2.529385078624976635e-01,-5.477370356108712812e-02,1.000000000000000000e+00
1.979999999999999982e+00,5.162754941926195329e-02,-2.019134263964795228e-01,2.084092983007353461e-01,-3.652282534031980887e-02,1.000000000000000000e+00
2.000000000000000000e+00,4.150635472463992670e-02,-2.015800301224153768e-01,2.058088579888667502e-01,-3.568855983034735502e-02,1.000000000000000000e+00
2.020000000000000018e+00,3.682127828876691211e-02,-2.487098660371822589e-01,2.514207708186655954e-01,-5.373486534735372189e-02,1.000000000000000000e+00
2.040000000000000036e+00,3.251305296380113674e-02,-2.432833107409609064e-01,2.454462627503419259e-01,-5.510141430082660108e-02,1.000000000000000000e+00
2.060000000000000053e+00,4.201984015458570809e-02,-2.530572001135428239e-01,2.565221501077881161e-01,-5.686025049582310587e-02,1.000000000000000000e+00
2.080000000000000071e+00,3.452182578648788080e-02,-2.498985545822227372e-01,2.522717662322059851e-01,-5.743290515041854505e-02,1.000000000000000000e+00
2.100000000000000089e+00,3.380985888946597129e-02,-2.462927547664607308e-01,2.486025494812504344e-01,-5.678303877141077649e-02,1.000000000000000000e+00
2.120000000000000107e+00,4.661064360289923769e-02,-2.479348339851447647e-01,2.522780886250682308e-01,-5.199400795071928982e-02,1.000000000000000000e+00
2.140000000000000124e+00,3.748014569180213584e-02,-2.488734444235051746e-01,2.516798614516033150e-01,-5.442115026198512950e-02,1.000000000000000000e+00
2.160000000000000142e+00,4.186865126481364996e-02,-2.601569453553621569e-01,2.635044974480842961e-01,-5.602609560685278822e-02,1.000000000000000000e+00
2.180000000000000160e+00,4.979404939367082505e-02,-2.493196654361327091e-01,2.542434717513991083e-01,-5.228859282485087689e-02,1.000000000000000000e+00
2.200000000000000178e+00,4.351818461125311899e-02,-2.501785507704396561e-01,2.539353060475375568e-01,-5.368405544194532197e-02,1.000000000000000000e+00
2.220000000000000195e+00,3.352099458586010883e-02,-2.543668103485630105e-01,2.565660368889988163e-01,-5.315641367729773137e-02,1.000000000000000000e+00
2.240000000000000213e+00,3.313629676972329463e-02,-2.472309244408268103e-01,2.494416648506760370e-01,-5.260307855139467748e-02,1.000000000000000000e+00
2.260000000000000231e+00,4.556830041188053571e-02,-2.550333049131137120e-01,2.590722999807826277e-01,-5.292635996592887082e-02,1.000000000000000000e+00
2.280000000000000249e+00,2.502494641439501066e-02,-2.506634709443169573e-01,2.519095544216133353e-01,-5.183013645437783978e-02,1.000000000000000000e+00
2.300000000000000266e+00,3.823203102596028913e-02,-2.501034638059448367e-01,2.530087563783149918e-01,-4.976567087153105362e-02,1.000000000000000000e+00
2.319999999999999840e+00,5.013093660381340300e-02,7.033235244557983767e-03,5.062190437726390990e-02,-4.497151731433080002e-02,1.000000000000000000e+00
2.339999999999999858e+00,6.763108357226332856e-02,6.973183597167570413e-02,9.714161010164054644e-02,-2.511468893652990531e-02,1.000000000000000000e+00
2.359999999999999876e+00,5.796669236098050959e-02,7.782787403188579090e-02,9.704285341845446389e-02,-1.820764560915444363e-02,1.000000000000000000e+00
2.379999999999999893e+00,5.645891972640892931e-02,9.068771590919023906e-02,1.068263611357191251e-01,-1.404123202207729904e-02,1.000000000000000000e+00
2.399999999999999911e+00,6.190750046861648315e-02,1.113896127410077957e-01,1.274369822338218827e-01,-6.330661776845492028e-03,1.000000000000000000e+00
2.419999999999999929e+00,5.627177398116156581e-02,1.216000825399613100e-01,1.339891511306506300e-01,-2.336130405501624097e-03,1.000000000000000000e+00
2.439999999999999947e+00,6.427188964285068806e-02,9.329367546667145794e-02,1.132898304365550501e-01,-1.621886021220042551e-02,1.000000000000000000e+00
2.459999999999999964e+00,4.538530605818902330e-02,1.397088088192834920e-01,1.468958041187650720e-01,3.788663413855086759e-03,1.000000000000000000e+00
2.479999999999999982e+00,5.956952866467624119e-02,1.402165884172177912e-01,1.523457265980740771e-01,6.427399360624530544e-03,1.000000000000000000e+00
2.500000000000000000e+00,4.276822418964698613e-02,1.524722640430633269e-01,1.583569142877996605e-01,1.037664197473775474e-02,1.000000000000000000e+00
2.520000000000000018e+00,5.773765390258578378e-02,1.662091789286205268e-01,1.759520611936699341e-01,1.382256799669390190e-02,1.000000000000000000e+00
2.540000000000000036e+00,3.750131030584125114e-02,1.834096158929718334e-01,1.872042613742071204e-01,2.092058258983042762e-02,1.000000000000000000e+00
2.560000000000000053e+00,5.126261365390849534e-02,1.942342042657430046e-01,2.008849961181179422e-01,2.654118808240335525e-02,1.000000000000000000e+00
2.580000000000000071e+00,3.934919226692024097e-02,2.072597852982738798e-01,2.109620286543188172e-01,3.114273407439638319e-02,1.000000000000000000e+00
2.600000000000000089e+00,4.635642877265055972e-02,2.059283046008202611e-01,2.110814656106073939e-01,3.454666597664113326e-02,1.000000000000000000e+00
2.620000000000000107e+00,5.099590991292313191e-02,2.222768258591343860e-01,2.280516830498273695e-01,4.158179674898265787e-02,1.000000000000000000e+00
2.640000000000000124e+00,4.102362950510229922e-02,2.342130278867490811e-01,2.377786378328612671e-01,4.539740112044210463e-02,1.000000000000000000e+00
2.660000000000000142e+00,4.284172768522953589e-02,2.432490907847968398e-01,2.469929832984850138e-01,4.795751520849345084e-02,1.000000000000000000e+00
2.680000000000000160e+00,5.832026621638863872e-02,2.559482912728828219e-01,2.625086308239386601e-01,5.261451924151705484e-02,1.000000000000000000e+00
2.700000000000000178e+00,4.949286955489995421e-02,2.605707275374699039e-01,2.652294255662156486e-01,5.587509583762839682e-02,1.000000000000000000e+00
2.720000000000000195e+00,4.495012802618436609e-02,3.067038255195021490e-01,3.099802422701607996e-01,7.640147942842823170e-02,1.000000000000000000e+00
2.740000000000000213e+00,2.547091763346998050e-02,2.738564879039224187e-01,2.750384402445633092e-01,6.265476781875056744e-02,1.000000000000000000e+00
2.760000000000000231e+00,4.459179703184013022e-02,2.851659741234709444e-01,2.886313585879346499e-01,6.682143610985402660e-02,1.000000000000000000e+00
2.780000000000000249e+00,5.223214711954238254e-02,2.561080738476161356e-01,2.613800732317854703e-01,5.596743507754675662e-02,1.000000000000000000e+00
2.800000000000000266e+00,4.687066929331695775e-02,3.033266874127084067e-01,3.069266018721257816e-01,7.337511907308735815e-02,1.000000000000000000e+00
2.819999999999999840e+00,4.395937509352076944e-02,2.944786272578260311e-01,2.977416473560031140e-01,7.016866495226858902e-02,1.000000000000000000e+00
2.839999999999999858e+00,3.871040943801329348e-02,3.015005291978752333e-01,3.039754347072431417e-01,7.558497798644703281e-02,1.000000000000000000e+00
2.859999999999999876e+00,3.749311946241729032e-02,3.098226734571047358e-01,3.120830386213432894e-01,7.649264226939900269e-02,1.000000000000000000e+00
2.879999999999999893e+00,1.917374833737195416e-02,3.060559495551204434e-01,3.066559584997351484e-01,7.724056799430956133e-02,1.000000000000000000e+00
2.899999999999999911e+00,4.705802818643434193e-02,2.729956331743155773e-01,2.770217929135553314e-01,6.389483025262743254e-02,1.000000000000000000e+00
2.919999999999999929e+00,2.925668204310660769e-02,3.146711180901007321e-01,3.160282677297168163e-01,7.849950773777480961e-02,1.000000000000000000e+00
2.939999999999999947e+00,5.081034056198596716e-02,3.080989515712522220e-01,3.122605557340373261e-01,7.875842579062108939e-02,1.000000000000000000e+00
2.959999999999999964e+00,3.850017187775112149e-02,3.099307668067903809e-01,3.123128935027522646e-01,7.873765583573932858e-02,1.000000000000000000e+00
2.979999999999999982e+00,4.411164067190398441e-02,2.947658270841608252e-01,2.980482002283801335e-01,7.223494621843240537e-02,1.000000000000000000e+00
3.000000000000000000e+00,4.364566129312130727e-02,3.088633329654492665e-01,3.119318871167868212e-01,7.784265101090204197e-02,1.000000000000000000e+00
3.020000000000000018e+00,3.816722413424766813e-02,3.102477358954502940e-01,3.125866193975151419e-01,7.730921180318039987e-02,1.000000000000000000e+00
3.040000000000000036e+00,4.560803590749884506e-02,2.985668341545182347e-01,3.020302094102365054e-01,7.277505724126642761e-02,1.000000000000000000e+00
3.060000000000000053e+00,4.694808960373642037e-02,2.818204505724509201e-01,2.857041992661286112e-01,6.524164133427845513e-02,1.000000000000000000e+00
3.080000000000000071e+00,4.234142377182870121e-02,2.508967639964905239e-01,2.544444582830135970e-01,5.545975903452049494e-02,1.000000000000000000e+00
3.100000000000000089e+00,2.303492454436817383e-02,2.892590542086039274e-01,2.901747890331287660e-01,7.071631603350203576e-02,1.000000000000000000e+00
3.120000000000000107e+00,4.129278167340100225e-02,2.675431772410227782e-01,2.707109999733082195e-01,6.138605959107135135e-02,1.000000000000000000e+00
3.140000000000000124e+00,2.145782423859277088e-02,2.830528092376047300e-01,2.838649873414370028e-01,6.573974102722868196e-02,1.000000000000000000e+00
3.160000000000000142e+00,3.835179265940791282e-02,2.781828741389049675e-01,2.808141226227272025e-01,6.292585129311190073e-02,1.000000000000000000e+00
3.180000000000000160e+00,4.433352374559262898e-02,2.662527677159540751e-01,2.699185018558505900e-01,5.972555972386439649e-02,1.000000000000000000e+00
3.200000000000000178e+00,3.087786196592112731e-02,2.645526785741211806e-01,2.663485725517010794e-01,5.631122150852219121e-02,1.000000000000000000e+00
3.220000000000000195e+00,4.324121864445285013e-02,2.509906675575541701e-01,2.546882765084487743e-01,5.261127483888161649e-02,1.000000000000000000e+00
3.240000000000000213e+00,3.518607210036339694e-02,2.404848840544971389e-01,2.430453437705748510e-01,4.868228728809098627e-02,1.000000000000000000e+00
3.260000000000000231e+00,4.115851073330745180e-02,2.280485305039554045e-01,2.317329395463607056e-01,4.458984063493121042e-02,1.000000000000000000e+00
3.280000000000000249e+00,5.545053267097443950e-02,2.137061290325547036e-01,2.207828597504202239e-01,3.789424403219721071e-02,1.000000000000000000e+00
3.300000000000000266e+00,4.807783202187287941e-02,1.942806929968221574e-01,2.001411142250609232e-01,2.547144300331005695e-02,1.000000000000000000e+00
3.320000000000000284e+00,5.217957765856340302e-02,1.921933735020686096e-01,1.991506995788157042e-01,2.624548593422026954e-02,1.000000000000000000e+00
3.339999999999999858e+00,5.047779397010110358e-02,1.883250385683702677e-01,1.949726335562663726e-01,2.417790884403192564e-02,1.000000000000000000e+00
3.359999999999999876e+00,5.578097493889533354e-02,1.825503573079836073e-01,1.908825558253193500e-01,2.189520893598828621e-02,1.000000000000000000e+00
3.379999999999999893e+00,5.466843076359317877e-02,1.774982813957880212e-01,1.857263503669097926e-01,1.959296632438389807e-02,1.000000000000000000e+00
3.399999999999999911e+00,5.714103865538255889e-02,1.588655217814944065e-01,1.688293585533108543e-01,7.516991292992436513e-03,1.000000000000000000e+00
3.419999999999999929e+00,5.031517022710652043e-02,1.700975997882170632e-01,1.773832286567565142e-01,1.475963302810079369e-02,1.000000000000000000e+00
3.439999999999999947e+00,5.386319722069554672e-02,1.633191243288950878e-01,1.719720337333737470e-01,1.264151203126617773e-02,1.000000000000000000e+00
3.459999999999999964e+00,6.219641809683285061e-02,1.624073018510708843e-01,1.739095342947616640e-01,1.026634754719113474e-02,1.000000000000000000e+00
3.479999999999999982e+00,7.016262050449206811e-02,1.091715378819416160e-01,1.297737184470167948e-01,-9.413641501623271068e-03,1.000000000000000000e+00
3.500000000000000000e+00,6.219389524198248864e-02,1.521809075033670744e-01,1.643992372668409141e-01,5.719966933337428117e-03,1.000000000000000000e+00
3.520000000000000018e+00,5.958676383025895973e-02,1.409482289071294914e-01,1.530260946891726370e-01,3.431400365031755939e-03,1.000000000000000000e+00
3.540000000000000036e+00,5.729976282158322221e-02,1.429488226301377507e-01,1.540052879311365475e-01,1.372090327836250623e-03,1.000000000000000000e+00
3.560000000000000053e+00,6.663542275745459875e-02,1.366271204480929424e-01,1.520106891241612412e-01,-4.102075784762071464e-04,1.000000000000000000e+00
3.580000000000000071e+00,5.193760490971310873e-02,1.296069210647682324e-01,1.396261751665729689e-01,-2.211294023477972104e-03,1.000000000000000000e+00
3.600000000000000089e+00,6.082620020477502720e-02,1.016684468576683487e-01,1.184748906638107280e-01,-1.161580635565506725e-02,1.000000000000000000e+00
3.620000000000000107e+00,4.264104878274732613e-02,1.109600499539819818e-01,1.188713242421519101e-01,-9.166714321670266230e-03,1.000000000000000000e+00
3.640000000000000124e+00,5.291704095127869323e-02,1.106063830053353458e-01,1.226131525757422208e-01,-7.342950643552281775e-03,1.000000000000000000e+00
3.660000000000000142e+00,3.064646218307931491e-02,1.139277246227853868e-01,1.179776762021702563e-01,-8.917647524095517753e-03,1.000000000000000000e+00
3.680000000000000160e+00,6.575792345837161434e-02,1.087828834418975293e-01,1.271134148211372772e-01,-1.022304326058032231e-02,1.000000000000000000e+00
3.700000000000000178e+00,6.287260988988130350e-02,1.028275622086332053e-01,1.205258172514732662e-01,-1.125641802754140386e-02,1.000000000000000000e+00
3.720000000000000195e+00,6.628514746577351957e-02,1.124353075972285010e-01,1.305198037427375557e-01,-1.221854594291071905e-02,1.000000000000000000e+00
3.740000000000000213e+00,5.883905864022587195e-02,1.077670946816959852e-01,1.227834741233589794e-01,-1.279005510227237963e-02,1.000000000000000000e+00
3.760000000000000231e+00,6.301385405260351291e-02,1.069052868456707994e-01,1.240946661146963698e-01,-1.341117126654500780e-02,1.000000000000000000e+00
3.780000000000000249e+00,6.612823248179999780e-02,1.111625338293572712e-01,1.293447024757101993e-01,-1.383437617208249648e-02,1.000000000000000000e+00
3.800000000000000266e+00,5.005681327131927816e-02,1.033088784149133604e-01,1.147972513356791124e-01,-1.438709572327701025e-02,1.000000000000000000e+00
3.820000000000000284e+00,7.040688844520648360e-02,9.016046260436949566e-02,1.143942260674447736e-01,-1.760115542728213356e-02,1.000000000000000000e+00
3.839999999999999858e+00,5.520135472277765132e-02,1.015808912144260945e-01,1.156108430171971097e-01,-1.509327499163726216e-02,1.000000000000000000e+00
3.859999999999999876e+00,6.052407150482164155e-02,1.056595149501418085e-01,1.217665649142653655e-01,-1.517783148428408779e-02,1.000000000000000000e+00
3.879999999999999893e+00,5.353229837758188836e-02,9.901810383263959237e-02,1.125623909491880459e-01,-1.502033233226596209e-02,1.000000000000000000e+00
3.899999999999999911e+00,4.713505728981637333e-02,8.382149107950032096e-02,9.616525356127869628e-02,-2.012875020247406610e-02,1.000000000000000000e+00
3.919999999999999929e+00,5.905462930315863446e-02,9.089393907871089195e-02,1.083935302653156046e-01,-1.487925511031695791e-02,1.000000000000000000e+00
3.939999999999999947e+00,5.857982687200813388e-02,1.032334719198271938e-01,1.186960228523946531e-01,-1.456313105734130531e-02,1.000000000000000000e+00
3.959999999999999964e+00,6.639822809047490892e-02,9.810421756808418436e-02,1.184616486387080891e-01,-1.414547343606153973e-02,1.000000000000000000e+00
3.979999999999999982e+00,5.884446435958867738e-02,1.021926619222308374e-01,1.179237513672214827e-01,-1.352324238503532783e-02,1.000000000000000000e+00
4.000000000000000000e+00,5.284440071090479307e-02,9.618361587625604003e-02,1.097443331089393709e-01,-1.291482731520821048e-02,1.000000000000000000e+00
4.020000000000000462e+00,6.858662979863616727e-02,1.109447586023283860e-01,1.304333747491955575e-01,-1.182936020358082985e-02,1.000000000000000000e+00
4.040000000000000036e+00,6.223870573716538956e-02,9.120995485477637055e-02,1.104215212558122966e-01,-1.808830209947043244e-02,1.000000000000000000e+00
4.060000000000000497e+00,6.497676563355359036e-02,1.093332383917932915e-01,1.271838711843386593e-01,-1.002665361881183159e-02,1.000000000000000000e+00
4.080000000000000071e+00,5.203232972625571051e-02,1.144056265446006804e-01,1.256821814013602823e-01,-9.100736630446082387e-03,1.000000000000000000e+00
4.099999999999999645e+00,5.778702109645195151e-02,1.160100382245647654e-01,1.296058207646043903e-01,-8.214152317150169580e-03,1.000000000000000000e+00
4.120000000000000107e+00,4.855429474161798709e-02,1.042626814593219514e-01,1.150140264617492136e-01,-1.346249530460319477e-02,1.000000000000000000e+00
4.139999999999999680e+00,4.891882730237462340e-02,8.822223980364095330e-02,1.008772286525094902e-01,-2.409500697430599914e-02,1.000000000000000000e+00
4.160000000000000142e+00,5.180586737668591013e-02,1.192788632021682810e-01,1.300434354415952176e-01,-5.648100107372489020e-03,1.000000000000000000e+00
4.179999999999999716e+00,5.218230720869154737e-02,5.658625424588956121e-02,7.697400441189684861e-02,-3.280874304151559784e-02,1.000000000000000000e+00
4.200000000000000178e+00,5.415644211671732933e-02,1.226891420480978323e-01,1.341102002057997233e-01,-3.859388126438378919e-03,1.000000000000000000e+00
4.219999999999999751e+00,6.604766465480604865e-02,1.247510297285330944e-01,1.411563439051999047e-01,-2.721292895394800126e-03,1.000000000000000000e+00
4.240000000000000213e+00,5.045964905114352916e-02,1.714291448795624284e-01,1.787012252238427412e-01,1.597136767275619817e-02,1.000000000000000000e+00
4.259999999999999787e+00,4.906964160321081181e-02,1.225576752369694211e-01,1.320159592115969227e-01,-5.223995730804453785e-03,1.000000000000000000e+00
4.280000000000000249e+00,5.897079402219507216e-02,1.373724498804905214e-01,1.494949649111167733e-01,1.310921595110148274e-03,1.000000000000000000e+00
4.299999999999999822e+00,5.874913870316866848e-02,1.404320588300370098e-01,1.522255709321108930e-01,2.529823690792909474e-03,1.000000000000000000e+00
4.320000000000000284e+00,5.044104883579780818e-02,1.430446854521944533e-01,1.516775574822214478e-01,3.612671270818434976e-03,1.000000000000000000e+00
4.339999999999999858e+00,6.397856486850628244e-02,1.333635914268715139e-01,1.479158689286149131e-01,-2.936096753920480751e-04,1.000000000000000000e+00
4.360000000000000320e+00,4.748710274621448235e-02,1.931707860581367564e-01,1.989220387829060410e-01,2.351982281967179844e-02,1.000000000000000000e+00
4.379999999999999893e+00,3.872123833205254329e-02,1.764170728761620677e-01,1.806164939870129604e-01,1.828270581790114591e-02,1.000000000000000000e+00
4.400000000000000355e+00,4.547521124337183807e-02,1.566294861381577752e-01,1.630974885322660217e-01,8.353243784206210165e-03,1.000000000000000000e+00
4.419999999999999929e+00,5.006642123150406576e-02,1.597879100058141044e-01,1.674479701846413870e-01,9.206782237518584822e-03,1.000000000000000000e+00
4.440000000000000391e+00,6.660426991673951136e-02,1.591236761247374343e-01,1.725006465918091092e-01,1.044550012916634074e-02,1.000000000000000000e+00
4.459999999999999964e+00,2.990300299167802933e-02,1.219711002590214421e-01,1.255831950792643537e-01,-6.513361750251966953e-03,1.000000000000000000e+00
4.480000000000000426e+00,5.689318404485455005e-02,1.624110139901908112e-01,1.720876865324292848e-01,1.159391633655681986e-02,1.000000000000000000e+00
4.500000000000000000e+00,5.579382790928288927e-02,1.635441741653691494e-01,1.727994448376593273e-01,1.203974831203380447e-02,1.000000000000000000e+00
4.520000000000000462e+00,5.253352988283577218e-02,1.649808821563125139e-01,1.731428983210858696e-01,1.274557498487505214e-02,1.000000000000000000e+00
4.540000000000000036e+00,5.297146321023316062e-02,1.619987402453384462e-01,1.704393374655913118e-01,1.311739824891722250e-02,1.000000000000000000e+00
4.560000000000000497e+00,4.462715945635498116e-02,2.034736458327165431e-01,2.083101243569325522e-01,3.140315619676004033e-02,1.000000000000000000e+00
4.580000000000000071e+00,4.311015916498917022e-02,2.124431803869100133e-01,2.167731319055382633e-01,3.222185680256428597e-02,1.000000000000000000e+00
4.600000000000000533e+00,5.350362037282874184e-02,1.627790303601981681e-01,1.713465789504012571e-01,1.540508773360693695e-02,1.000000000000000000e+00
4.620000000000000107e+00,2.360832617125296906e-02,1.686657633366500653e-01,1.703099902722770842e-01,1.567300328895893102e-02,1.000000000000000000e+00
4.639999999999999680e+00,5.845938956633034422e-02,1.721392364953490406e-01,1.817949860960683395e-01,1.597876519235930104e-02,1.000000000000000000e+00
4.660000000000000142e+00,4.730414586339559690e-02,1.315133348365810639e-01,1.397620816090834051e-01,-1.437695346641287841e-03,1.000000000000000000e+00
4.679999999999999716e+00,5.509637160589342386e-02,1.645788006891982791e-01,1.735563072908315463e-01,1.173101545479804386e-02,1.000000000000000000e+00
4.700000000000000178e+00,4.783010675959520341e-02,1.662449992914160068e-01,1.729887825901933462e-01,1.632491078171360854e-02,1.000000000000000000e+00
4.719999999999999751e+00,3.412867306167655101e-02,1.703998050552790466e-01,1.737839460014299064e-01,1.662392572964055404e-02,1.000000000000000000e+00
4.740000000000000213e+00,4.874156192783551944e-02,1.725765239824056940e-01,1.793276233295218458e-01,1.678066144793310954e-02,1.000000000000000000e+00
4.759999999999999787e+00,6.801811586487893635e-02,1.586017406646416106e-01,1.725716553425339639e-01,9.847882229134796717e-03,1.000000000000000000e+00
4.780000000000000249e+00,6.761140255645869956e-02,1.716295459603845719e-01,1.844668067762307850e-01,1.685562103910909215e-02,1.000000000000000000e+00
4.799999999999999822e+00,5.910761265830810629e-02,9.934111980689780408e-02,1.155957090840875751e-01,-1.661894796186080825e-02,1.000000000000000000e+00
4.820000000000000284e+00,5.589109143318449213e-02,1.493936530971326504e-01,1.595063562598650619e-01,1.022493796707912850e-02,1.000000000000000000e+00
4.839999999999999858e+00,5.843431967466106158e-02,1.662604677070972370e-01,1.762302835440696935e-01,1.628235685724765958e-02,1.000000000000000000e+00
4.860000000000000320e+00,5.591590287005754334e-02,1.639922824359715814e-01,1.732629703437326696e-01,1.639712771115053869e-02,1.000000000000000000e+00
4.879999999999999893e+00,5.559179090025345715e-02,1.727728717437390094e-01,1.814963151859452783e-01,1.643504876246737467e-02,1.000000000000000000e+00
4.900000000000000355e+00,5.751093280937258356e-02,1.635689178645235442e-01,1.733848271446363221e-01,1.626664800776334019e-02,1.000000000000000000e+00
4.919999999999999929e+00,4.078991099929929476e-02,2.030692226990780669e-01,2.071253872583911915e-01,3.371054945250806512e-02,1.000000000000000000e+00
4.940000000000000391e+00,4.756720822823634620e-02,1.652613620709310616e-01,1.719708030223961182e-01,1.609345362307346150e-02,1.000000000000000000e+00
4.959999999999999964e+00,5.403934784977959538e-02,1.653325434370228608e-01,1.739399351367722224e-01,1.579627823692453248e-02,1.000000000000000000e+00
4.980000000000000426e+00,3.447672584792282890e-02,1.559693410106123279e-01,1.597344044358556536e-01,1.533326455882244588e-02,1.000000000000000000e+00
5.000000000000000000e+00,4.603999118637158716e-02,1.562964865883228194e-01,1.629364063317187139e-01,1.506252606469660194e-02,1.000000000000000000e+00
5.020000000000000462e+00,3.297461437425841524e-02,1.576634006957645107e-01,1.610747438678213350e-01,1.477300530102754195e-02,1.000000000000000000e+00
5.040000000000000036e+00,5.120849272064642577e-02,1.279639079474025887e-01,1.378298641945635006e-01,2.186269902607840265e-03,1.000000000000000000e+00
5.060000000000000497e+00,4.679176877686597180e-02,1.555796180012742336e-01,1.624638026228922838e-01,1.394234128107241233e-02,1.000000000000000000e+00
5.080000000000000071e+00,4.601613860131426037e-02,1.469963542758215835e-01,1.540305592476967356e-01,9.493296870165313095e-03,1.000000000000000000e+00
5.100000000000000533e+00,5.596729162750779807e-02,1.554975862562442968e-01,1.652629331206385277e-01,1.355311206996212547e-02,1.000000000000000000e+00
5.120000000000000107e+00,4.143759228446786125e-02,1.410971174821264440e-01,1.470560118325625609e-01,1.327966350468656742e-02,1.000000000000000000e+00
5.139999999999999680e+00,5.568188671228568865e-02,1.439431025744397630e-01,1.543375822234996364e-01,1.290260371486207092e-02,1.000000000000000000e+00
5.160000000000000142e+00,6.181771942529756814e-02,1.460956621217818774e-01,1.586359761395461920e-01,1.243933723190160379e-02,1.000000000000000000e+00
5.179999999999999716e+00,4.854495519324064645e-02,1.406043741867725183e-01,1.487487906343029076e-01,1.178947111801109671e-02,1.000000000000000000e+00
5.200000000000000178e+00,5.635194092687711986e-02,1.496139572974478360e-01,1.598745679100612715e-01,1.091382841089449940e-02,1.000000000000000000e+00
5.219999999999999751e+00,5.481518900903648017e-02,1.427344742762625407e-01,1.528981199786885736e-01,1.029057052528647986e-02,1.000000000000000000e+00
5.240000000000000213e+00,6.170903796607696279e-02,1.417524540260555743e-01,1.546019520869892638e-01,9.798254645042359101e-03,1.000000000000000000e+00
5.259999999999999787e+00,5.681346776973761337e-02,1.451333360908830528e-01,1.558571633416065694e-01,9.555869513214521049e-03,1.000000000000000000e+00
5.280000000000000249e+00,5.335414822091077980e-02,1.047091215561273547e-01,1.175187868786721768e-01,-8.452406499463549494e-03,1.000000000000000000e+00
5.299999999999999822e+00,-2.030558960229633669e-01,9.269890502744226879e-01,9.489680691352921915e-01,2.699708435450189903e-01,1.000000000000000000e+00
5.320000000000000284e+00,-1.993790795534806648e-01,9.211885971297063547e-01,9.425181424489342819e-01,2.692465304672397863e-01,1.000000000000000000e+00
5.339999999999999858e+00,-1.822432681357328832e-01,9.193782535667378575e-01,9.372667613397039910e-01,2.686549658394370432e-01,1.000000000000000000e+00
5.360000000000000320e+00,-1.750108502927583132e-01,9.128263570928616399e-01,9.294518577761942124e-01,2.640773075585913787e-01,1.000000000000000000e+00
5.379999999999999893e+00,-1.861658668599206479e-01,9.097604960976419797e-01,9.286128850298888127e-01,2.669394421164454911e-01,1.000000000000000000e+00
5.400000000000000355e+00,-1.863420515211906547e-01,9.133626429547110348e-01,9.321773853244569308e-01,2.741474576082318926e-01,1.000000000000000000e+00
5.419999999999999929e+00,4.292707148348995361e-02,2.282132858765365813e-01,2.322154975808342903e-01,4.782652461155523227e-02,1.000000000000000000e+00
5.440000000000000391e+00,5.616550162287214931e-02,2.394219662473865418e-01,2.459216165657536479e-01,4.759324983899260175e-02,1.000000000000000000e+00
5.459999999999999964e+00,4.692882989653135439e-02,2.618934739372925646e-01,2.660648544366597257e-01,6.470571038284456122e-02,1.000000000000000000e+00
5.480000000000000426e+00,5.658048830460593592e-02,1.857029690554720669e-01,1.941312555278136287e-01,2.856954565716618433e-02,1.000000000000000000e+00
5.500000000000000000e+00,5.441502876577697378e-02,2.284624226522838364e-01,2.348533029781167680e-01,4.480946766842608397e-02,1.000000000000000000e+00
5.520000000000000462e+00,4.311700311510335837e-02,2.164401207803322846e-01,2.206930036068943113e-01,4.186019321699108175e-02,1.000000000000000000e+00
5.540000000000000036e+00,4.204013372435255746e-02,2.062503664468659514e-01,2.104912979270827933e-01,3.530629950913954929e-02,1.000000000000000000e+00
5.560000000000000497e+00,4.483791359035738111e-02,1.964310353247715468e-01,2.014834735999407045e-01,3.128211511331446815e-02,1.000000000000000000e+00
5.580000000000000071e+00,4.203961286594459779e-02,2.297414678765010987e-01,2.335561412422458294e-01,4.536820245168415866e-02,1.000000000000000000e+00
5.600000000000000533e+00,4.890923202190489150e-02,1.682597628131455580e-01,1.752240301982251613e-01,1.971137788330379337e-02,1.000000000000000000e+00
5.620000000000000107e+00,3.024950886428801056e-02,2.144826583531187492e-01,2.166052712210654041e-01,3.980584192293212809e-02,1.000000000000000000e+00
5.639999999999999680e+00,4.620746139495057747e-02,1.636540741935959553e-01,1.700523022153150876e-01,1.913337918904511881e-02,1.000000000000000000e+00
5.660000000000000142e+00,3.420642971694487500e-02,1.562627886875162520e-01,1.599629299631000201e-01,1.574343089492602488e-02,1.000000000000000000e+00
5.679999999999999716e+00,5.183892261005507152e-02,1.994799593828569806e-01,2.061056236320531476e-01,3.400759128955410660e-02,1.000000000000000000e+00
5.700000000000000178e+00,5.495077276648974163e-02,1.538260894002465018e-01,1.633464208601064505e-01,1.595087854714671849e-02,1.000000000000000000e+00
5.719999999999999751e+00,4.723030243935433248e-02,1.959669510234048895e-01,2.015781420737934315e-01,3.326383900598539611e-02,1.000000000000000000e+00
5.740000000000000213e+00,1.866136811769436576e-02,1.543877979417514201e-01,1.555115391645493506e-01,1.576557121565436148e-02,1.000000000000000000e+00
5.759999999999999787e+00,4.417148005532656185e-02,1.928793951757103442e-01,1.978726376577265578e-01,3.315884817643022231e-02,1.000000000000000000e+00
5.780000000000000249e+00,3.946473265627847837e-02,1.529754162868581235e-01,1.579839963786492940e-01,1.555903708055739187e-02,1.000000000000000000e+00
5.799999999999999822e+00,6.073932988561026036e-02,1.473338099867853024e-01,1.593628493726663431e-01,1.530957453865555706e-02,1.000000000000000000e+00
5.820000000000000284e+00,4.866484712416507818e-02,1.459236497543288380e-01,1.538245068356872414e-01,1.466526770423515202e-02,1.000000000000000000e+00
5.839999999999999858e+00,5.529181813565742232e-02,1.297998071129192188e-01,1.410857011865399857e-01,1.317802780146859476e-02,1.000000000000000000e+00
5.860000000000000320e+00,4.925022433763537322e-02,1.312782511321680945e-01,1.402125665467543192e-01,1.354838648170009208e-02,1.000000000000000000e+00
5.879999999999999893e+00,5.495476346553918034e-02,-1.068380411826003601e-01,1.201432189983620002e-01,-4.689126596175263728e-03,1.000000000000000000e+00
5.900000000000000355e+00,5.607922575216761629e-02,-1.356033441808434381e-01,1.467417681302459476e-01,-2.409693497832421372e-02,1.000000000000000000e+00
5.919999999999999929e+00,6.764131257470751279e-02,8.297863309215289251e-02,1.070551293337755755e-01,-8.794731327398164211e-03,1.000000000000000000e+00
5.940000000000000391e+00,5.476347469458087147e-02,1.128034745031274710e-01,1.253940270531325174e-01,7.516403577965125038e-03,1.000000000000000000e+00
5.959999999999999964e+00,5.924515776454430949e-02,8.412604101652573774e-02,1.028940206992608186e-01,-6.337151572624488693e-03,1.000000000000000000e+00
5.980000000000000426e+00,5.035560586020881857e-02,9.721376804688783291e-02,1.094815223652959996e-01,5.956081724646900000e-03,1.000000000000000000e+00
