scenario,planTime,stage,time,axle,anchorBeta,candidateBeta,betaSlope,anchorSteering,candidateSteering,anchorForce,betaForceChange,affineForce,nonlinearForce,capacity,slip
straight,2,1,2,1,0.999929413489141,0.923738750255249,547478.032832824,-0.408069951405635,0.698122105721091,-77.2918561969637,-41712.714427519,-41790.0062837159,2491.67016177417,2491.67016177417,-0.747575223445585
straight,2,1,2,2,0.999929413489141,0.923738750255249,441542.984698786,-0.408069951405635,0.698122105721091,-75.0728090578596,-33641.4528504725,-33716.5256595303,-162.732783288466,2472.47388944539,0.00105099706183442
straight,2,2,2.05,1,-0.830131595363399,-0.999987981729728,-9685.34345967983,-0.698116604006694,-0.698122098665937,-3627.12906309612,1645.11744077798,-1982.01162231814,-31.8933561044325,31.8933561044325,0.365917332372243
straight,2,2,2.05,2,-0.830131595363399,-0.999987981729728,-1026.40303351333,-0.698116604006694,-0.698122098665937,-1776.35988768071,174.341110228013,24994.0836891404,31.6476439878563,31.6476439878563,-0.261030483452998
straight,2,3,2.1,1,0.729759730322541,-0.10811183589848,-6943.48523455899,0.244702662327557,0.698122061582489,4447.67935038318,5817.74884851247,10265.4281988956,6467.14417515704,6467.14417515704,-1.01579399899029
straight,2,3,2.1,2,0.729759730322541,-0.10811183589848,237.750798896756,0.244702662327557,0.698122061582489,-1317.48800479009,-199.204634241923,10550.2430842187,6339.75383924293,6417.32014038697,-0.0933964003076551
straight,2,4,2.15,1,0.365110769580102,0.999987975580673,-1417.69307384743,0.0853510621017411,0.698122113577155,5455.81788526882,-900.061017690616,27469.7104571591,31.9015140068073,31.9015140068073,-0.882721416767271
straight,2,4,2.15,2,0.365110769580102,0.999987975580673,-0.279056027862241,0.0853510621017411,0.698122113577155,108.839690241075,-0.177166311286797,2976.1140482775,31.6557390402929,31.6557390402929,-0.0215275520231071
straight,2,5,2.2,1,0.522606375491495,0.999987986092142,3987.56816426533,-0.381507202174975,0.698122091025896,-5546.22744062341,1903.59171263685,-3642.63572798656,31.8875672601442,31.8875672601442,-0.609624537265403
straight,2,5,2.2,2,0.522606375491495,0.999987986092142,-51.3995241461199,-0.381507202174975,0.698122091025896,1038.50267317557,-24.5371876209815,3040.37094244088,31.6418997418592,31.6418997418592,-0.0234626208259631
straight,2,6,2.25,1,0.835271627161574,0.999987988270944,9882.31961227253,-0.698119003443962,0.698122087546726,-3576.84339152808,1627.77972585329,-1949.06366567479,31.8846756348814,31.8846756348814,-0.674703480346672
straight,2,6,2.25,2,0.835271627161574,0.999987988270944,15.0822739779577,-0.698119003443962,0.698122087546726,-237.447014398764,2.48429728690375,1002.75613306589,31.6390303941943,31.6390303941943,-0.00706681265017017
straight,2,7,2.3,1,-0.999975454703717,-0.999987999488934,-928449.77133869,-0.69383647416742,-0.698122075415936,-45.5787088218473,11.6472029667889,-33.93150585494,-31.8697833832711,31.8697833832711,0.689568763385106
straight,2,7,2.3,2,-0.999975454703717,-0.999987999488934,-921296.828333779,-0.69383647416742,-0.698122075415936,-45.227562301589,11.5574708331184,-33.6700914683752,13.8270728086746,31.6242528751525,-0.000104471668113565
straight,2,8,2.35,1,0.997884358832147,0.987072782996175,-99848.0489714365,0.698071216009794,-0.698121367827979,422.933147012729,1079.51475352859,1502.44790054132,-1042.61736250583,1042.61736250583,0.726225860365902
straight,2,8,2.35,2,0.997884358832147,0.987072782996175,99078.8017536635,0.698071216009794,-0.698121367827979,-419.674794446055,-1071.19797889703,-1490.87277334307,842.778844536216,1034.58485197036,-0.00842329767627355
straight,2,9,2.4,1,-0.999987976341074,-0.999987999682032,-1326564.30612204,-0.698119979130455,-0.698122036693975,-31.9005053024412,0.0309632819740368,-31.8695420206059,-31.869526978726,31.869526978726,0.70884480331687
straight,2,9,2.4,2,-0.999987976341074,-0.999987999682032,-1316344.21757556,-0.698119979130455,-0.698122036693975,-31.6547381071655,0.0307247353148181,-31.6240133719984,31.6239984459939,31.6239984459939,-0.0254520555033817
straight,2,10,2.45,1,0.995533939284825,0.999987851980654,68600.8892774617,-0.0612889384350717,0.698121836447978,-614.125904189651,305.542371698028,-308.583532491626,32.0650530047791,32.0650530047791,-0.658454042880765
straight,2,10,2.45,2,0.995533939284825,0.999987851980654,-57380.5088135967,-0.0612889384350717,0.698121836447978,599.789723604623,-255.567776697991,690.292887905067,31.8180181045907,31.8180181045907,-0.0426816253445266
straight,2,11,2.5,1,-0.999691437608523,-0.999987976584575,-261805.357043616,-0.698117495270195,-0.698121931422763,-161.591508519823,77.6354925026355,-83.9560160172114,-31.9001822809461,31.9001822809461,0.755307814091741
straight,2,11,2.5,2,-0.999691437608523,-0.999987976584575,259788.361773519,-0.698117495270195,-0.698121931422763,160.346578652639,-77.0373747905391,83.3092038620962,31.6544175742858,31.6544175742858,-0.0552046911829079
straight,2,12,2.55,1,0.985428501306467,0.448168406650829,-37688.7234810714,0.141371625659534,-0.698121348486735,1106.48309396967,20248.6471448906,21355.1302388603,-5815.38351041529,5815.38351041529,0.771466228008416
straight,2,12,2.55,2,0.985428501306467,0.448168406650829,-37398.3628182655,0.141371625659534,-0.698121348486735,1097.95855042258,20092.6479477072,21190.6064981298,5720.48588864719,5770.5807563129,-0.0866322119635832
straight,2,13,2.6,1,0.999984055104073,0.995425538992627,1151952.33638554,-0.698116207837528,0.698120554022465,-36.7358131093094,-5251.19328503211,-5287.92909814138,621.51737479789,621.51737479789,-0.526400823108271
straight,2,13,2.6,2,0.999984055104073,0.995425538992627,-1143077.48966696,-0.698116207837528,0.698120554022465,36.4527938383465,5210.7371532788,5247.18994711735,-616.729093842118,616.729093842118,0.0643540862585898
straight,2,14,2.65,1,-0.999982946607309,-0.999987716547802,1113883.05417974,0.400460161944524,0.659348985426115,37.991294213058,-5.31315588488184,32.6781383282505,32.2432959898605,32.2432959898605,-0.526123174086436
straight,2,14,2.65,2,-0.999982946607309,-0.999987716547802,1105301.5000164,0.400460161944524,0.659348985426115,37.6986024912462,-5.27222238218307,32.4263801090419,-31.9948878738529,31.9948878738529,0.0942554331642239
straight,2,15,2.7,1,0.999987798464538,0.999987995190511,1316859.16436762,-0.124865979896904,-0.00131280079537618,-32.1356036386128,0.259060401233819,-31.8765432373621,-31.8754905034133,31.8754905034133,0.100698037076699
straight,2,15,2.7,2,0.999987798464538,0.999987995190511,-1306713.84596808,-0.124865979896904,-0.00131280079537618,31.8880252037299,-0.257064553593959,31.6309606500436,-31.6299160266209,31.6299160266209,0.100051919871123
straight,2,16,2.75,1,-0.999987991280425,-0.99998799551763,1327389.21534992,0.0153589883284299,-0.661997050042891,31.8806811327993,-0.00562442040912762,31.8750567126554,-31.8750562161231,31.8750562161231,0.756197176778207
straight,2,16,2.75,2,-0.999987991280425,-0.99998799551763,1317162.77155529,0.0153589883284299,-0.661997050042891,31.6350666664703,-0.00558108886889347,31.6294855775777,-31.6294850851576,31.6294850851576,0.0955720438350232
straight,2,17,2.8,1,0.999987362112864,0.999987991351894,-1293925.2720924,0.337563349399114,0.698098359021746,32.7051697659302,-0.81418828338117,31.8909814825747,31.8805862650794,31.8805862650794,-0.564038404395635
straight,2,17,2.8,2,0.999987362112864,0.999987991351894,-1283956.64049853,0.337563349399114,0.698098359021746,32.4532032917887,-0.807915631304478,31.645287660649,-31.6349725296283,31.6349725296283,0.091881880105466
straight,2,18,2.85,1,-0.999970545154683,-0.999987801253676,-847544.637925161,-0.456367170512004,0.698117986834824,-49.9293277602535,14.6253141729772,-35.3040135873016,32.1319305268578,32.1319305268578,-0.543406662144498
straight,2,18,2.85,2,-0.999970545154683,-0.999987801253676,841015.002530394,-0.456367170512004,0.698117986834824,49.544663293992,-14.5126381382172,35.0320251557278,-31.8843803902845,31.8843803902845,0.0721623756088473
straight,2,19,2.9,1,0.364651913108925,-0.984050046054706,-2547.57650396367,0.602129225160967,0.698107121228243,6057.3456056889,3435.92142201504,9493.26702770394,1157.23503649249,1157.23503649249,-0.581741165228899
straight,2,19,2.9,2,0.364651913108925,-0.984050046054706,-1838.53925392764,0.602129225160967,0.698107121228243,5767.37965547174,2479.64149377145,5571.74180907596,-1148.31949090795,1148.31949090795,0.0692484635403676
straight,2,20,2.95,1,0.999986365678642,0.999987988063294,1245745.54864313,-0.698021148631939,-0.698117582606082,-33.9700218609012,2.02107845822264,-31.9489434026182,-31.8849512313876,31.8849512313876,0.848682931376411
straight,2,20,2.95,2,0.999986365678642,0.999987988063294,-1236148.10225116,-0.698021148631939,-0.698117582606082,33.7083107401195,-2.00550770849939,31.7028030315414,-31.6393038674558,31.6393038674558,0.113384869159015
straight,2,21,3,1,-0.999972203351999,-0.999987987629491,872459.508542453,0.0738795309454114,0.326428008373844,48.5035738353791,-13.7711429829256,34.732430852484,31.8855269749196,31.8855269749196,-0.223607468045591
straight,2,21,3,2,-0.999972203351999,-0.999987987629491,865737.924530753,0.0738795309454114,0.326428008373844,48.1298936322177,-13.6650476357025,34.4648459965829,-31.6398751753567,31.6398751753567,0.111877705150668
straight,2,22,3.05,1,0.685153482934201,0.626277439196899,-2407.54965218128,0.0187956675216415,0.0254531974384042,3853.86819300873,141.746998621552,-577.046087255125,-4735.98217756676,5071.51275963593,0.067038582934034
straight,2,22,3.05,2,0.685153482934201,0.626277439196899,-4329.72201550759,0.0187956675216415,0.0254531974384042,4493.72490149493,254.916902755385,1374.7103229996,-5032.44091876936,5032.44091876936,0.125604216194887
straight,2,23,3.1,1,-0.119597773498773,0.0508898053576081,-783.640839754378,-0.431318632666721,-0.457073912151462,-6458.58121392844,-133.601029462705,-6592.18224339114,-6496.84423536043,6496.84423536043,0.547729233468218
straight,2,23,3.1,2,-0.119597773498773,0.0508898053576081,113.803934562286,-0.431318632666721,-0.457073912151462,3607.64524295933,19.4021572678542,-10803.8526179925,-6446.79138601747,6446.79138601747,0.140496811192934
straight,2,24,3.15,1,-0.195980345311393,0.0724046163072734,-1300.1178183478,-0.690748937983507,-0.698034638922112,-6379.12187921983,-348.932070777017,-6728.05394999685,-6488.19916268866,6488.19916268866,0.748198881753795
straight,2,24,3.15,2,-0.195980345311393,0.0724046163072734,1.51492339159505,-0.690748937983507,-0.698034638922112,370.740566758071,0.406582656308458,-11529.8150751687,-6201.49769336326,6438.21291653093,0.0812291610587491
straight,2,25,3.2,1,-0.0421690109569205,0.141865126525932,-267.241458975857,-0.210299814247634,-0.116520533108955,-6493.4595837444,-49.1815514022809,-6529.23643674926,-6427.52839400861,6439.47892707586,0.124899072943119
straight,2,25,3.2,2,-0.0421690109569205,0.141865126525932,-4.73843213933332,-0.210299814247634,-0.116520533108955,-1397.89800784853,-0.872033271783235,-3522.29279065751,-3325.71423750835,6389.86803032236,0.0262953260714789
straight,2,26,3.25,1,0.0132504324934712,0.0698318922574796,-65.4343834616725,-0.0184941880068923,-0.0617140136235593,6292.65259132085,-3.70237293501931,4786.83061817638,-1667.58796104928,6489.39243971181,0.0135969459018275
straight,2,26,3.25,2,0.0132504324934712,0.0698318922574796,5.30409268784075,-0.0184941880068923,-0.0617140136235593,-2513.49423192241,0.300113307001632,-2168.33232304562,-2139.62209299301,6439.39700033458,0.0153636608110873
straight,2,27,3.3,1,0.0159344213466171,0.0201112128554409,-19.7401740047846,-0.0102134749141559,-0.0240327729374826,4069.26801019472,-0.0824505911658897,-356.385252356048,-2829.76921284692,6503.95758713381,0.0250553968535967
straight,2,27,3.3,2,0.0159344213466171,0.0201112128554409,1.99629026036181,-0.0102134749141559,-0.0240327729374826,-1473.21778713769,0.00833808820862695,-283.457538142522,-121.232392139156,6453.84993525723,0.000770376516060781
straight,2,28,3.35,1,0.0152071196491991,0.0146400601757029,-2.15728740709168,-0.00678560162154927,-0.00440722663744251,1568.33402693664,0.00122331026124538,-68.4037827296775,-353.149416905495,6504.57610507081,0.00266555414769284
straight,2,28,3.35,2,0.0152071196491991,0.0146400601757029,0.368009381591837,-0.00678560162154927,-0.00440722663744251,-668.276401935195,-0.000208683206167127,69.7392241714134,137.072033823304,6454.46368802148,-0.000871753737834233
straight,2,29,3.4,1,0.0149411881626379,0.0138398988467651,-0.257468059618227,-0.00448097353553714,-0.0028760893591307,568.300939504595,0.000283546823236065,-37.6422077269742,-98.0694242258098,6504.65023550442,0.000730345176815173
straight,2,29,3.4,2,0.0149411881626379,0.0138398988467651,0.0730584339309457,-0.00448097353553714,-0.0028760893591307,-304.405636547797,-8.04584727225524e-05,46.6821939458221,69.9480444404811,6454.53724734098,-0.000443298286822195
straight,2,30,3.45,1,0.0148941101692678,0.0137797658648498,-0.0532615897910209,-0.00290576872372053,-0.00267661908987625,261.745742512676,5.9351749227873e-05,-41.9471013084093,-62.637793911741,6504.6556381703,0.000465623431874897
straight,2,30,3.45,2,0.0148941101692678,0.0137797658648498,0.0188471948649783,-0.00290576872372053,-0.00267661908987625,-155.671667499381,-2.10022642520451e-05,-2.58071244509654,5.94155860647204,6454.54260838375,-3.75300136156626e-05
straight,2,31,3.5,1,0.0148808783438166,0.0137944866672187,-0.0189419061148588,-0.00180637713852409,-0.00256242763900568,156.737443775903,2.05783291420822e-05,-38.932095223285,-45.2940000027671,6504.6543177504,0.000336395796299068
straight,2,31,3.5,2,0.0148808783438166,0.0137944866672187,0.00603590906467564,-0.00180637713852409,-0.00256242763900568,-88.342845684962,-6.55736136856568e-06,-29.1173756971185,-26.1419914948004,6454.5412981366,0.000165299272667593
straight,2,32,3.55,1,0.0148563110199891,0.0138056664812593,-0.0091515273331234,-0.00102933104994269,-0.00242684767843831,109.215035808686,9.61500221358223e-06,-32.7126148960462,-31.5429723586347,6504.65331400636,0.000234101964468644
straight,2,32,3.55,2,0.0148563110199891,0.0138056664812593,0.00211801102504012,-0.00102933104994269,-0.00242684767843831,-52.4401927461434,-2.22527671642782e-06,-40.3373463812284,-39.7616230451236,6454.54030212559,0.000251595608674394
straight,2,33,3.6,1,0.0148187645686197,0.0138115986696045,-0.00515026166154987,-0.000472917237401893,-0.0022708150524609,82.1119949590602,5.18716791651872e-06,-26.5471339933541,-20.8583866442934,6504.65278107342,0.000154719346203721
straight,2,33,3.6,2,0.0148187645686197,0.0138115986696045,0.000712446510524693,-0.000472917237401893,-0.0022708150524609,-30.4758699129221,-7.1755183027289e-07,-44.111858331044,-44.7410568760013,6454.53977329846,0.000283176651384897
straight,2,34,3.65,1,0.0147745992204964,0.0138146181465635,-0.00319576370003094,-6.8802472256619e-05,-0.00210475198936791,64.8166507001436,3.06787266879155e-06,-21.4466858130285,-12.9756430928983,6504.65250972324,9.62092902425469e-05
straight,2,34,3.65,2,0.0147745992204964,0.0138146181465635,0.000191328852788693,-6.8802472256619e-05,-0.00210475198936791,-15.8248070104549,-1.83672077574443e-07,-44.4099863740743,-45.7058459452041,6454.53950403881,0.000289297520428678
straight,2,35,3.7,1,0.0147294560481108,0.0138158034195888,-0.002155911723644,0.000229351313658324,-0.00193702587702135,53.3397638418513,1.96975441316875e-06,-17.4950996438673,-7.34467948621398,6504.65240319054,5.44421785949583e-05
straight,2,35,3.7,2,0.0147294560481108,0.0138158034195888,2.35030358942237e-05,0.000229351313658324,-0.00193702587702135,-5.55685186653841,-2.14736105230046e-08,-43.0390495390574,-44.7207400741099,6454.53939832686,0.000283047763030275
straight,2,36,3.75,1,0.0146870404110444,0.0138157072999557,-0.00157398358709011,0.000453212432950535,-0.00177317854317115,45.6538057564416,1.37146401574172e-06,-14.4978375352128,-3.38679036413439,6504.65241183014,2.50993700520751e-05
straight,2,36,3.75,2,0.0146870404110444,0.0138157072999557,-2.63349197950373e-06,0.000453212432950535,-0.00177317854317115,1.86300795210594,2.29464875952802e-09,-40.835775122599,-42.7571502103298,6454.5394068999,0.000270592169000219
straight,2,37,3.8,1,0.0146495054426789,0.013814727950049,-0.00123656499690175,0.000624596076948833,-0.00161609704531827,40.5245176473073,1.03225662758754e-06,-12.1588523953761,-0.555687760739853,6504.65249985445,4.11758255167215e-06
straight,2,37,3.8,2,0.0146495054426789,0.013814727950049,-4.08861936149362e-05,0.000624596076948833,-0.00161609704531827,7.34870822189212,3.4130874189057e-08,-38.2340788851807,-40.327928072678,6454.53949424605,0.0002551864589807
straight,2,38,3.85,1,0.0146179837696336,0.0138131750140889,-0.00103653302528799,0.00075866411738558,-0.00146745775536809,37.1466225043028,8.34210854163023e-07,-10.3008974655055,1.48974181751057,6504.65263942007,-1.10393444062956e-05
straight,2,38,3.85,2,0.0146179837696336,0.0138131750140889,-9.98305799433683e-05,0.00075866411738558,-0.00146745775536809,11.4937160066282,8.03445248095295e-08,-35.5285665917788,-37.7202408425581,6454.53963273644,0.00023865328203529
straight,2,39,3.9,1,0.0145929912645516,0.0138112798771665,-0.000917580730371431,0.000866059345740598,-0.00132836249141903,34.9827504649755,7.17283305776469e-07,-8.83563921841089,2.94749363003321,6504.65280971876,-2.18432673256661e-05
straight,2,39,3.9,2,0.0145929912645516,0.0138112798771665,-0.000162950867557601,0.000866059345740598,-0.00132836249141903,14.6953818374619,1.27380548754055e-07,-32.8205089307878,-35.0594895466417,6454.53980172311,0.000221788286033312
straight,2,40,3.95,1,0.0145746943591632,0.0138092095259527,-0.000848904751649169,0.000954328895053001,-0.00119909427802191,33.670800346429,6.49823712227828e-07,-7.64861865746111,4.00809151214786,6504.65299573564,-2.97047545638508e-05
straight,2,40,3.95,2,0.0145746943591632,0.0138092095259527,-0.000223681736525827,0.000954328895053001,-0.00119909427802191,17.2267158111884,1.71224976776724e-07,-30.1847438109574,-32.437844283713,6454.53998630688,0.000205175718208296
straight,2,41,4,1,0.0145630775237954,0.0138070785749051,-0.000812938074962059,0.00102886902629847,-0.00107951809182876,32.9637397861418,6.14580330184184e-07,-6.6621392974654,4.80022468007995,6504.65318716817,-3.55768541827829e-05
straight,2,41,4,2,0.0145630775237954,0.0138070785749051,-0.000279968233964481,0.00102886902629847,-0.00107951809182876,19.278982707755,2.11655690599809e-07,-27.6672361062722,-29.9134182322127,6454.54017626458,0.000189183470980334
straight,2,42,4.05,1,0.0145580446980238,0.0138049629856007,-0.000799110589216973,0.0010935434411786,-0.000969241661429647,32.6881540330162,6.01795570942936e-07,-5.82235438644473,5.41191033775824,6504.65337719145,-4.01116191132383e-05
straight,2,42,4.05,2,0.0145580446980238,0.0138049629856007,-0.00033172569978588,0.0010935434411786,-0.000969241661429647,20.9878904474646,2.49816558049495e-07,-25.2933761222689,-27.5200601908459,6454.5403648239,0.000174025408080909
straight,2,43,4.1,1,0.0145594785546757,0.0138029121150412,-0.000800481414401798,0.00115107347364932,-0.000867721934640327,32.7145376314719,6.05617373687555e-07,-5.09105277163637,5.90405200864962,6504.65356137387,-4.37603447454078e-05
straight,2,43,4.1,2,0.0145594785546757,0.0138029121150412,-0.000379640215477642,0.00115107347364932,-0.000867721934640327,22.450293090146,2.87223046165993e-07,-23.0746918994518,-25.2751304090245,6454.54054758734,0.000159810818662429
straight,2,44,4.15,1,0.0145672730279992,0.0138009584118649,-0.00081173366304922,0.00120326118941222,-0.000774334330015863,32.9345980887318,6.22043370402859e-07,-4.44019724391011,6.31931267393891,6504.65373680452,-4.68392198816937e-05
straight,2,44,4.15,2,0.0145672730279992,0.0138009584118649,-0.000424590554740648,0.00120326118941222,-0.000774334330015863,23.7347971410153,3.25369947970332e-07,-21.0136279012776,-23.1850028191577,6454.54072166644,0.000146579389780795
straight,2,45,4.2,1,0.0145813484001438,0.0137991251676234,-0.000827770886196396,0.00125107925955673,-0.000688416500351985,33.2419306736556,6.47501618386856e-07,-3.84811992932933,6.68800388573414,6504.65390139611,-4.95729241503703e-05
straight,2,45,4.2,2,0.0145813484001438,0.0137991251676234,-0.000467345607949251,0.00125107925955673,-0.000688416500351985,24.8881321007947,3.65568592154294e-07,-19.1067803577328,-21.2487637309727,6454.54088498999,0.000134324700548345
straight,2,46,4.25,1,0.0146016537953072,0.0137974331141486,-0.000842510851042134,0.00129464001206985,-0.000609294559930313,33.5129383708891,6.77564650508607e-07,-3.29671278496284,7.03200651095434,6504.65405329196,-5.21236652479197e-05
straight,2,46,4.25,2,0.0146016537953072,0.0137974331141486,-0.000508362328670423,0.00129464001206985,-0.000609294559930313,25.9383161764194,4.08835498238693e-07,-17.3470119599059,-19.4605855670104,6454.5410357156,0.000123009290449963
straight,2,47,4.3,1,0.0146281581224188,0.0137959066460348,-0.000847768076471306,0.00133305054162519,-0.000536296974100472,33.5867617969659,7.05556233274506e-07,-2.76914092305992,7.367365551375,6504.6541903072,-5.46104017932602e-05
straight,2,47,4.3,2,0.0146281581224188,0.0137959066460348,-0.000547586495587606,0.00133305054162519,-0.000536296974100472,26.895093815442,4.5572966940075e-07,-15.7247677596869,-17.8111287048102,6454.54117167526,0.000112573553101816
straight,2,48,4.35,1,0.0146608254354106,0.0137945808407324,-0.000832457110916741,0.00136417046375313,-0.000468757430462694,33.2453510193024,7.21111472633089e-07,-2.24749138383066,7.70621632412589,6504.65430929872,-5.71231169576022e-05
straight,2,48,4.35,2,0.0146608254354106,0.0137945808407324,-0.000584199589753758,0.00136417046375313,-0.000468757430462694,27.7478815712558,5.06059736837436e-07,-14.2287970300782,-16.288193888136,6454.54128975004,0.000102939874676255
straight,2,49,4.4,1,0.0146995627244525,0.0137935158759542,-0.000779812258723186,0.00138385442277221,-0.000406012117145335,32.1357303406664,7.06546439436544e-07,-1.71102194891716,8.05762868762558,6504.65440487142,-5.97290736713704e-05
straight,2,49,4.4,2,0.0146995627244525,0.0137935158759542,-0.000616291790775507,0.00138385442277221,-0.000406012117145335,28.4615355921754,5.5838923478757e-07,-12.8463639352307,-14.8767265787946,6454.54138458643,9.4012666261558e-05
straight,2,50,4.45,1,0.0147441050401748,0.0137928022724275,-0.000670225477726154,0.00138526532636167,-0.000347396823931443,29.7496396237217,6.37587351975663e-07,-1.13280778717433,8.42738508193632,6504.65446890792,-6.2471165051978e-05
straight,2,50,4.45,2,0.0147441050401748,0.0137928022724275,-0.000640191349466736,0.00138526532636167,-0.000347396823931443,28.9637690381643,6.090158026356e-07,-11.5634112838008,-13.5583410034457,6454.54144812959,8.56753567314568e-05
straight,2,51,4.5,1,0.0147939533124875,0.0137927257915914,-0.000487755599977352,0.00135768624522924,-0.000292230095050799,25.3398833070845,4.88354330168522e-07,-0.475695582999293,8.81785521679588,6504.65447577087,-6.53669812567687e-05
straight,2,51,4.5,2,0.0147939533124875,0.0137927257915914,-0.000649812337531968,0.00135768624522924,-0.000292230095050799,29.1311913536339,6.50609995754844e-07,-10.3637323663833,-12.3097423062917,6454.54145493966,7.77804197824562e-05
straight,2,52,4.55,1,0.0148475069380731,0.0137942166298862,-0.000240056469968416,0.00128435656093905,-0.00023979860126766,17.7495730861361,2.52849153235277e-07,0.312705957045836,9.22564549510558,6504.65434198478,-6.83913715077543e-05
straight,2,52,4.55,2,0.0148475069380731,0.0137942166298862,-0.000635964029760143,0.00128435656093905,-0.00023979860126766,28.7674150211814,6.69854748901801e-07,-9.22786946161299,-11.1004803547396,6454.54132218428,7.01351829029188e-05
straight,2,53,4.6,1,0.0148979790284389,0.0137998855407957,-2.10539445408952e-05,0.0011396740695991,-0.000189449942882905,5.24984209024884,2.31191993895599e-08,1.29614203621281,9.62272944351578,6504.65383313125,-7.1336479549644e-05
straight,2,53,4.6,2,0.0148979790284389,0.0137998855407957,-0.000585813449227067,0.0011396740695991,-0.000189449942882905,27.5641674637188,6.43277933570093e-07,-8.13171374033627,-9.88959342293945,6454.54081725105,6.24806309183173e-05
straight,2,54,4.65,1,0.0149083615980797,0.0138044253270961,0.000162626725184006,0.000886004474278991,-0.000140126438381627,-14.5809385692768,-1.79529540561911e-07,2.60639089833407,10.017919618843,6504.65342547957,-7.42676609594973e-05
straight,2,54,4.65,2,0.0149083615980797,0.0138044253270961,-0.000483989112999862,0.000886004474278991,-0.000140126438381627,25.0477871299049,5.34293136601742e-07,-7.0448953851893,-8.62149298835358,6454.54041273999,5.4465434827851e-05
straight,2,55,4.7,1,0.0148493522739324,0.013803615304136,0.00159457254787984,0.00046423934779558,-9.13594539617244e-05,-45.6993660352521,-1.66750346434036e-06,4.20018518494729,10.2757932541391,6504.65349822569,-7.61804102831083e-05
straight,2,55,4.7,2,0.0148493522739324,0.013803615304136,-0.000323292589785904,0.00046423934779558,-9.13594539617244e-05,20.5153609802821,3.38079013200336e-07,-5.92048989416797,-7.21273006702142,6454.54048492566,4.55623954163981e-05
straight,2,56,4.75,1,0.0148493522739324,0.0139262217872769,5.43774705894228e-06,0.00046423934779558,-3.58077772694733e-05,-2.67262271679185,-5.01975008883077e-09,7.56995325135047,11.2675556845317,6504.64243866052,-8.35371709584122e-05
straight,2,56,4.75,2,0.0148493522739324,0.0139262217872769,-0.000127289588618356,0.00046423934779558,-3.58077772694733e-05,12.8763319911269,1.17504899887438e-07,-4.71767196152986,-5.56990210576209,6454.52951056536,3.51817596882741e-05
sCurve,1.35,1,1.35,1,-0.99998796493815,-0.999987999991358,1325935.70238423,0.698031957365297,0.698122114257012,31.9156284296633,-0.0464783004157708,31.8691501291469,31.8691162361492,31.8691162361492,-0.620327111937432
sCurve,1.35,1,1.35,2,-0.99998796493815,-0.999987999991358,1315720.45671331,0.698031957365297,0.698122114257012,31.6697447231122,-0.0461202232810651,31.6236244996544,31.6235908678513,31.6235908678513,-0.0174659052179271
sCurve,1.35,2,1.4,1,0.297005433675878,-0.530540872605598,553.56918332971,-0.0226624496938673,-0.37836644264485,-4458.09536530502,-458.104132935755,-25629.8520585333,-5514.25575785582,5514.25575785582,0.40330704386836
sCurve,1.35,2,1.4,2,0.297005433675878,-0.530540872605598,-206.340640119027,-0.0226624496938673,-0.37836644264485,2992.72812423896,170.756434566256,3149.06499445262,2899.82539496749,5471.77294578773,-0.0230573362492661
sCurve,1.35,3,1.45,1,0.10136390559397,-0.122316503741442,144.122255119484,-0.054210003371764,-0.0723467190914246,-4262.79449991037,-32.2373250194689,5423.48433914099,6393.55831473636,6456.42613067234,-0.112397097111146
sCurve,1.35,3,1.45,2,0.10136390559397,-0.122316503741442,-1.6544416881254,-0.054210003371764,-0.0723467190914246,547.075460748466,0.370066194021459,-3579.53600801904,-3286.20320937546,6406.6846696329,0.0258699645679361
sCurve,1.35,4,1.5,1,0.0241603676861647,-0.0279468467463515,-5.96050833218769,-0.0217407579325176,-0.0709247808041533,2027.23222638828,0.310585485792104,5022.78392468271,4741.92852144752,6502.73239367187,-0.0509887154075316
sCurve,1.35,4,1.5,2,0.0241603676861647,-0.0279468467463515,0.381726458641053,-0.0217407579325176,-0.0709247808041533,-542.349470232688,-0.0198907024349744,-2159.77481669367,-2120.23464432328,6452.63418090473,0.0151990394787561
sCurve,1.35,5,1.55,1,0.0157983314063669,0.00983290286342806,-5.35256855252062,-0.00325464215590954,-0.036582972845498,2342.37397251959,0.0319303652212435,4027.70042394603,4094.9865220672,6504.95879251201,-0.0407229431717753
sCurve,1.35,5,1.55,2,0.0157983314063669,0.00983290286342806,0.110358459430937,-0.00325464215590954,-0.036582972845498,-363.06742526664,-0.000658335503844075,-1227.78248882147,-1250.54790160676,6454.84342717023,0.008469620631803
sCurve,1.35,6,1.6,1,0.0150728413186645,0.0186447229122506,-3.12999809214972,0.00828397341495878,-0.0162002086972317,1873.08160921367,-0.0111799825733094,2775.94088200364,2959.95686458567,6504.14248612381,-0.0264828800683891
sCurve,1.35,6,1.6,2,0.0150728413186645,0.0186447229122506,0.00749294995307888,0.00828397341495878,-0.0162002086972317,-97.7684830520766,2.67639300190648e-05,-620.936759280524,-646.424133233529,6454.03340975236,0.00422628529707735
sCurve,1.35,7,1.65,1,0.0147197987517577,0.0197786431968381,-1.68156249155258,0.0156311487328584,-0.000630302382527911,1416.2377328618,-0.00850676306944628,2188.87050207285,2337.30053401671,6504.00074570399,-0.0199404656133166
sCurve,1.35,7,1.65,2,0.0147197987517577,0.0197786431968381,-0.00711753450988986,0.0156311487328584,-0.000630302382527911,96.4289777263242,-3.60064999180241e-05,-269.858253696209,-297.915601867382,6453.89276132607,0.00191092395847636
sCurve,1.35,8,1.7,1,0.0142879351153121,0.0191059765688636,-0.860033008047273,0.0200078460420722,0.0104764260010586,1043.36333028179,-0.00414367468419427,1755.19564993585,1858.57986410651,6504.08583901282,-0.0153406676429093
sCurve,1.35,8,1.7,2,0.0142879351153121,0.0191059765688636,-0.0371042757454237,0.0200078460420722,0.0104764260010586,222.487601016842,-0.000178769938645454,-40.2421581949461,-64.9872622628904,6453.97719906084,0.000411752906683493
sCurve,1.35,9,1.75,1,0.0137882118864517,0.0182092210126997,-0.539791524103158,0.0230424941287636,0.0188503918201187,847.763294217314,-0.00238642325433138,1481.61318675109,1542.12086986439,6504.19469968685,-0.0124708072500274
sCurve,1.35,9,1.75,2,0.0137882118864517,0.0182092210126997,-0.0651513252816745,0.0230424941287636,0.0188503918201187,299.30061702368,-0.000288034603657435,117.2061205826,100.716659344193,6454.08522105278,-0.000639321317575562
sCurve,1.35,10,1.8,1,0.0132222002959284,0.0177949067124542,-0.340012248371648,0.0248665210012967,0.026367834075929,691.130201750388,-0.0015547761898264,1430.51266999797,1439.38672953377,6504.24322721385,-0.0115654185906424
sCurve,1.35,10,1.8,2,0.0132222002959284,0.0177949067124542,-0.086215141928322,0.0248665210012967,0.026367834075929,350.948459691128,-0.000394236532697321,237.762830471347,228.036057076656,6454.13337471504,-0.00145725239164182
sCurve,1.35,11,1.85,1,0.0122477517978313,0.0188774462254269,-0.256525206287691,0.0262569015874385,0.0347508812190546,625.265659700429,-0.00170068373066332,1627.46762612707,1566.79274754022,6504.11407817834,-0.0126901070494702
sCurve,1.35,11,1.85,2,0.0122477517978313,0.0188774462254269,-0.0953028008411103,0.0262569015874385,0.0347508812190546,382.945712583276,-0.000631828447670563,346.051640302101,343.070559034514,6454.00522066678,-0.00220590604989202
sCurve,1.35,12,1.9,1,0.0101443144288894,0.0286243493503225,-0.27270102147536,0.0282690696251728,0.0461235322487972,706.27925163161,-0.00503952439997514,2133.22477192507,1966.38646222902,6502.60767952828,-0.0163484668312751
sCurve,1.35,12,1.9,2,0.0101443144288894,0.0286243493503225,-0.0889318318270863,0.0282690696251728,0.0461235322487972,406.14613196216,-0.00164346335779157,467.608895015193,472.162043543942,6452.5104275812,-0.00305733208059554
sCurve,1.35,13,1.95,1,0.00601269893875784,0.0997734186328761,-0.289911350212794,0.0318322090422084,0.0634162290100802,937.736423770171,-0.0271822968434451,3055.29628190278,2694.78004621558,6472.81316340613,-0.0236338084043608
sCurve,1.35,13,1.95,2,0.00601269893875784,0.0997734186328761,-0.06086077645183,0.0318322090422084,0.0634162290100802,435.966378112853,-0.00570635020126643,632.062074908191,644.574650574141,6422.94545373722,-0.00421449372175878
sCurve,1.35,14,2,1,0.00542270796178806,0.640339860632409,-0.948421567198997,0.0415040475919743,0.0897951098302344,1729.88735618888,-0.602169120977395,4260.40972950759,3420.3256018386,4996.64642990847,-0.0354442516273243
sCurve,1.35,14,2,2,0.00542270796178806,0.640339860632409,-0.0686643254624953,0.0415040475919743,0.0897951098302344,486.718975689829,-0.0435961580126963,879.138147546257,883.789913791211,4958.15137262896,-0.00594962111318384
sCurve,1.35,15,2.05,1,0.119333634150924,0.999987931863008,5.43467727186198,0.0275296622401245,-0.115682192398569,-902.615023034918,4.78607189614344,-23090.4530525261,-31.9594538507344,31.9594538507344,0.189844774211054
sCurve,1.35,15,2.05,2,0.119333634150924,0.999987931863008,-2.50914538051878,0.0275296622401245,-0.115682192398569,617.425824572944,-2.20968966293828,1254.44279104063,31.7132325053052,31.7132325053052,-0.00847295818819783
sCurve,1.35,16,2.1,1,0.825273209607422,0.999987978254168,9506.47703772751,-0.269617903851494,0.698121578209254,-3673.74692236982,1660.92193629217,-2012.82498607765,31.8979673584836,31.8979673584836,-0.758799405832936
sCurve,1.35,16,2.1,2,0.825273209607422,0.999987978254168,-51.8545507661648,-0.269617903851494,0.698121578209254,454.729783640852,-9.05975584039146,-1200.01424562149,-31.6522197159819,31.6522197159819,0.00806270376392053
sCurve,1.35,17,2.15,1,0.999965274613202,0.992234697592827,780576.893162408,-0.589541798468992,-0.609972697270612,-54.2126103747888,-6034.30979291655,-6088.52240329131,-809.123811944709,809.123811944709,0.566774613454671
sCurve,1.35,17,2.15,2,0.999965274613202,0.992234697592827,774563.189244219,-0.589541798468992,-0.609972697270612,-53.7949467335999,-5987.82039159926,-6041.61533833283,-571.470207244848,802.890177461271,0.00516269515711981
sCurve,1.35,18,2.2,1,0.989735702349637,0.999987998798401,45052.8705631515,-0.69812052288383,0.698122069128301,-929.667954020662,461.895384881188,-467.772569139473,31.8707002902859,31.8707002902859,-0.804988495664913
sCurve,1.35,18,2.2,2,0.989735702349637,0.999987998798401,42748.623778924,-0.69812052288383,0.698122069128301,-920.650200183001,438.271563758178,-360.989389211623,31.6251627181517,31.6251627181517,-0.030935245802198
sCurve,1.35,19,2.25,1,0.99998799515653,0.999987999973324,1327603.49462445,-0.698121113351389,0.698122087458238,-31.8755356166713,0.00639479249908234,-31.8691408240702,31.8691401826132,31.8691401826132,-0.77321134092146
sCurve,1.35,19,2.25,2,0.99998799515653,0.999987999973324,1317375.39998398,-0.698121113351389,0.698122087458238,-31.6299607923183,0.00634552587455808,-31.6236152662896,31.6236146298274,31.6236146298274,-0.0228443974530179
sCurve,1.35,20,2.3,1,-0.979289379444253,-0.999987998642024,31464.8298270776,0.236336177765355,0.698122086960346,1317.09393218073,-651.278530713362,665.815401467371,31.8709079268905,31.8709079268905,-0.738199933985257
sCurve,1.35,20,2.3,2,-0.979289379444253,-0.999987998642024,-31222.419153544,0.236336177765355,0.698122086960346,-1306.94680508799,646.260964492415,-660.685840595572,31.6253687550868,31.6253687550868,-0.0167309847973895
sCurve,1.35,21,2.35,1,-0.999987993761139,-0.999987999979604,-1327526.34247145,-0.698118395848333,-0.698122107793829,-31.8773880900054,0.00825517678793708,-31.8691329131834,-31.869131844036,31.869131844036,0.632117472113685
sCurve,1.35,21,2.35,2,-0.999987993761139,-0.999987999979604,-1317298.84222496,-0.698118395848333,-0.698122107793829,-31.6317989938667,0.00819157743029554,-31.6236074164044,31.6236063554922,31.6236063554922,-0.00998002190839348
sCurve,1.35,22,2.4,1,0.998080028573601,0.999987999453176,-104827.949106811,0.698119267625081,0.698122018646264,402.920503550449,-200.008674261383,202.911829289063,31.8698308644615,31.8698308644615,-0.721499429168297
sCurve,1.35,22,2.4,2,0.998080028573601,0.999987999453176,104020.335848205,0.698119267625081,0.698122018646264,-399.8163319664,198.467771682004,-201.348560284401,31.6242999905393,31.6242999905393,-0.00768701738228202
sCurve,1.35,23,2.45,1,-0.999987993597564,-0.999987999976878,-1327517.29918965,-0.698121155149733,-0.698122110054647,-31.8776052391766,0.00846865008893292,-31.8691365891136,-31.8691354638352,31.8691354638352,0.714209516706042
sCurve,1.35,23,2.45,2,-0.999987993597564,-0.999987999976878,-1317289.86861422,-0.698121155149733,-0.698122110054647,-31.6320144700819,0.00840340609482074,-31.6236110641621,31.6236099474037,31.6236099474037,-0.0134351660748311
sCurve,1.35,24,2.5,1,0.983589534401698,0.95247868338519,-35464.4385944527,0.619657493423887,0.698122107173616,1173.68593852794,1103.32886549614,2277.01480402408,1981.5403883994,1981.5403883994,-0.651982056189373
sCurve,1.35,24,2.5,2,0.983589534401698,0.95247868338519,35191.2142200189,0.619657493423887,0.698122107173616,-1164.64365225342,-1094.82862268905,-2259.47227494247,1932.57367310554,1966.27424703377,-0.0276378337065574
sCurve,1.35,25,2.55,1,0.999987985128526,0.999987999784166,-1327049.33834425,0.698119028661393,0.698122104426646,31.8888460516078,-0.0194487578533066,31.8693972937763,31.8693913591588,31.8693913591588,-0.618471134687747
sCurve,1.35,25,2.55,2,0.999987985128526,0.999987999784166,1316825.51302283,0.698119028661393,0.698122104426646,-31.6431686812847,0.019298921146211,-31.6238697601948,31.623863871264,31.623863871264,-0.0707220963837196
sCurve,1.35,26,2.6,1,-0.999284868811982,-0.999987999596757,-171919.309544113,-0.698117195242294,-0.698122104099731,-245.977704779291,120.881759037712,-125.095945741603,-31.8696402107865,31.8696402107865,0.780612628826697
sCurve,1.35,26,2.6,2,-0.999284868811982,-0.999987999596757,-170594.812451675,-0.698117195242294,-0.698122104099731,-244.082648571535,119.950464357674,-124.132184213842,31.6241108056943,31.6241108056943,-0.101358918028098
sCurve,1.35,27,2.65,1,0.930821038204501,0.283340369314188,-16568.1380770114,0.698119261500701,0.698122055868617,2377.51670456375,10727.5491243704,13105.0658289341,6238.68336873351,6238.68336873351,-0.615367495072925
sCurve,1.35,27,2.65,2,0.930821038204501,0.283340369314188,2162.39924056667,0.698119261500701,0.698122055868617,-1270.85774487077,-1400.11170669001,13981.6121524877,6190.61943685501,6190.61943685501,-0.14973970006213
sCurve,1.35,28,2.7,1,0.993845806084235,0.866553041232539,58365.0930705465,-0.697992274464861,0.69812207273402,-720.604415110686,-7429.4540677764,-8150.05848288709,3246.68424878641,3246.68424878641,-0.569453156592872
sCurve,1.35,28,2.7,2,0.993845806084235,0.866553041232539,-57915.4379603858,-0.697992274464861,0.69812207273402,715.052749883883,7372.21622557435,8087.26897545823,3221.67121296754,3221.67121296754,-0.10821790684769
sCurve,1.35,29,2.75,1,0.523953238500244,-0.999987968363211,-4001.72690119376,0.69811771660298,0.698122069056003,5540.84720225561,6098.39652334318,11639.2437255988,31.9110866953461,31.9110866953461,-0.645979019657696
sCurve,1.35,29,2.75,2,0.523953238500244,-0.999987968363211,-1200.21129450714,0.69811771660298,0.698122069056003,4089.55990245807,1829.05144864236,7623.65663592552,31.665237979128,31.665237979128,-0.0638318695401608
sCurve,1.35,30,2.8,1,0.999983961234669,0.97627206891658,-1148576.31735028,0.407382627815506,0.698122086652149,36.8437875033829,27234.9179561174,27271.7617436207,1408.70108259117,1408.70108259117,-0.627353651105071
sCurve,1.35,30,2.8,2,0.999983961234669,0.97627206891658,-1139727.48008582,0.407382627815506,0.698122086652149,36.5599363783869,27025.0952797624,27061.6552161407,1397.84819763628,1397.84819763628,-0.0349582913611131
sCurve,1.35,31,2.85,1,-0.983626158486313,-0.999987992301322,-35505.073093784,-0.698017178804177,-0.329418058520431,-1172.38634223956,580.928105550238,-591.45823668933,-31.8793259762961,31.8793259762961,0.607593399829291
sCurve,1.35,31,2.85,2,-0.983626158486313,-0.999987992301322,35231.5356639036,-0.698017178804177,-0.329418058520431,1163.35406828716,-576.45253158035,586.901536706813,-31.633721950335,31.633721950335,0.153936090079476
sCurve,1.35,32,2.9,1,0.999981052917198,0.999987999721517,1056752.29569847,-0.160911228574031,-0.326240240175536,-40.0451258674904,7.34105141187972,-32.7040744554251,-31.8694745477849,31.8694745477849,0.609138943683592
sCurve,1.35,32,2.9,2,0.999981052917198,0.999987999721517,-1048610.88711097,-0.160911228574031,-0.326240240175536,39.7366110594769,-7.28449463954126,32.452116419794,-31.6239464189901,31.6239464189901,0.141704429669118
sCurve,1.35,33,2.95,1,0.30425345846405,-0.503973048321262,-2077.75598910643,0.654592958077037,0.698121959968954,6196.86553360473,1679.29746502775,7876.16299863248,5618.73060489914,5618.73060489914,-0.468614028718708
sCurve,1.35,33,2.95,2,0.30425345846405,-0.503973048321262,-2061.74858555377,0.654592958077037,0.698121959968954,6149.12377380327,1666.35985717169,7815.48363097496,-5575.44289993386,5575.44289993386,0.115532859923958
sCurve,1.35,34,3,1,-0.281503561630516,-0.999987732143253,-1908.43433419962,-0.353157129491096,-0.225149880728589,-6242.20122327937,1371.17985958544,-4871.02136369393,-32.2228210715969,32.2228210715969,0.475323302530324
sCurve,1.35,34,3,2,-0.281503561630516,-0.999987732143253,1893.73141494373,-0.353157129491096,-0.225149880728589,6194.1101892206,-1360.61604483976,4833.49414438085,-31.9745706980196,31.9745706980196,0.170114742808897
sCurve,1.35,35,3.05,1,0.0397792728731613,0.072719220976711,-93.2752461370753,0.0419956429897467,0.12078379200471,5135.43206842419,-3.07248176710109,-1363.59637448371,-6372.85221227246,6488.05026573094,0.106196838381014
sCurve,1.35,35,3.05,2,0.0397792728731613,0.072719220976711,-231.602967931416,0.0419956429897467,0.12078379200471,6402.59226912947,-7.62898974428894,4700.60303821241,-6438.06516670199,6438.06516670199,0.223919151150614
sCurve,1.35,36,3.1,1,0.0425543566407467,-0.0830774823344322,-88.9260460059694,0.0562285416057944,0.02234286245418,4937.01322219215,11.1719426925213,-6828.51298423961,-6482.78514575722,6482.78514575722,0.194723464749856
sCurve,1.35,36,3.1,2,0.0425543566407467,-0.0830774823344322,-152.619413956666,0.0562285416057944,0.02234286245418,5808.34462629292,19.1738576386901,-4412.06639612925,-6432.84061015372,6432.84061015372,0.272565719521734
sCurve,1.35,37,3.15,1,0.0236260679506242,-0.0609715143773629,0.0463405987055556,0.0193095382753719,0.0548883442189843,-194.259494834662,-0.00392030261412145,-14234.9675176745,-6481.61816551362,6493.17026580464,0.126173442550903
sCurve,1.35,37,3.15,2,0.0236260679506242,-0.0609715143773629,-36.4516330432948,0.0193095382753719,0.0548883442189843,4405.47834151846,3.0837200273697,-14958.3349506182,-6443.14572137988,6443.14572137988,0.256235792211828
sCurve,1.35,38,3.2,1,0.0110818447190987,-0.0128187115064498,0.704631875417242,0.00449245122984163,0.00645560296364787,-1071.26057811996,-0.0168410937567235,-11737.7435270798,-6421.36490491996,6504.73879132671,0.11030546911603
sCurve,1.35,38,3.2,2,0.0110818447190987,-0.0128187115064498,-4.45885209797712,0.00449245122984163,0.00645560296364787,2519.34455930526,0.106569045269107,-16651.350852408,-6454.62512091339,6454.62512091339,0.172624652002289
sCurve,1.35,39,3.25,1,0.00610005469779935,0.00676488817982947,0.0335801790661394,0.00170918679029086,0.00416748014054819,-324.084985906528,2.23252273757362e-05,-6214.36905441173,-4934.81976327102,6505.12443004125,0.054511969518125
sCurve,1.35,39,3.25,2,0.00610005469779935,0.00676488817982947,-0.40387536383724,0.00170918679029086,0.00416748014054819,1087.93137487433,-0.000268509864446092,-9832.03491320924,-6226.26004483217,6455.00778859833,0.0819331313161975
sCurve,1.35,40,3.3,1,0.00576629510101574,0.0112175730347291,-0.00436582406991422,0.0022633859670856,0.0064066489128046,121.048441371511,-2.37993204147982e-05,-2380.00094181303,-2463.31946004994,6504.86397949493,0.0212087951823455
sCurve,1.35,40,3.3,2,0.00576629510101574,0.0112175730347291,-0.0512271715738517,0.0022633859670856,0.0064066489128046,408.834554705579,-0.000279253550007087,-3953.79110835786,-3712.06327214523,6454.74934460958,0.0303406230813774
sCurve,1.35,41,3.35,1,0.00712429022939928,0.0119686830558714,-0.0321108004705339,0.0036833089262544,0.00755298081689811,293.564504420913,-0.000155557331451731,-745.712673204354,-955.24812392837,6504.80732962043,0.00745578884731476
sCurve,1.35,41,3.35,2,0.00712429022939928,0.0119686830558714,-0.0108727474171218,0.0036833089262544,0.00755298081689811,170.889942842899,-5.26718595915478e-05,-1262.47954379847,-1386.67440049186,6454.69313117584,0.00947062462136455
sCurve,1.35,42,3.4,1,0.00880408826925148,0.0122051609653935,-0.0469919823425113,0.00494845979399185,0.00790915020719744,319.165859541567,-0.000159823148082701,-174.608122820098,-313.446061522112,6504.78873430403,0.002360866048951
sCurve,1.35,42,3.4,2,0.00880408826925148,0.0122051609653935,-0.00604852725517559,0.00494845979399185,0.00790915020719744,114.879517818882,-2.05714808994483e-05,-284.07909451156,-340.827802058953,6454.67467912108,0.00219121645383693
sCurve,1.35,43,3.45,1,0.0102679007291734,0.0124068343298217,-0.0475854787926516,0.0058825559009632,0.00780926009800176,297.621969911297,-0.000101782179492541,8.26286124689994,-77.1599873518549,6504.77258834649,0.000574005958238462
sCurve,1.35,43,3.45,2,0.0102679007291734,0.0124068343298217,-0.00751799289160682,0.0058825559009632,0.00780926009800176,118.578225971474,-1.60804876052931e-05,36.6652630587623,24.2892867538564,6454.65865755488,-0.000153569633032059
sCurve,1.35,44,3.5,1,0.0113880036471331,0.0125952594307904,-0.0413457596066387,0.00648703727983408,0.00750461173270134,263.73714504594,-4.99149074148197e-05,57.214534649445,4.30448482577827,6504.75726390603,-3.19018683834953e-05
sCurve,1.35,44,3.5,2,0.0113880036471331,0.0125952594307904,-0.0110375103118455,0.00648703727983408,0.00750461173270134,136.34186008795,-1.33250981611527e-05,131.123012802303,130.363072704579,6454.64345117666,-0.000828793881652693
sCurve,1.35,45,3.55,1,0.0121902312982093,0.0127609134745035,-0.0331085853682945,0.00680678879506681,0.00709012434096088,228.389940854034,-1.88944795520024e-05,60.1851618444741,28.2666763554091,6504.74360058717,-0.000209750982739395
sCurve,1.35,45,3.55,2,0.0121902312982093,0.0127609134745035,-0.0149010221365373,0.00680678879506681,0.00709012434096088,153.024082162632,-8.50374774188797e-06,150.622044281451,150.273029404614,6454.62989312244,-0.000956372761539379
sCurve,1.35,46,3.6,1,0.0127445434880268,0.0129031461150567,-0.0250183530144421,0.00689070893610731,0.00659709382670549,194.398009792668,-3.96797651205088e-06,47.0175762674143,29.8643078792562,6504.73172661743,-0.000221624307881989
sCurve,1.35,46,3.6,2,0.0127445434880268,0.0129031461150567,-0.0180015458551403,0.00689070893610731,0.00659709382670549,164.426716371548,-2.8550924632237e-06,145.790939861151,143.063744048724,6454.61811063189,-0.000910146193679168
sCurve,1.35,47,3.65,1,0.0131198016922868,0.0130247072077295,-0.0178549884250101,0.00678094540363196,0.00603625705877723,162.041910236091,1.69791092105368e-06,27.904771801796,21.7638939733499,6504.72147403653,-0.000161443553493151
sCurve,1.35,47,3.65,2,0.0131198016922868,0.0130247072077295,-0.0198211707310658,0.00678094540363196,0.00603625705877723,170.016974377584,1.88488401399382e-06,133.223447452126,127.794855908784,6454.60793703871,-0.000812356816473283
sCurve,1.35,48,3.7,1,0.0133704528393473,0.0131285230672479,-0.0118525980749432,0.00651125540033818,0.00541241034384205,130.921848873373,2.86749635105718e-06,6.39095663232035,8.77428852064724,6504.7126419823,-6.50438746182943e-05
sCurve,1.35,48,3.7,2,0.0133704528393473,0.0131285230672479,-0.0202792402182559,0.00651125540033818,0.00541241034384205,170.347919039106,4.90615196435232e-06,118.212718990492,110.46757022246,6454.59917302819,-0.000701574827754857
sCurve,1.35,49,3.75,1,0.0135362214390536,0.0132170840030787,-0.00706735476627712,0.00610824098824356,0.00472886156049408,100.580252627557,2.25545747923444e-06,-16.2576951634272,-7.08518240849645,6504.70505229922,5.25179664814732e-05
sCurve,1.35,49,3.75,2,0.0135362214390536,0.0132170840030787,-0.0195339924998493,0.00610824098824356,0.00472886156049408,166.185378890466,6.23402828075419e-06,102.340214188078,92.8063603600157,6454.59164181739,-0.000588865261204111
sCurve,1.35,50,3.8,1,0.0136449307710261,0.0132923686001389,-0.00350819869222442,0.00559290907854196,0.00398867998021889,70.6539981278392,1.23685814683436e-06,-39.5694476211416,-24.807661852599,6504.69856026808,0.000184050868131673
sCurve,1.35,50,3.8,2,0.0136449307710261,0.0132923686001389,-0.0178435864275503,0.00559290907854196,0.00398867998021889,158.241882867166,6.29097356731093e-06,85.9988790614747,75.1721002269571,6454.58519980202,-0.000476535593112089
sCurve,1.35,51,3.85,1,0.013715588504169,0.0133559130361167,-0.00117881996560568,0.004982046178748,0.00319494375134475,40.8922057815322,4.23992622878597e-07,-63.3598596702019,-43.8480793791249,6504.69305192676,0.000325632769169916
sCurve,1.35,51,3.85,2,0.013715588504169,0.0133559130361167,-0.0154904330904658,0.004982046178748,0.00319494375134475,147.11576629398,5.57152877214582e-06,69.2265863023139,57.5267812457251,6454.57973389795,-0.000364342475181093
sCurve,1.35,52,3.9,1,0.0137609116697347,0.0134089753221219,-8.75835896998431e-05,0.00428930144768127,0.00235268935111619,11.1392027021937,3.08238486697818e-08,-87.2883626880687,-63.6132695374506,6504.68843209846,0.000472898523843201
sCurve,1.35,52,3.9,2,0.0137609116697347,0.0134089753221219,-0.0127463071924679,0.00428930144768127,0.00235268935111619,133.29467437407,4.48588879886804e-06,51.9749609264811,39.7445793686237,6454.57514966163,-0.000251487537904212
sCurve,1.35,53,3.95,1,0.013788600572436,0.0134525003063499,0.000245993206873101,0.00352605542469379,0.00146097492837254,-18.6447261350789,-8.26783822854228e-08,-111.626734122043,-84.598619867752,6504.68462895057,0.000629585493948202
sCurve,1.35,53,3.95,2,0.013788600572436,0.0134525003063499,-0.009858614576883,0.00352605542469379,0.00146097492837254,117.175350703559,3.3134829825307e-06,34.2213238068535,21.7401518712261,6454.57137581387,-0.000137434521394946
sCurve,1.35,54,4,1,0.0137991973917988,0.0134846841567147,0.00170146534428937,0.00269740438128098,0.000515934895105699,-48.9651996342357,-5.35133369815966e-07,-137.120819457053,-107.313882278319,6504.68180884644,0.000799574106398439
sCurve,1.35,54,4,2,0.0137991973917988,0.0134846841567147,-0.0070460714419143,0.00269740438128098,0.000515934895105699,99.0851867261824,2.21608272383029e-06,15.8950554055711,3.38162413745008,6454.56857743632,-2.13572938896203e-05
sCurve,1.35,55,4.05,1,0.0138108706767979,0.0135102215338542,0.00432322467508565,0.00182278403191039,-0.000466322269416353,-77.9405015638889,-1.29977379331742e-06,-161.539468833462,-129.16405302474,6504.67956634247,0.000963468918023337
sCurve,1.35,55,4.05,2,0.0138108706767979,0.0135102215338542,-0.00450259802167002,0.00182278403191039,-0.000466322269416353,79.2287805742923,1.35370223623494e-06,-3.15418884472733,-15.5119676642424,6454.56635220901,9.80302593151669e-05
sCurve,1.35,56,4.1,1,0.0138189741504794,0.0135263117887924,0.00821221776229806,0.000902901685690839,-0.00148508096855808,-107.280854017418,-2.40340704500221e-06,-186.170926457909,-151.38523382212,6504.67815123584,0.00113053107771617
sCurve,1.35,56,4.1,2,0.0138189741504794,0.0135263117887924,-0.00241008891199486,0.000902901685690839,-0.00148508096855808,57.990984538787,7.05342312860109e-07,-22.7402367203597,-34.7356435645318,6454.56494800462,0.000219735926294313
sCurve,1.35,57,4.15,1,0.0138247278224985,0.0135334224797452,0.0133473505329219,-5.55315098189312e-05,-0.00253804207347071,-136.602313969974,-3.88815452184111e-06,-211.021006631128,-173.949869745488,6504.67752532765,0.00130057441796254
sCurve,1.35,57,4.15,2,0.0138247278224985,0.0135334224797452,-0.000903972849856042,-5.55315098189312e-05,-0.00253804207347071,35.5360144995389,2.63332120866982e-07,-42.8737813104501,-54.322103434641,6454.56432691853,0.000343988520281515
sCurve,1.35,58,4.2,1,0.0138293652033832,0.0135314682751072,0.0197197617106395,-0.00104677057825483,-0.00362898743141085,-165.843025933788,-5.8744564399337e-06,-236.905783029117,-197.61497013439,6504.67769737645,0.00147934524850621
sCurve,1.35,58,4.2,2,0.0138293652033832,0.0135314682751072,-0.000103554160474809,-0.00104677057825483,-0.00362898743141085,12.0352262580128,3.08484663156431e-08,-63.5386878447423,-74.2750715992894,6454.56449764184,0.00047082709084972
sCurve,1.35,59,4.25,1,0.0138340214201154,0.0135200779001254,0.0273237474694492,-0.00206582654764274,-0.0047601766420382,-194.985413133753,-8.57811345987545e-06,-263.909346576037,-222.343447925193,6504.67869969414,0.00166662735839389
sCurve,1.35,59,4.25,2,0.0138340214201154,0.0135200779001254,0.000108963709107084,-0.00206582654764274,-0.0047601766420382,-12.3433677274148,-3.42084503882392e-08,-84.6149789566279,-94.7042921700362,6454.56549223749,0.000600967404262756
sCurve,1.35,60,4.3,1,0.0138397655145022,0.0134983043975413,0.0361594497899603,-0.00310846225392635,-0.0059193510955292,-224.032708903805,-1.23470461139703e-05,-290.195020884071,-246.193982330866,6504.68061334551,0.00184772637972679
sCurve,1.35,60,4.3,2,0.0138397655145022,0.0134983043975413,0.00100391556317018,-0.00310846225392635,-0.0059193510955292,-37.4261396807261,-3.42798129534488e-07,-106.307878134494,-115.935918541052,6454.56739114576,0.000736514927019695
sCurve,1.35,61,4.35,1,0.0138477664844375,0.0134651261725734,0.0462368446799631,-0.00417111243315857,-0.00709893662843195,-253.004043488001,-1.7692080667951e-05,-315.74693159922,-269.221075565967,6504.68352341471,0.00202300989608378
sCurve,1.35,61,4.35,2,0.0138477664844375,0.0134651261725734,0.00286313152130841,-0.00417111243315857,-0.00709893662843195,-63.1298870968143,-1.09554953822126e-06,-128.771693052325,-137.957818340517,6454.57027879526,0.000877427876599765
sCurve,1.35,62,4.4,1,0.0138595412987061,0.0134196505257856,0.0575865972270297,-0.00525099034454323,-0.00829971530535826,-281.946553121206,-2.53318127640582e-05,-341.544334219558,-292.468557364685,6504.6875004561,0.00220040918936061
sCurve,1.35,62,4.4,2,0.0138595412987061,0.0134196505257856,0.00575350363520838,-0.00525099034454323,-0.00829971530535826,-89.3717238550538,-2.53091316109258e-06,-151.724455794256,-160.461173976816,6454.57422519681,0.0010217602510372
sCurve,1.35,63,4.45,1,0.0138773155798972,0.0133606548492773,0.070264599470869,-0.00634606517361475,-0.00951946100179855,-310.921889886114,-3.63029592993304e-05,-367.441927936271,-315.766111839883,6504.6926398298,0.00237863499562568
sCurve,1.35,63,4.45,2,0.0138773155798972,0.0133606548492773,0.00973612096903437,-0.00634606517361475,-0.00951946100179855,-116.076554158885,-5.03027137326455e-06,-175.093880801938,-183.374048857489,6454.57932497586,0.00116907306192287
sCurve,1.35,64,4.5,1,0.0139048515835252,0.0132860909992983,0.0843724463467665,-0.00745515992660679,-0.0107554178925176,-340.02013624186,-5.22063441941785e-05,-393.292638476706,-338.962805642868,6504.69910301505,0.00255653397990803
sCurve,1.35,64,4.5,2,0.0139048515835252,0.0132860909992983,0.0148721522442359,-0.00745515992660679,-0.0107554178925176,-143.18464162329,-9.20230161135488e-06,-198.834922689372,-206.653367306309,6454.58573836757,0.00131910970960969
sCurve,1.35,65,4.55,1,0.0139505516068225,0.0131908538091429,0.100092846065519,-0.00857794109679596,-0.0120040386683184,-369.351426282164,-7.60403147194547e-05,-418.905782282434,-361.884510580429,6504.70730554934,0.00273276267702318
sCurve,1.35,65,4.55,2,0.0139505516068225,0.0131908538091429,0.0212365222785911,-0.00857794109679596,-0.0120040386683184,-170.655460026934,-1.61333392054186e-05,-222.899307265786,-230.24976991858,6454.59387770807,0.00147157072926046
sCurve,1.35,66,4.6,1,0.0140410446379569,0.013057957719955,0.117832284337479,-0.00971480031987048,-0.013260522345039,-399.029938175303,-0.000115839377250465,-444.004321692238,-384.292586177423,6504.71865290856,0.00290546650872556
sCurve,1.35,66,4.6,2,0.0140410446379569,0.013057957719955,0.0289658895884532,-0.00971480031987048,-0.013260522345039,-198.468875179476,-2.84759871226981e-05,-247.221514038881,-254.091474615975,6454.60513764521,0.00162600845695859
sCurve,1.35,67,4.65,1,0.0142824772311366,0.0128288830180713,0.138931686148661,-0.0108665354469209,-0.0145181651415321,-429.142207371346,-0.000201950294997099,-468.183139675318,-405.844599953412,6504.73794272598,0.00307197035728343
sCurve,1.35,67,4.65,2,0.0142824772311366,0.0128288830180713,0.0384932623084052,-0.0108665354469209,-0.0145181651415321,-226.623927542496,-5.59535833335029e-05,-271.706728444036,-278.07070801499,6454.62427885043,0.00178173675724704
sCurve,1.35,68,4.7,1,0.0151144340615544,0.0123251593246292,0.169071526566441,-0.0120336204692366,-0.0157673149659899,-459.681255176166,-0.000471586937785149,-490.840053592364,-426.025227830942,6504.77915912844,0.00322823485215837
sCurve,1.35,68,4.7,2,0.0151144340615544,0.0123251593246292,0.0517359250042237,-0.0120336204692366,-0.0157673149659899,-255.134489136669,-0.000144305708605737,-296.21628938505,-302.027824794306,6454.66517771436,0.00193772422598246
sCurve,1.35,69,4.75,1,0.018815600164617,0.0117234349611241,0.238226046837646,-0.0131996819187123,-0.0169941073819266,-488.495134112382,-0.00168953847994763,-511.125426537293,-444.081589010782,6504.82623021896,0.00336834361906756
sCurve,1.35,69,4.75,2,0.018815600164617,0.0117234349611241,0.0799934860336115,-0.0131996819187123,-0.0169941073819266,-284.021143994073,-0.000567327018153676,-320.546057473002,-325.728210254464,6454.71188616078,0.00209243884279178
sCurve,1.35,70,4.8,1,0.0219328432543965,0.00502520840186676,0.305361572959474,-0.0143248923625889,-0.0181586916018861,-511.772122800656,-0.00516294197359292,-525.449882341057,-456.33956516077,6505.19114603185,0.00346361381721463
sCurve,1.35,70,4.8,2,0.0219328432543965,0.00502520840186676,0.113563736472761,-0.0143248923625889,-0.0181586916018861,-313.085793919699,-0.00192009418877036,-344.380287418515,-348.841870159542,6455.07399059702,0.00224370574555454
sCurve,1.35,71,4.85,1,0.091878255864672,0.0217300434068302,3.01965845405988,-0.0173264581067137,-0.0192827622514926,-773.999472790237,-0.21182364278551,-543.640648602528,-469.274414443669,6503.73722505517,0.0035643094476883
sCurve,1.35,71,4.85,2,0.091878255864672,0.0217300434068302,0.574546678566918,-0.0173264581067137,-0.0192827622514926,-341.64730183236,-0.0403034224750595,-366.926405158257,-370.548314016038,6453.63127088744,0.00238612364275532
sCurve,1.35,72,4.9,1,0.091878255864672,0.0234499440800025,1.32152624808243,-0.0173264581067137,-0.0204506037916466,-516.928015414847,-0.0904298101354087,-544.159695476103,-488.525961261687,6503.48441402174,0.00371442145481458
sCurve,1.35,72,4.9,2,0.091878255864672,0.0234499440800025,0.787855339805037,-0.0173264581067137,-0.0204506037916466,-399.24185534415,-0.0539116108333958,-393.09374070041,-392.142380885139,6453.3804075554,0.00252813337800468
