timeSeconds,targetVisible,controllerSeconds,frameSeconds
0,0,0.137359,0.139679
0.05,0,0.009954,0.011947
0.1,0,0.008063,0.009931
0.15,0,0.008318,0.010162
0.2,0,0.00846,0.010484
0.25,0,0.008303,0.01026
0.3,0,0.008493,0.010689
0.35,0,0.007864,0.0097
0.4,0,0.007764,0.00967
0.45,0,0.009757,0.012173
0.5,0,0.009164,0.012421
0.55,0,0.008808,0.010727
0.6,0,0.007828,0.0098
0.65,0,0.009008,0.0112
0.7,0,0.007835,0.009764
0.75,0,0.008063,0.010099
0.8,0,0.007839,0.009823
0.85,0,0.008366,0.010723
0.9,0,0.008047,0.010032
0.95,0,0.008625,0.010558
1,0,0.008391,0.010253
1.05,1,0.073011,0.07489
1.1,1,0.043124,0.044996
1.15,1,0.04084,0.042791
1.2,1,0.039853,0.041748
1.25,1,0.040862,0.042674
1.3,1,0.042154,0.044099
1.35,1,0.043589,0.045514
1.4,1,0.042305,0.044176
1.45,1,0.036709,0.03859
1.5,1,0.0379,0.039851
1.55,1,0.038702,0.040615
1.6,1,0.037805,0.039954
1.65,1,0.039026,0.04088
1.7,1,0.038762,0.040649
1.75,1,0.038424,0.040365
1.8,1,0.038172,0.040035
1.85,1,0.031964,0.03386
1.9,1,0.032887,0.034833
1.95,1,0.031992,0.033926
2,1,0.032437,0.034418
2.05,1,0.031694,0.033602
2.1,1,0.033052,0.034962
2.15,1,0.031875,0.033765
2.2,1,0.033499,0.035441
2.25,1,0.030749,0.032647
2.3,1,0.030805,0.032842
2.35,1,0.031854,0.033822
2.4,1,0.342851,0.344764
