speed,scenario,budget,calls,safetyOptimum,secondarySafety,safetyCap,clfSlack,status,safetyExitFlag,secondaryExitFlag,completionRestoration,secondaryReturned,terminalPhaseMeters,iteration,trustRadius,acceptedIterate,retainedAsWitness,nominalSafetySlack,nominalHardViolation,solverResidual
15,brakingLead,30,2,,1.9135092783032843e-06,,11.71640732994225,restoringCompletion,-2,,True,False,1.8230270639070956,1,0.5,True,False,0,1.319885147925168,
15,brakingLead,30,2,,3.762945681132171e-08,,6.7672029490964585,restoringCompletion,-2,,True,False,4.245810719719815,2,0.625,False,False,0,13.365554637237128,
15,brakingLead,30,2,,,,,safetySolveFailed,-2,,False,False,1.1609335861857184,3,0.3125,False,False,,,
15,brakingLead,30,2,,3.652578352218762e-08,,7.106981719776472,restoringCompletion,-2,,True,False,1.9260368425188408,4,0.15625,True,False,0,0.8510739165397607,
15,brakingLead,30,2,,1.862813996755895e-08,,6.084270255304818,restoringCompletion,-2,,True,False,2.687452337399808,5,0.1953125,True,False,0,0.33446489579793925,
15,brakingLead,30,2,6.17674380469067e-08,1.0006233361942835e-06,1.0617674380469065e-06,0.0006210225044989755,solved,1,-7,False,True,3.6192933978090105,6,0.244140625,True,True,0,0,1.0383532229536524e-08
15,brakingLead,5,2,,1.9135092783032843e-06,,11.71640732994225,restoringCompletion,-2,,True,False,1.8230270639070956,1,0.5,True,False,0,1.319885147925168,
15,brakingLead,5,2,,3.762945681132171e-08,,6.7672029490964585,restoringCompletion,-2,,True,False,4.245810719719815,2,0.625,False,False,0,13.365554637237128,
15,brakingLead,5,2,,,,,safetySolveFailed,-2,,False,False,1.1609335861857184,3,0.3125,False,False,,,
15,brakingLead,5,2,,3.652578352218762e-08,,7.106981719776472,restoringCompletion,-2,,True,False,1.9260368425188408,4,0.15625,True,False,0,0.8510739165397607,
15,brakingLead,5,2,,1.862813996755895e-08,,6.084270255304818,restoringCompletion,-2,,True,False,2.687452337399808,5,0.1953125,True,False,0,0.33446489579793925,
15,brakingLead,5,1,,,,,timeLimit,1,,False,False,2.4397246918906466,6,0.244140625,False,False,,,
15,crossing,30,2,,1.7545710780165457e-08,,9.057069853459325,restoringCompletion,-2,,True,False,1.1208829454112508,1,0.5,True,False,0,2.93185281551813,
15,crossing,30,2,,4.8578616112699545e-08,,10.15766559909205,restoringCompletion,-2,,True,False,1.6861707785429836,2,0.625,True,False,0,1.2971540594920474,
15,crossing,30,2,1.797141088278859e-08,1.2703958230613709e-06,1.0179714108827886e-06,0.25441312145365214,solved,1,1,False,True,-2.227477073089385,3,0.78125,False,False,0,5.422659583237414,1.3612449771827073e-06
15,crossing,30,2,7.305329925342909e-09,2.624568366902575e-06,1.0073053299253429e-06,1.233413622641688,solved,1,1,False,True,-1.4639324452743407,4,0.390625,False,False,0,9.67612156482566,6.684391792077804e-06
15,crossing,30,2,,3.919733328038958e-08,,11.909911076352085,restoringCompletion,-2,,True,False,-0.4380900383713704,5,0.1953125,True,False,0,1.2816502168552273,
15,crossing,30,2,1.579306891023351e-08,9.57346238549348e-07,1.0157930689102334e-06,1.8608945602610727,solved,1,-7,False,True,-1.7893888409373342,6,0.244140625,False,False,0,3.133707814888248,5.960828275419772e-09
15,crossing,30,2,,1.5655908117204993e-08,,10.84196383115254,restoringCompletion,-7,,True,False,-1.1970220688200954,7,0.1220703125,True,False,0,0.46179265001461856,
15,crossing,30,2,8.07210874867908e-08,1.0184861464849048e-06,1.0807210874867907e-06,2.094701552812937,solved,1,-7,False,True,-1.945510717888029,8,0.152587890625,False,False,0,0.7564113414456963,5.756248810939724e-09
15,crossing,30,2,1.8262744401493277e-08,9.596817991155796e-07,1.0182627444014932e-06,2.1601641012127355,solved,1,-7,False,True,-1.794005142749069,9,0.0762939453125,True,False,0,0.1305494275343226,5.780350420536706e-09
15,crossing,30,2,1.9267003682210793e-07,1.1238675343834714e-06,1.192670036822108e-06,2.0419512706440868,solved,1,-7,False,True,-2.0610612296969446,10,0.095367431640625,False,False,0,0.26736503004405304,5.823608262289781e-09
15,crossing,30,1,,0,,2.153781401353879,primaryFeasible,1,,False,False,-1.8221011285633353,11,0.0476837158203125,True,True,0,0,
15,crossing,5,2,,1.7545710780165457e-08,,9.057069853459325,restoringCompletion,-2,,True,False,1.1208829454112508,1,0.5,True,False,0,2.93185281551813,
15,crossing,5,2,,4.8578616112699545e-08,,10.15766559909205,restoringCompletion,-2,,True,False,1.6861707785429836,2,0.625,True,False,0,1.2971540594920474,
15,crossing,5,2,1.797141088278859e-08,1.2703958230613709e-06,1.0179714108827886e-06,0.25441312145365214,solved,1,1,False,True,-2.227477073089385,3,0.78125,False,False,0,5.422659583237414,1.3612449771827073e-06
15,crossing,5,2,7.305329925342909e-09,2.624568366902575e-06,1.0073053299253429e-06,1.233413622641688,solved,1,1,False,True,-1.4639324452743407,4,0.390625,False,False,0,9.67612156482566,6.684391792077804e-06
15,crossing,5,2,,3.919733328038958e-08,,11.909911076352085,restoringCompletion,-2,,True,False,-0.4380900383713704,5,0.1953125,True,False,0,1.2816502168552273,
15,crossing,5,2,1.579306891023351e-08,9.57346238549348e-07,1.0157930689102334e-06,1.8608945602610727,solved,1,-7,False,True,-1.7893888409373342,6,0.244140625,False,False,0,3.133707814888248,5.960828275419772e-09
15,crossing,5,2,,1.5655908117204993e-08,,10.84196383115254,restoringCompletion,-7,,True,False,-1.1970220688200954,7,0.1220703125,True,False,0,0.46179265001461856,
15,crossing,5,2,8.07210874867908e-08,1.0184861464849048e-06,1.0807210874867907e-06,2.094701552812937,solved,1,-7,False,True,-1.945510717888029,8,0.152587890625,False,False,0,0.8759147324694119,5.756248810939724e-09
15,turningCrossing,30,2,,5.057190757959306e-07,,11.737243483609733,restoringCompletion,-2,,True,False,0.29661538418935385,1,0.5,True,False,0,2.0244548930097355,
15,turningCrossing,30,2,1.5075321692339294e-08,2.3015334570870217e-06,1.0150753216923393e-06,0.000835942432195469,solved,1,1,False,True,-0.6647883465320482,2,0.625,False,False,0,11.534663511523382,9.69666544134776e-06
15,turningCrossing,30,2,,2.7667439490597562e-08,,13.600988828240215,restoringCompletion,-2,,True,False,-0.6647883982646449,3,0.3125,False,False,0,6.950957513362915,
15,turningCrossing,30,2,,2.6006890754995013e-08,,13.048060618916988,restoringCompletion,-2,,True,False,-0.6647883983084135,4,0.15625,True,False,0,1.3863919867145638,
15,turningCrossing,30,2,,,,,safetySolveFailed,-2,,False,False,-1.0166024330907235,5,0.1953125,False,False,,,
15,turningCrossing,30,2,,,,,safetySolveFailed,-2,,False,False,-1.0166024330907235,6,0.09765625,False,False,,,
15,turningCrossing,30,2,,,,,safetySolveFailed,-2,,False,False,-1.0166024330907235,7,0.048828125,False,False,,,
15,turningCrossing,30,2,,,,,safetySolveFailed,-2,,False,False,-1.0166024330907235,8,0.0244140625,False,False,,,
15,turningCrossing,30,2,,,,,safetySolveFailed,-2,,False,False,-1.0166024330907235,9,0.01220703125,False,False,,,
15,turningCrossing,30,2,,,,,safetySolveFailed,-2,,False,False,-1.0166024330907235,10,0.006103515625,False,False,,,
15,turningCrossing,30,2,,,,,safetySolveFailed,-2,,False,False,-1.0166024330907235,11,0.0030517578125,False,False,,,
15,turningCrossing,30,2,,,,,safetySolveFailed,-2,,False,False,-1.0166024330907235,12,0.00152587890625,False,False,,,
15,turningCrossing,30,2,,,,,safetySolveFailed,-2,,False,False,-1.0166024330907235,13,0.000762939453125,False,False,,,
15,turningCrossing,30,2,,,,,safetySolveFailed,-2,,False,False,-1.0166024330907235,14,0.0003814697265625,False,False,,,
15,turningCrossing,30,2,,,,,safetySolveFailed,-2,,False,False,-1.0166024330907235,15,0.00019073486328125,False,False,,,
15,turningCrossing,30,2,,,,,safetySolveFailed,-2,,False,False,-1.0166024330907235,16,9.5367431640625e-05,False,False,,,
15,turningCrossing,30,2,,,,,safetySolveFailed,-2,,False,False,-1.0166024330907235,17,4.76837158203125e-05,False,False,,,
15,turningCrossing,30,2,,,,,safetySolveFailed,-2,,False,False,-1.0166024330907235,18,2.384185791015625e-05,False,False,,,
15,turningCrossing,30,2,,,,,safetySolveFailed,-2,,False,False,-1.0166024330907235,19,1.1920928955078125e-05,False,False,,,
15,turningCrossing,30,2,,,,,safetySolveFailed,-2,,False,False,-1.0166024330907235,20,5.9604644775390625e-06,False,False,,,
15,turningCrossing,30,2,,,,,safetySolveFailed,-2,,False,False,-1.0166024330907235,21,2.9802322387695312e-06,False,False,,,
15,turningCrossing,30,2,,,,,safetySolveFailed,-2,,False,False,-1.0166024330907235,22,1.4901161193847656e-06,False,False,,,
15,turningCrossing,30,2,,,,,safetySolveFailed,-2,,False,False,-1.0166024330907235,23,7.450580596923828e-07,False,False,,,
15,turningCrossing,30,2,,,,,safetySolveFailed,-2,,False,False,-1.0166024330907235,24,3.725290298461914e-07,False,False,,,
15,turningCrossing,5,2,,5.057190757959306e-07,,11.737243483609733,restoringCompletion,-2,,True,False,0.29661538418935385,1,0.5,True,False,0,2.0244548930097355,
15,turningCrossing,5,2,1.5075321692339294e-08,2.3015334570870217e-06,1.0150753216923393e-06,0.000835942432195469,solved,1,1,False,True,-0.6647883465320482,2,0.625,False,False,0,11.534663511523382,9.69666544134776e-06
15,turningCrossing,5,2,,2.7667439490597562e-08,,13.600988828240215,restoringCompletion,-2,,True,False,-0.6647883982646449,3,0.3125,False,False,0,6.950957513362915,
15,turningCrossing,5,2,,2.6006890754995013e-08,,13.048060618916988,restoringCompletion,-2,,True,False,-0.6647883983084135,4,0.15625,True,False,0,1.3863919867145638,
15,turningCrossing,5,2,,,,,safetySolveFailed,-2,,False,False,-1.0166024330907235,5,0.1953125,False,False,,,
15,turningCrossing,5,2,,,,,safetySolveFailed,-2,,False,False,-1.0166024330907235,6,0.09765625,False,False,,,
15,turningCrossing,5,2,,,,,safetySolveFailed,-2,,False,False,-1.0166024330907235,7,0.048828125,False,False,,,
15,turningCrossing,5,2,,,,,safetySolveFailed,-2,,False,False,-1.0166024330907235,8,0.0244140625,False,False,,,
15,turningCrossing,5,0,,,,,timeLimit,,,False,False,-1.0166024330907235,9,0.01220703125,False,False,,,
8,brakingLead,30,2,,1.3448978181862807e-06,,18.987120342542088,restoringCompletion,-2,,True,False,1.8453031784900518,1,0.5,False,False,0,14.313001461105133,
8,brakingLead,30,2,,2.6446663216820737e-06,,27.826855079670516,restoringCompletion,-2,,True,False,0.9023340984827097,2,0.25,False,False,0,2.0233397709382897,
8,brakingLead,30,2,,8.543117810305684e-06,,31.08411501742016,restoringCompletion,-2,,True,False,0.46132638981517504,3,0.125,False,False,0,1.916697760880896,
8,brakingLead,30,2,,3.804601395964811e-06,,32.988384793799355,restoringCompletion,-2,,True,False,0.16643728507285205,4,0.0625,True,False,0,1.8990779885058686,
8,brakingLead,30,2,,1.4118701776258952e-06,,29.88600406412028,restoringCompletion,-2,,True,False,0.5450056320775966,5,0.078125,True,False,0,1.8856868766639618,
8,brakingLead,30,2,,4.578096235270299e-06,,25.518360236273097,restoringCompletion,-2,,True,False,0.9988814128517478,6,0.09765625,True,False,0,1.8523416288421881,
8,brakingLead,30,2,,5.205865830863892e-08,,22.061701625462177,restoringCompletion,-2,,True,False,1.550727374995942,7,0.1220703125,True,False,0,1.7549708912625472,
8,brakingLead,30,2,,1.1267529762710595e-06,,15.414636450936158,restoringCompletion,-2,,True,False,2.199592007829476,8,0.152587890625,True,False,0,1.477817315916649,
8,brakingLead,30,2,,4.1273792993180954e-07,,10.981176375876416,restoringCompletion,-2,,True,False,3.0097211344684744,9,0.19073486328125,True,False,0,0.8225735148335358,
8,brakingLead,30,2,,1.894945351158567e-08,,7.043046736090692,restoringCompletion,-2,,True,False,4.1767968156915725,10,0.2384185791015625,True,True,0,0,
8,brakingLead,5,2,,1.3448978181862807e-06,,18.987120342542088,restoringCompletion,-2,,True,False,1.8453031784900518,1,0.5,False,False,0,14.313001461105133,
8,brakingLead,5,2,,2.6446663216820737e-06,,27.826855079670516,restoringCompletion,-2,,True,False,0.9023340984827097,2,0.25,False,False,0,2.0233397709382897,
8,brakingLead,5,2,,8.543117810305684e-06,,31.08411501742016,restoringCompletion,-2,,True,False,0.46132638981517504,3,0.125,False,False,0,1.916697760880896,
8,brakingLead,5,2,,3.804601395964811e-06,,32.988384793799355,restoringCompletion,-2,,True,False,0.16643728507285205,4,0.0625,True,False,0,1.8990779885058686,
8,turningCrossing,30,2,,1.0949579124697765e-07,,9.630093008685899,restoringCompletion,-2,,True,False,0.03759645201051139,1,0.5,True,False,0,2.4457493731350435,
8,turningCrossing,30,2,,1.0344616781184063e-08,,11.688950572594699,restoringCompletion,-2,,True,False,0.01940217848560233,2,0.625,False,False,0,13.398578940528205,
8,turningCrossing,30,2,,1.0923125753145936e-08,,11.639414311207483,restoringCompletion,-2,,True,False,0.0012661278079716398,3,0.3125,True,False,0,1.421444609249656,
8,turningCrossing,30,2,,9.697347897219041e-09,,11.365045143318596,restoringCompletion,-2,,True,False,0.022802188320443673,4,0.390625,True,False,0,0.7949406328824293,
8,turningCrossing,30,2,1.1556948568094835e-07,9.921844394021594e-07,1.1155694856809483e-06,1.3822457879985668,solved,1,-7,False,True,-0.015165345369741345,5,0.48828125,False,False,0,23.473857248376994,1.3971231282994268e-08
8,turningCrossing,30,2,2.8050436834371743e-08,9.144080452557933e-07,1.0280504368343716e-06,1.6551646201775205,solved,1,-7,False,True,-0.015165345411119246,6,0.244140625,False,False,0,3.677758936827969,1.4270483461586991e-08
8,turningCrossing,30,2,,,,,safetySolveFailed,-2,,False,False,-0.8101059782745882,7,0.1220703125,False,False,,,
8,turningCrossing,30,2,,,,,safetySolveFailed,-2,,False,False,-0.8101059782745882,8,0.06103515625,False,False,,,
8,turningCrossing,30,2,,,,,safetySolveFailed,-2,,False,False,-0.8101059782745882,9,0.030517578125,False,False,,,
8,turningCrossing,30,2,,,,,safetySolveFailed,-2,,False,False,-0.8101059782745882,10,0.0152587890625,False,False,,,
8,turningCrossing,30,2,,,,,safetySolveFailed,-2,,False,False,-0.8101059782745882,11,0.00762939453125,False,False,,,
8,turningCrossing,30,2,,,,,safetySolveFailed,-2,,False,False,-0.8101059782745882,12,0.003814697265625,False,False,,,
8,turningCrossing,30,2,,,,,safetySolveFailed,-2,,False,False,-0.8101059782745882,13,0.0019073486328125,False,False,,,
8,turningCrossing,30,2,,,,,safetySolveFailed,-2,,False,False,-0.8101059782745882,14,0.00095367431640625,False,False,,,
8,turningCrossing,30,2,,,,,safetySolveFailed,-2,,False,False,-0.8101059782745882,15,0.000476837158203125,False,False,,,
8,turningCrossing,30,2,,,,,safetySolveFailed,-2,,False,False,-0.8101059782745882,16,0.0002384185791015625,False,False,,,
8,turningCrossing,30,2,,,,,safetySolveFailed,-2,,False,False,-0.8101059782745882,17,0.00011920928955078125,False,False,,,
8,turningCrossing,30,2,,,,,safetySolveFailed,-2,,False,False,-0.8101059782745882,18,5.9604644775390625e-05,False,False,,,
8,turningCrossing,30,2,,,,,safetySolveFailed,-2,,False,False,-0.8101059782745882,19,2.9802322387695312e-05,False,False,,,
8,turningCrossing,30,2,,,,,safetySolveFailed,-2,,False,False,-0.8101059782745882,20,1.4901161193847656e-05,False,False,,,
8,turningCrossing,30,2,,,,,safetySolveFailed,-2,,False,False,-0.8101059782745882,21,7.450580596923828e-06,False,False,,,
8,turningCrossing,30,2,,,,,safetySolveFailed,-2,,False,False,-0.8101059782745882,22,3.725290298461914e-06,False,False,,,
8,turningCrossing,30,2,,,,,safetySolveFailed,-2,,False,False,-0.8101059782745882,23,1.862645149230957e-06,False,False,,,
8,turningCrossing,30,2,,,,,safetySolveFailed,-2,,False,False,-0.8101059782745882,24,9.313225746154785e-07,False,False,,,
8,turningCrossing,5,2,,1.0949579124697765e-07,,9.630093008685899,restoringCompletion,-2,,True,False,0.03759645201051139,1,0.5,True,False,0,2.4457493731350435,
8,turningCrossing,5,2,,1.0344616781184063e-08,,11.688950572594699,restoringCompletion,-2,,True,False,0.01940217848560233,2,0.625,False,False,0,13.398578940528205,
8,turningCrossing,5,2,,1.0923125753145936e-08,,11.639414311207483,restoringCompletion,-2,,True,False,0.0012661278079716398,3,0.3125,True,False,0,1.421444609249656,
8,turningCrossing,5,2,,9.697347897219041e-09,,11.365045143318596,restoringCompletion,-2,,True,False,0.022802188320443673,4,0.390625,True,False,0,0.7949406328824293,
8,turningCrossing,5,1,,,,,timeLimit,1,,False,False,-0.8101059782745882,5,0.48828125,False,False,,,
