Hold,RelativeHoldStartS,SteeringRad,BrakingRatio,SpectralRadiusClosedMap,SpectralRadiusAbsoluteClosedMap,LateralBoundM,LateralBoundFeedbackOffM,SteeringFeedbackSupportRad,MaximumArithmeticIncrement,MaximumTireBetaDerivativeN
1,0,0.698122061721655,-0.937350731868039,1.00015875689009,1.06137071029336,7.78777491078664e-13,7.78777491078664e-13,0,3.66206836925829e-11,17502.7198757627
2,0.05,0.698122062216293,-0.999987997730252,28.4002303738815,28.5348606549722,1.86402658053395e-11,5.38000517825973e-12,9.89840412449392e-13,1.37363596332446e-10,1327745.8326868
3,0.1,0.69812201424507,0.999986957193143,26.3233413770417,26.3976128001606,5.38355644647391e-10,2.75093961636646e-11,1.28175365768347e-11,2.70749468490126e-10,1273681.28683756
4,0.15,0.698121945572535,0.999986870885828,25.9895241026847,26.0654434105901,1.40922833879927e-08,8.18518038932888e-11,3.2694908778172e-10,4.11608318079416e-10,1269487.88031082
5,0.2,0.698121935027121,0.444525019476581,1.02062674475799,1.08867837089963,4.11755012498548e-08,1.79125388593275e-10,8.5379338443265e-09,3.78818272171067e-10,3228.24859105371
6,0.25,0.698121896577962,-0.999966130576583,16.8913978292411,17.0651423025199,1.95482166600352e-07,3.19379116408159e-10,2.14227067283364e-08,4.63025578544317e-10,790379.40290965
7,0.3,0.698121662222283,0.999956979240524,14.0488023171301,14.1112674397593,2.46161803898701e-06,5.18301104762436e-10,1.13916285411499e-07,5.4044340020797e-10,701289.761418989
8,0.35,-0.698119376912709,0.999968872320934,18.5606261304753,18.5832826619647,1.01625985100889e-05,7.84697965894192e-10,1.46243745177261e-06,5.79251004305432e-10,824455.156915486
9,0.4,-0.467372425113249,0.999957560616468,11.2828073426783,11.315514295087,6.52404238784546e-05,1.1273588050929e-09,0.000131978284639101,6.43556633653324e-10,706077.2049066
10,0.45,0.533213681046847,0.788916984102721,1.02592439870144,1.13047999733918,0.000680856658749885,1.56145929788579e-09,0.00214006397829453,7.22728687306123e-10,8351.70436497223
11,0.5,0.698118570243736,0.999985907849478,24.9827191804245,25.0558248235403,0.00933702926280644,2.10646874889351e-09,0.00330591418476854,9.2804032104468e-10,1225342.00422721
12,0.55,0.698121815631578,0.99998775512209,26.5667519263985,26.6439003939917,0.218482076232526,2.79696672659166e-09,0.00778931428069715,1.15536095177425e-09,1314526.45253515
13,0.6,0.698121944068409,0.999987869084392,26.39777799007,26.4767219630742,5.7551811716723,3.67101434400522e-09,0.13838816315236,1.3973744918364e-09,1320686.7051251
14,0.65,-0.698122032169286,0.999987999585169,29.0863063800093,29.1052210467233,26.4549233197141,4.76808038455472e-09,3.63001997029579,1.56968910759112e-09,1327848.44614279
15,0.7,-0.698121985928179,0.999987999896233,28.2781409294797,28.2964029893943,426.444118070738,6.13239339203528e-09,572.983862395851,1.8139204930222e-09,1327865.65640949
16,0.75,0.698121648294261,0.999987999855264,26.5798666266983,26.6557170615234,112094.745825625,7.82506711529028e-09,16073.1580322734,2.21757626396538e-09,1327863.38966606
17,0.8,0.698122001919763,0.99998799970026,26.2733792821308,26.350925488177,3192504.63628581,9.92213985963495e-09,87523.4023264706,2.64014122953936e-09,1327854.81372727
18,0.85,-0.424466982449552,0.999987991269675,17.0406507755778,17.0693041079231,11509474.69253,1.25084074070184e-08,2114291.3194973,2.99144362608552e-09,1327388.62123446
19,0.9,-0.69812205030755,-0.999987999425067,26.4243332609624,26.5152531511312,134265150.772202,1.56837374526872e-08,360379990.979488,3.44335669802164e-09,1327839.58839225
20,0.95,-0.698121998602371,-0.995899495701025,1.68153297181454,2.37695344883512,2778677752.14953,1.94655250920586e-08,6129073821.06779,3.89993812817644e-09,71613.2013071879
21,1,-0.698121866432727,0.994827751609499,1.44109694437475,1.75765643898448,11683591112.3904,2.39360604094477e-08,17672438156.9697,4.33496863802695e-09,63711.9724257269
22,1.05,-0.698121718668614,-0.991562407435851,1.48144194636972,2.08129670380337,33418778272.1969,2.93245529116353e-08,37346583228.161,4.76601171289979e-09,49759.8845399028
23,1.1,-0.69807155025216,0.997629111149198,1.55083358051186,2.18728955778908,75494822991.5666,3.55797938117686e-08,74058929329.3026,5.18089079615876e-09,94302.1583979802
24,1.15,-0.698121860316808,0.983280302158497,1.40378456891026,1.48488743091589,166858292559.985,4.29988386576152e-08,163359584020.765,5.58058912894436e-09,35126.6411001083
25,1.2,0.698121802547944,-0.999987998016278,26.8846173339907,27.0477959876669,899770697866.135,5.17157450576596e-08,273207929318.955,6.11723313163804e-09,1327761.65403096
26,1.25,-0.69812201480325,0.975711988059441,1.36899280649028,1.45123924485504,3069660468541.58,6.163865621352e-08,888934447995.403,6.51663893831369e-09,28975.3963581664
27,1.3,-0.698122009449628,0.98964773614802,1.43822798656369,1.5363412978874,6087851386209.12,7.3087909768231e-08,3229872929941.14,6.92883235524091e-09,44858.0529356175
28,1.35,0.698121751608956,-0.999987996895183,28.0141712728763,28.0527246644193,22636319864127.1,8.6193303401857e-08,5792745063439.44,7.56821012479488e-09,1327699.64472552
29,1.4,-0.698118868830168,0.999987996812637,21.3272961784285,21.3908056424357,88860306247934.8,1.00832416290829e-07,18952604771708,8.1426886421648e-09,1327695.07929493
30,1.45,-0.650029179100554,-0.999987995704582,19.1689194988524,19.171665227391,1.49536240129278e+15,1.17551926161294e-07,1.99029780180069e+15,8.83647713360586e-09,1327633.8004487
31,1.5,-0.698120591856913,-0.999987994150876,21.8019517307924,21.8043300598116,2.69954230253758e+16,1.36043041739429e-07,4.5050345990945e+16,9.568911579661e-09,1327547.88995489
32,1.55,-0.698120953192087,-0.999987953829594,22.3336142623819,22.3358888700809,5.00234018879363e+17,1.5633737014418e-07,8.65966815293363e+17,1.03315290073249e-08,1325324.18463368
33,1.6,0.69812066933564,0.999987020788413,25.7993142272708,25.8859232626769,8.16341121860887e+19,1.78461750795735e-07,1.85764548062324e+19,1.1194336139057e-08,1276797.91323623
34,1.65,-0.698119358214773,-0.999985117070658,20.6203659511141,20.6358278381567,3.40730558337958e+20,2.03145602981151e-07,7.2790304135605e+19,1.20147758445568e-08,1192343.77959252
35,1.7,-0.698118535097625,-0.862544735548155,1.05925392433906,1.40935352200418,4.15365943942056e+21,2.29870617066673e-07,9.36703137078164e+21,1.28170013694999e-08,11089.5297289947
36,1.75,-0.698117391377095,0.840861894269936,1.16827998985638,1.24135695576119,1.34474767559635e+22,2.58764410522958e-07,1.68903098108088e+22,1.35177239520342e-08,10106.3078116287
37,1.8,-0.698115703732664,-0.999967778914755,14.1716420312077,14.174011546133,3.129687039295e+22,2.90792302220951e-07,2.5475362075359e+22,1.43040553654482e-08,810345.026161262
38,1.85,0.378515310207321,-0.999981232014401,13.3779505650808,13.4219713641809,1.31646306841232e+24,3.25230313198658e-07,3.02642162543059e+23,1.52123181837382e-08,1061782.60005302
39,1.9,0.698111689562025,-0.539800567696868,1.16078421864182,1.19460174965014,4.30989427551815e+24,3.62126969276122e-07,7.7616765228876e+23,1.59947487012213e-08,4171.51304289931
40,1.95,-0.247340555085352,-0.096391924987593,1.01493257914864,1.09591314700797,7.7754766309911e+24,4.01535640157469e-07,1.53191884556028e+24,1.67832954844799e-08,629.989387320599
41,2,0.259748375955844,0.173047033649059,1.01266108992932,1.08684550778327,1.15145595211323e+25,4.44079567170689e-07,2.32514505569587e+24,1.75756585442018e-08,1142.9614624646
42,2.05,0.427170793057447,0.213250135549496,1.02594270241468,1.11386337512856,1.55686954646894e+25,4.89908238579758e-07,3.17975658167739e+24,1.83704431731324e-08,1419.91173709587
43,2.1,0.021955758717925,-0.000668544240497504,1.01213603883413,1.04268227800008,1.99570728875728e+25,5.39118940865616e-07,4.12485540700967e+24,1.91653679570368e-08,4.34906395910567
44,2.15,0.00990211875277949,-0.0256218081187319,1.0096354120992,1.0664688357695,2.46788350073254e+25,5.91694661845572e-07,5.0848660910167e+24,1.9675562943485e-08,166.731600574206
45,2.2,0.0117453178006406,-0.000974400988778434,1,1.0592713773321,2.93509475016506e+25,6.45043438317278e-07,6.15963963442371e+24,1.52630346830584e-08,5.9964234643956
46,2.25,0.00710525550494499,0.0216117579202421,1,1.11780390923873,3.28427335703066e+25,6.93541353162573e-07,8.35421442075729e+24,7.68517458866282e-09,49.7448687490554
47,2.3,0.00224372534322008,0.0356755933817827,1,1.09863135479766,3.53799590219612e+25,7.36173906339719e-07,1.0072891504402e+25,4.57544826839384e-09,7.8719881484015
48,2.35,-0.00141645919209808,0.0425858122779532,1,1.08961575193677,3.79324397093297e+25,7.7606173054211e-07,1.11069515197705e+25,4.55967488350563e-09,0.0933034225907972
49,2.4,-0.00384310732463881,0.0441942992032603,1,1.09022551847975,4.07936452892903e+25,8.15142993175422e-07,1.22000987212451e+25,4.55481107341103e-09,0.195455982482315
50,2.45,-0.00528789281681464,0.0424601484627078,1,1.090510878586,4.39816916246307e+25,8.54429390238504e-07,1.33594731056092e+25,4.55135088659417e-09,0.219994642803487
51,2.5,-0.00596796119189809,0.0393985684368661,1,1.09055230657169,4.75201235539292e+25,8.94310228160896e-07,1.4621142202138e+25,4.54910086606422e-09,0.125671101489739
52,2.55,-0.00607925612960885,0.0353407472936222,1,1.09053177096767,5.14386007961448e+25,9.34909971043715e-07,1.59958780248667e+25,4.54741734383211e-09,0.0524250574489255
53,2.6,-0.00576796918252187,0.0306988402496018,1,1.09049085198825,5.5766324631488e+25,9.76540583842079e-07,1.74901109402762e+25,4.54595876534007e-09,0.0262694753006059
54,2.65,-0.00514392454044311,0.0258374731077753,1,1.09043574465382,6.05329055523216e+25,1.01954225523261e-06,1.91137145524767e+25,4.54455015123659e-09,0.0215030846434413
55,2.7,-0.00428947990669742,0.021014864765976,1,1.09046669938781,6.57751350138863e+25,1.06391836591604e-06,2.08786588258374e+25,4.54315322117676e-09,0.0148552755211521
56,2.75,-0.00326683488944125,0.016425532969802,1,1.09061007431705,7.15335270896806e+25,1.10966747719695e-06,2.27946206039353e+25,4.79992428287391e-09,0.00864857976264294
57,2.8,-0.00211919677000201,0.0122412111174646,1,1.09071416733727,7.78425763234748e+25,1.15678609646435e-06,2.48774299480668e+25,5.36201137538145e-09,0.00845036703082246
58,2.85,-0.000871138622773132,0.0086064258618157,1,1.09078734170339,8.47442183421815e+25,1.20527017593634e-06,2.71520388011502e+25,5.92749210189293e-09,0.0111161844095789
59,2.9,0.00045489985659862,0.00557403738082241,1,1.09083476443446,9.22871178852256e+25,1.25511590376939e-06,2.96343137336749e+25,6.49623640696669e-09,0.011383632645735
60,2.95,0.00178874699505674,0.00307163922693232,1,1.09085943659701,1.00523887616183e+26,1.30631981078061e-06,3.23428861503528e+25,7.06788771193025e-09,0.00847336316216053
61,3,0.00297312654285637,0.00121191307052448,1,1.09082973576814,1.09520179367857e+26,1.35887930637585e-06,3.52991149585996e+25,7.64222828653123e-09,0.00362369779198645
62,3.05,0.0037211464372552,0.001743879278476,1,1.09069783193675,1.19340484678781e+26,1.41279489223831e-06,3.85150255812925e+25,8.21904875426208e-09,0.00375326556653109
63,3.1,0.00376846076920138,0.00542533568843973,1,1.0904598929854,1.30048457248412e+26,1.46807364610109e-06,4.20246737110839e+25,8.79821658487168e-09,0.00366555580040159
64,3.15,0.00368024229184447,0.0117727854704537,1,1.09035632180677,1.41742524548171e+26,1.52472917835638e-06,4.5853262694141e+25,9.37973241097693e-09,0.00380399685652698
65,3.2,0.00556845932279515,0.0229549854000768,1,1.09098776179137,1.54596240455035e+26,1.58278051267347e-06,5.00078228100874e+25,9.9637309530577e-09,0.129308413694924
66,3.25,0.0147247369564397,0.043951666912931,1,1.09578917272405,1.68966713057392e+26,1.64225871982183e-06,5.4497073251352e+25,1.05505420915974e-08,4.24393739866002
67,3.3,0.0235187821203637,0.0780297941447059,1,1.09794129269666,1.84721330579917e+26,1.70322332247843e-06,5.98152821765296e+25,1.11407487160296e-08,11.8888179263262
68,3.35,0.027399593448953,0.111696016561342,1,1.09706730724695,2.01916364813697e+26,1.76578315827915e-06,6.57844525865474e+25,1.17350682580383e-08,10.2005976909743
69,3.4,0.00364418759695129,0.0878192919097063,1,1.10234986811719,2.21545164857822e+26,1.83005254224504e-06,7.22369933711669e+25,1.23337565652118e-08,24.3171236841425
70,3.45,0.0221039368356427,0.171283891072517,1,1.10048205482471,2.42850359242198e+26,1.8960038169584e-06,7.97465824675991e+25,1.29355359922432e-08,32.8691010673522
71,3.5,0.0249300351095322,-0.19990759759086,1,1.09816208699378,2.66386612449984e+26,1.96384747593493e-06,8.79117668122526e+25,1.35439621101834e-08,16.356246526801
72,3.55,0.0249300351095322,-0.19990759759086,1,1.09474663154885,2.91989546769281e+26,2.03260909740231e-06,9.64429391407847e+25,1.41461008290751e-08,5.90069969086749
