referenceSpeed,scenario,requestedFrames,executedFrames,completed,subsequentMedianSeconds,subsequentP95Seconds,maximumFrameSeconds,deadlineMisses,maximumHorizonSteps,minimumReplayClearanceMeters,minimumWholeBodyRoadMarginMeters,strictOverlapSamples,denseClearanceShortfallSamples,failure
8,recovery,40,40,True,0.228135,0.2966776,2.912672,40,89,,3.0390971818308508,0,0,
8,circular,40,40,True,0.014383,0.0211067,0.379461,1,68,,3.0220879493297446,0,0,
8,brakingTarget,160,160,True,0.003975,0.02308184999999999,0.377387,1,68,4.1,3.05,0,0,
8,turningTarget,160,160,True,0.006968,0.034328149999999995,0.070503,1,100,4.262471482308396,3.05,0,0,
8,acceleratingTurn,160,160,True,0.006727,0.03560139999999997,0.06537,1,100,2.5763767112824345,3.05,0,0,
8,oncoming,160,160,True,0.050527,5.008918550000001,5.015835,82,68,0.004967120127329251,0.5893529916173192,0,2,
8,acceleratingTarget,160,160,True,0.052221,5.00887395,5.013338,89,68,0.004436770015152059,0.4865088968593412,0,8,
15,recovery,40,40,True,0.202617,0.34130109999999986,2.717045,36,76,,3.0391412781332408,0,0,
15,circular,40,40,True,0.016582,0.022060450000000002,0.333776,1,76,,3.0331429531045444,0,0,
15,brakingTarget,160,160,True,0.006922,0.024683849999999993,0.298231,1,76,4.1,3.05,0,0,
15,turningTarget,160,160,True,0.006723,0.025872099999999985,0.049502,0,76,1.0040021396893601,3.05,0,0,
15,acceleratingTurn,160,160,True,0.006871,0.024606749999999997,0.049226,0,76,1.2624888129980174,3.05,0,0,
15,oncoming,160,0,False,,,0,0,0,,,0,0,collisionAvoidanceController:noFeasibleContinuation: No feasible nonlinear prefix and indefinite continuation were obtained (timeLimit).
15,acceleratingTarget,160,160,True,0.097348,5.00894615,5.01955,160,76,0.005179340102325132,0.3150870249329847,0,0,
