scenario,roadCurvature,targetCurvature,uncertaintyScale,variant,completed,passed,executedHolds,failureIdentifier,failureMessage,minNodeGap,minSampledGap,minTerminalMargin,maxClfResidual,reactiveAdmissions,cartesianJerk,maxFrameMs
stationary,0,0,1,cartesian,1,1,240,,,1.02929554548589,1.02885867325342,1.60726268896016e-05,-0.00167638480314838,0,0,943.684
stationary,0,0,1,nrmm-boxOnly,1,1,240,,,0.956835391824302,0.956222210524024,1.60532216501863e-05,-0.00167638467117168,0,NaN,247.508
stationary,0,0,1,nrmm-egoOnly,1,1,240,,,0.891502976592083,0.890702732944561,1.60502128428719e-05,-0.00167638426170804,0,NaN,215.066
stationary,0,0,1,nrmm-reactive,1,1,240,,,0.913200519967098,0.912318345332249,1.63027748668332e-05,-0.00167638435469816,1,NaN,675.753
stationary,0,0,3,cartesian,1,1,240,,,1.81482532167271,1.8144162389065,1.60076456545422e-05,-0.00167638703772556,0,0,745.212
stationary,0,0,3,nrmm-boxOnly,1,1,240,,,2.02954043685267,2.02954043685267,1.60029304032971e-05,-0.00167638835113402,0,NaN,197.478
stationary,0,0,3,nrmm-egoOnly,1,1,240,,,1.75956326917949,1.75933058713873,1.60073257002569e-05,-0.00167638772933603,0,NaN,149.958
stationary,0,0,3,nrmm-reactive,1,1,240,,,1.86505172748688,1.86464221297661,1.60033814793903e-05,-0.0016763880641522,1,NaN,489.733
stationary,0,0,10,cartesian,1,1,240,,,2.91543755633497,2.91543755633497,1.6001779472502e-05,-0.00167639034430968,0,0,257.973
stationary,0,0,10,nrmm-boxOnly,1,1,240,,,4.44283916907161,4.44280249661495,1.60007788884975e-05,-0.00167635719159557,0,NaN,156.117
stationary,0,0,10,nrmm-egoOnly,1,1,240,,,5.18968548500028,5.18950499681581,1.60004858447971e-05,-0.00167637670804609,0,NaN,163.62
stationary,0,0,10,nrmm-reactive,1,1,240,,,5.35555449575768,5.3542404978664,1.59891328520984e-05,-0.00167637114364837,2,NaN,446.371
stationary,0.01,0,1,cartesian,1,1,240,,,1.09567209462356,1.09563866200708,1.60520375880185e-05,-0.0459270682025271,0,0,241.167
stationary,0.01,0,1,nrmm-boxOnly,1,1,240,,,1.36013831091726,1.36006226260311,1.60315248528969e-05,-0.0458801512971095,0,NaN,205.762
stationary,0.01,0,1,nrmm-egoOnly,1,1,240,,,1.27998094136835,1.27990422930358,1.60909792086134e-05,-0.0458954011672633,0,NaN,149.251
stationary,0.01,0,1,nrmm-reactive,1,1,240,,,1.32016819933549,1.32012473293624,1.60817553880727e-05,-0.0458994549764837,1,NaN,343.468
stationary,0.01,0,3,cartesian,1,1,240,,,1.72478637091002,1.72463276829642,1.60394100898603e-05,-0.0458042441025659,0,0,216.679
stationary,0.01,0,3,nrmm-boxOnly,1,1,240,,,2.44529387232487,2.44497739431336,1.60024681155474e-05,-0.0453458019505372,0,NaN,211.223
stationary,0.01,0,3,nrmm-egoOnly,1,1,240,,,2.21420933575941,2.21395611401175,1.60071919583088e-05,-0.0455020856677195,0,NaN,228.031
stationary,0.01,0,3,nrmm-reactive,1,1,240,,,2.33436876507297,2.33435217648339,1.60068119868934e-05,-0.0454236591372615,1,NaN,384.317
stationary,0.01,0,10,cartesian,1,1,240,,,3.13595534755133,3.1355366477724,1.60006887493652e-05,-0.04478847653554,0,0,180.976
stationary,0.01,0,10,nrmm-boxOnly,1,1,240,,,4.43232177057826,4.432152960757,1.54102823710506e-05,-0.0432859653717001,0,NaN,123.937
stationary,0.01,0,10,nrmm-egoOnly,1,1,240,,,4.02895375791078,4.02677794992911,1.5969431467408e-05,-0.0436247908263814,0,NaN,217.711
stationary,0.01,0,10,nrmm-reactive,1,1,240,,,4.12549646848028,4.12549646848028,1.59902765581726e-05,-0.0435521675065655,2,NaN,466.392
oncoming,0,0,1,cartesian,1,1,240,,,0.713648135186074,0.713648135186074,1.60046465616792e-05,-0.00167633727859614,0,0.4608,761.576
oncoming,0,0,1,nrmm-boxOnly,1,1,240,,,0.634080899636691,0.625433331378057,1.60092599383044e-05,-0.00167631791961893,0,NaN,197.388
oncoming,0,0,1,nrmm-egoOnly,1,1,240,,,0.603506329694493,0.594255347555763,1.60226103268768e-05,-0.00167631931437775,0,NaN,182.618
oncoming,0,0,1,nrmm-reactive,1,1,240,,,0.605626711072418,0.596266890050574,1.6021510813341e-05,-0.0016763198343895,1,NaN,380.661
oncoming,0,0,3,cartesian,1,1,240,,,0.995783608469204,0.994757536751484,1.6017666694651e-05,-0.00167639248620068,0,0.4608,261.38
oncoming,0,0,3,nrmm-boxOnly,1,1,240,,,0.958833743231498,0.950053758399018,1.60044579209651e-05,-0.00167639090137135,0,NaN,158.627
oncoming,0,0,3,nrmm-egoOnly,1,1,240,,,0.861353175212769,0.85205051041464,1.60899291916372e-05,-0.00167638142904499,0,NaN,106.319
oncoming,0,0,3,nrmm-reactive,1,1,240,,,0.867161850781514,0.857673380172617,1.60287738932563e-05,-0.00167638134277929,1,NaN,258.36
oncoming,0,0,10,cartesian,1,1,240,,,2.29620476507221,2.27530378316688,1.6001731634685e-05,-0.00167629777559788,0,0.4608,115.399
oncoming,0,0,10,nrmm-boxOnly,0,0,51,collisionAvoidanceController:optimizationFailed,"The hard-safety, soft-CLF search failed at t=2.55 s (Fixed-direction trajectory optimization failed: solverRejected: solver exit flag -2: Clarabel status 2). No command was issued.",14.3838398104382,14.3838398104382,0.0937692173216959,-0.0215492304043527,0,NaN,219.925
oncoming,0,0,10,nrmm-egoOnly,1,1,240,,,2.03675068955814,2.01599559863782,1.60015471198371e-05,-0.00167630529035999,0,NaN,156.309
oncoming,0,0,10,nrmm-reactive,1,1,240,,,2.03093330045061,2.00854929929191,1.59209734915539e-05,-0.00167633390159101,1,NaN,332.087
oncoming,0,0.02,1,cartesian,1,1,240,,,5.66494733248677,5.66494733248677,0.0937692173216959,-0.00167637436005827,0,0.4608,100.124
oncoming,0,0.02,1,nrmm-boxOnly,1,1,240,,,5.66494733645276,5.66494733645276,0.0937692173216959,-0.00167637436000892,0,NaN,105.334
oncoming,0,0.02,1,nrmm-egoOnly,1,1,240,,,5.66494684214701,5.66494684214701,0.0937692173216959,-0.00167637436000716,0,NaN,111.386
oncoming,0,0.02,1,nrmm-reactive,1,1,240,,,5.66489970322494,5.66489970322494,0.0937692173216959,-0.00167637435986239,1,NaN,258.192
oncoming,0,0.02,3,cartesian,1,1,240,,,5.66497013151715,5.66497013151715,0.0937692173216959,-0.00167637436074257,0,0.4608,105.411
oncoming,0,0.02,3,nrmm-boxOnly,1,1,240,,,5.66497479239293,5.66497479239293,0.0937692173216959,-0.00167637436073498,0,NaN,91.895
oncoming,0,0.02,3,nrmm-egoOnly,1,1,240,,,5.66497055872135,5.66497055872135,0.0937692173216959,-0.00167637436070152,0,NaN,91.513
oncoming,0,0.02,3,nrmm-reactive,1,1,240,,,5.66461745656038,5.66461745656038,0.0937692173216959,-0.00167637435976404,1,NaN,214.25
oncoming,0,0.02,10,cartesian,1,1,240,,,5.67119347234449,5.67119347234449,0.0937692173216959,-0.00167637434160566,0,0.4608,118.005
oncoming,0,0.02,10,nrmm-boxOnly,1,1,240,,,5.67119165455354,5.67119165455354,0.0937692173216959,-0.00167637434211498,0,NaN,114.645
oncoming,0,0.02,10,nrmm-egoOnly,1,1,240,,,5.67118488296706,5.67118488296706,0.0937692173216959,-0.00167637434169356,0,NaN,120.131
oncoming,0,0.02,10,nrmm-reactive,1,1,240,,,5.67879862663536,5.67879862663536,0.0937692173216959,-0.00167637436182628,2,NaN,217.83
oncoming,0.01,0,1,cartesian,1,1,240,,,0.394957018457854,0.36455051690477,1.60055927697494e-05,-0.0488524642791062,0,0.4608,136.572
oncoming,0.01,0,1,nrmm-boxOnly,1,1,240,,,0.938193787612132,0.938193787612132,1.6002428682646e-05,-0.0478362207375629,0,NaN,110.771
oncoming,0.01,0,1,nrmm-egoOnly,1,1,240,,,0.905621711088804,0.905621711088804,1.60024875276304e-05,-0.0478576704027902,0,NaN,64.924
oncoming,0.01,0,1,nrmm-reactive,1,1,240,,,0.903641861160078,0.90041666281651,1.60164196699591e-05,-0.0478684792905561,1,NaN,80.55
oncoming,0.01,0,3,cartesian,1,1,240,,,0.452763757934497,0.452496537130508,1.60139041496254e-05,-0.0476707078468883,0,0.4608,84.955
oncoming,0.01,0,3,nrmm-boxOnly,1,1,240,,,0.502046459506464,0.501700260456046,1.60579780736081e-05,-0.0476720464722461,0,NaN,71.459
oncoming,0.01,0,3,nrmm-egoOnly,1,1,240,,,0.441741287434878,0.440847131716666,1.60067640612993e-05,-0.0477059244394475,0,NaN,102.695
oncoming,0.01,0,3,nrmm-reactive,1,1,240,,,0.456036285814997,0.432003582146358,1.60474025272944e-05,-0.0486476733388994,11,NaN,190.163
oncoming,0.01,0,10,cartesian,0,0,50,collisionAvoidanceController:optimizationFailed,"The hard-safety, soft-CLF search failed at t=2.5 s (Fixed-direction trajectory optimization failed: solverRejected: solver exit flag -2: Clarabel status 2). No command was issued.",15.0729127524502,15.0729127524502,0.0763995187867805,-0.221602751794186,0,0.4608,74.429
oncoming,0.01,0,10,nrmm-boxOnly,0,0,50,collisionAvoidanceController:optimizationFailed,"The hard-safety, soft-CLF search failed at t=2.5 s (Fixed-direction trajectory optimization failed: solverRejected: solver exit flag -2: Clarabel status 2). No command was issued.",15.0729127524502,15.0729127524502,0.0763995187867805,-0.221602751794186,0,NaN,61.15
oncoming,0.01,0,10,nrmm-egoOnly,0,0,50,collisionAvoidanceController:optimizationFailed,"The hard-safety, soft-CLF search failed at t=2.5 s (Fixed-direction trajectory optimization failed: solverRejected: solver exit flag -2: Clarabel status 2). No command was issued.",15.0729127524502,15.0729127524502,0.0763995187867805,-0.221602751794186,0,NaN,43.004
oncoming,0.01,0,10,nrmm-reactive,0,0,50,collisionAvoidanceController:optimizationFailed,"The hard-safety, soft-CLF search failed at t=2.5 s (Fixed-direction trajectory optimization failed: solverRejected: solver exit flag -2: Clarabel status 2). No command was issued.",15.0729127524502,15.0729127524502,0.0763995187867805,-0.221602751794186,0,NaN,145.057
oncoming,0.01,0.02,1,cartesian,1,1,240,,,5.63521436609711,5.63521436609711,0.0763995187867805,-0.0458637828585224,0,0.4608,73.125
oncoming,0.01,0.02,1,nrmm-boxOnly,1,1,240,,,5.63521408105804,5.63521408105804,0.0763995187867805,-0.045863783596499,0,NaN,67.931
oncoming,0.01,0.02,1,nrmm-egoOnly,1,1,240,,,5.63521278352803,5.63521278352803,0.0763995187867805,-0.0458637835781996,0,NaN,48.889
oncoming,0.01,0.02,1,nrmm-reactive,1,1,240,,,5.63515475078937,5.63515475078937,0.0763995187867805,-0.0458637761570281,1,NaN,125.204
oncoming,0.01,0.02,3,cartesian,1,1,240,,,5.63523403902386,5.63523403902386,0.0763995187867805,-0.045863773064653,0,0.4608,76.03
oncoming,0.01,0.02,3,nrmm-boxOnly,1,1,240,,,5.63524337847864,5.63524337847864,0.0763995187867805,-0.0458637731571636,0,NaN,63.788
oncoming,0.01,0.02,3,nrmm-egoOnly,1,1,240,,,5.63523541396944,5.63523541396944,0.0763995187867805,-0.045863773530814,0,NaN,73.197
oncoming,0.01,0.02,3,nrmm-reactive,1,1,240,,,5.63473028368696,5.63473028368696,0.0763995187867805,-0.0458637156152705,1,NaN,233.699
oncoming,0.01,0.02,10,cartesian,1,1,240,,,5.64071149626054,5.64071149626054,0.0763995187867805,-0.0458660168748117,0,0.4608,45.01
oncoming,0.01,0.02,10,nrmm-boxOnly,1,1,240,,,5.64066951192553,5.64066951192553,0.0763995187867805,-0.0459469197935887,0,NaN,92.772
oncoming,0.01,0.02,10,nrmm-egoOnly,1,1,240,,,5.64067228168782,5.64067228168782,0.0763995187867805,-0.0458660201045898,0,NaN,43.399
oncoming,0.01,0.02,10,nrmm-reactive,1,1,240,,,5.65025551185839,5.65025551185839,0.0763995187867805,-0.0458648980423592,2,NaN,93.627
crossing,0,0,1,cartesian,1,1,240,,,9.51831575298627,9.51785421911582,0.0937555830395087,-0.00164822859109466,0,29.4912,866.546
crossing,0,0,1,nrmm-boxOnly,1,1,240,,,9.51831473391955,9.51785308464533,0.0937610369981339,-0.00164822859111662,0,NaN,188.459
crossing,0,0,1,nrmm-egoOnly,1,1,240,,,9.51831472759639,9.51785307776251,0.0937610375640634,-0.00164822859111646,0,NaN,107.881
crossing,0,0,1,nrmm-reactive,1,1,240,,,9.51831470265736,9.51785305182185,0.0937610375603904,-0.0016482285911164,1,NaN,369.106
crossing,0,0,3,cartesian,1,1,240,,,9.51831574406311,9.51785421109634,0.0937556652679688,-0.00164822859109492,0,29.4912,754.799
crossing,0,0,3,nrmm-boxOnly,1,1,240,,,9.51831478840352,9.51785314388019,0.0937610225421043,-0.00164822859111513,0,NaN,79.882
crossing,0,0,3,nrmm-egoOnly,1,1,240,,,9.51831477087117,9.51785312478523,0.0937610254673801,-0.00164822859111559,0,NaN,111.937
crossing,0,0,3,nrmm-reactive,1,1,240,,,9.51831478995944,9.51785314524867,0.0937610254645516,-0.00164822859111527,1,NaN,167.355
crossing,0,0,10,cartesian,1,1,240,,,9.51359463172253,9.51338714924572,2.91912057037574e-05,-0.00164822872097137,0,29.4912,108.043
crossing,0,0,10,nrmm-boxOnly,1,1,240,,,9.51831516492875,9.51785355423043,0.0937602592286301,-0.00164822859110679,0,NaN,86.77
crossing,0,0,10,nrmm-egoOnly,1,1,240,,,9.51831512248999,9.51785350742214,0.0937604084752696,-0.00164822859110785,0,NaN,116.115
crossing,0,0,10,nrmm-reactive,1,1,240,,,9.51831550667541,9.51785391425205,0.0937604110251468,-0.00164822859110527,1,NaN,126.553
crossing,0,0.02,1,cartesian,1,1,240,,,8.90809178300912,8.90809178300912,0.0937559928598846,-0.001648228583722,0,29.4912,118.705
crossing,0,0.02,1,nrmm-boxOnly,1,1,240,,,8.90809071899792,8.90809071899792,0.0937590497301805,-0.00164822858373098,0,NaN,93.215
crossing,0,0.02,1,nrmm-egoOnly,1,1,240,,,8.9080907067541,8.9080907067541,0.0937591015219611,-0.0016482285837312,0,NaN,260.966
crossing,0,0.02,1,nrmm-reactive,1,1,240,,,8.90809062269512,8.90809062269512,0.093759144553614,-0.00164822858373153,1,NaN,99.951
crossing,0,0.02,3,cartesian,1,1,240,,,8.90809178620499,8.90809178620499,0.093756229432792,-0.00164822858372274,0,29.4912,64.231
crossing,0,0.02,3,nrmm-boxOnly,1,1,240,,,8.90809079682536,8.90809079682536,0.0937585854545141,-0.00164822858372987,0,NaN,68.168
crossing,0,0.02,3,nrmm-egoOnly,1,1,240,,,8.90809076158967,8.90809076158967,0.0937587513162175,-0.00164822858373075,0,NaN,108.367
crossing,0,0.02,3,nrmm-reactive,1,1,240,,,8.90809081946428,8.90809081946428,0.0937588824874768,-0.00164822858373065,1,NaN,100.344
crossing,0,0.02,10,cartesian,1,1,240,,,8.90809173516016,8.90809173516016,0.0937566688839508,-0.00164822858372549,0,29.4912,85.42
crossing,0,0.02,10,nrmm-boxOnly,1,1,240,,,8.90809084532093,8.90809084532093,0.0937573352769523,-0.00164822858373057,0,NaN,96.147
crossing,0,0.02,10,nrmm-egoOnly,1,1,240,,,8.90809073396385,8.90809073396385,0.093758030574651,-0.00164822858373137,0,NaN,61.91
crossing,0,0.02,10,nrmm-reactive,1,1,240,,,8.90809254194413,8.90809254194413,0.0937584222752807,-0.00164822858372712,1,NaN,105.195
crossing,0.01,0,1,cartesian,1,1,240,,,1.1935758542372,1.18581946893524,1.60038455316175e-05,-0.0483280324694433,0,0.0576,317.729
crossing,0.01,0,1,nrmm-boxOnly,1,1,240,,,1.16254335826731,1.15750848500347,1.60086986202151e-05,-0.0486494631324339,0,NaN,165.093
crossing,0.01,0,1,nrmm-egoOnly,1,1,240,,,1.07571157775571,1.07026280774236,1.6005538054184e-05,-0.0486779210649283,0,NaN,173.084
crossing,0.01,0,1,nrmm-reactive,1,1,240,,,1.03492356078126,1.03394900474066,1.60071233207965e-05,-0.0487254772665004,1,NaN,243.336
crossing,0.01,0,3,cartesian,1,1,240,,,1.68148993521113,1.68089468577769,1.60003174702189e-05,-0.0474273647700367,0,0.0576,77.243
crossing,0.01,0,3,nrmm-boxOnly,1,1,240,,,1.97338236030162,1.97232266937457,1.59964178515909e-05,-0.0475370041290364,0,NaN,84.508
crossing,0.01,0,3,nrmm-egoOnly,1,1,240,,,1.67447669197103,1.67433764717124,1.60028375063986e-05,-0.0481928231849534,0,NaN,101.58
crossing,0.01,0,3,nrmm-reactive,1,1,240,,,1.54611824670742,1.54555219649802,1.60040465206762e-05,-0.0482477870970537,1,NaN,159.089
crossing,0.01,0,10,cartesian,1,1,240,,,4.58773475046992,4.58733141376139,1.58232842330935e-05,-0.0454080440845454,0,0.0576,89.19
crossing,0.01,0,10,nrmm-boxOnly,0,0,0,collisionAvoidanceController:optimizationFailed,"The hard-safety, soft-CLF search failed at t=0 s (Fixed-direction trajectory optimization failed: solverRejected: solver exit flag -2: Clarabel status 2). No command was issued.",Inf,Inf,Inf,-Inf,0,NaN,133.759
crossing,0.01,0,10,nrmm-egoOnly,1,1,240,,,6.1850273041849,6.18356088358919,1.57831982212642e-05,-0.0438329657328585,0,NaN,174.642
crossing,0.01,0,10,nrmm-reactive,1,1,240,,,5.82865905729293,5.82618164730454,1.58223122292966e-05,-0.0438123420110132,3,NaN,200.315
crossing,0.01,0.02,1,cartesian,1,1,240,,,1.14905660916064,1.14455317494632,1.6004840403358e-05,-0.0484460479154569,0,0.0576,77.955
crossing,0.01,0.02,1,nrmm-boxOnly,1,1,240,,,1.21397179942631,1.21344083715416,1.60043320047015e-05,-0.0489642450085329,0,NaN,107.578
crossing,0.01,0.02,1,nrmm-egoOnly,1,1,240,,,1.1556445495151,1.15106612214195,1.6006753370254e-05,-0.0484194238486258,0,NaN,130.169
crossing,0.01,0.02,1,nrmm-reactive,1,1,240,,,1.12138478745607,1.11750869940011,1.60077557113253e-05,-0.0484984648363474,1,NaN,225.364
crossing,0.01,0.02,3,cartesian,1,1,240,,,1.63617544973658,1.63473187574083,1.60043456280262e-05,-0.0487966641205361,0,0.0576,77.24
crossing,0.01,0.02,3,nrmm-boxOnly,1,1,240,,,2.23253631696244,2.23230215629349,1.60779819375206e-05,-0.0482345963957166,0,NaN,90.078
crossing,0.01,0.02,3,nrmm-egoOnly,1,1,240,,,1.82690626768283,1.82324826143703,1.60190039692337e-05,-0.0486729251392187,0,NaN,62.916
crossing,0.01,0.02,3,nrmm-reactive,1,1,240,,,1.66001149941708,1.65986135536638,1.60122827058545e-05,-0.0488285935654387,2,NaN,109.837
crossing,0.01,0.02,10,cartesian,1,1,240,,,4.27566587528168,4.27560793114718,1.60008323401434e-05,-0.0467402334983891,0,0.0576,54.447
crossing,0.01,0.02,10,nrmm-boxOnly,0,0,0,collisionAvoidanceController:optimizationFailed,"The hard-safety, soft-CLF search failed at t=0 s (Fixed-direction trajectory optimization failed: solverRejected: solver exit flag -2: Clarabel status 2). No command was issued.",Inf,Inf,Inf,-Inf,0,NaN,50.628
crossing,0.01,0.02,10,nrmm-egoOnly,1,1,240,,,6.71347105745639,6.71304243775076,1.57361947587947e-05,-0.0440825778074817,0,NaN,59.394
crossing,0.01,0.02,10,nrmm-reactive,1,1,240,,,6.40365802044923,6.40216099919051,1.57277201238148e-05,-0.0443686408851171,2,NaN,199.575
