run,out-base:outcome,out-base:holds,out-base:minClearance,out-base:minRoad,out-base:recoveryTime,out-A:outcome,out-A:holds,out-A:minClearance,out-A:minRoad,out-A:recoveryTime,out-D:outcome,out-D:holds,out-D:minClearance,out-D:minRoad,out-D:recoveryTime,out-E:outcome,out-E:holds,out-E:minClearance,out-E:minRoad,out-E:recoveryTime,out-F:outcome,out-F:holds,out-F:minClearance,out-F:minRoad,out-F:recoveryTime,out-G:outcome,out-G:holds,out-G:minClearance,out-G:minRoad,out-G:recoveryTime,out-G2:outcome,out-G2:holds,out-G2:minClearance,out-G2:minRoad,out-G2:recoveryTime,out-H:outcome,out-H:holds,out-H:minClearance,out-H:minRoad,out-H:recoveryTime
seed0-speed15-acceleratingHeadOn,recovered,117,0.15450281478124597,,5.849999999999987,recovered,119,0.15402182620777272,,5.949999999999987,recovered,119,0.15402182620777272,,5.949999999999987,recovered,117,0.15450281478124597,,5.849999999999987,recovered,119,0.15402182620777272,,5.949999999999987,recovered,119,0.15402182620777272,,5.949999999999987,recovered,119,0.15402182620777272,,5.949999999999987,recovered,117,0.15450281478124597,,5.849999999999987
seed0-speed15-brakingLead,recovered,325,0.20135469987392562,,16.250000000000096,recovered,252,0.2075138845838791,,12.600000000000044,recovered,252,0.2075138845838791,,12.600000000000044,recovered,325,0.20135469987392562,,16.250000000000096,recovered,252,0.2075138845838791,,12.600000000000044,recovered,252,0.2075138845838791,,12.600000000000044,recovered,252,0.2075138845838791,,12.600000000000044,recovered,325,0.20135469987392562,,16.250000000000096
seed0-speed15-crossing,recovered,199,1.573070720856011,,9.950000000000006,recovered,202,1.34489660087889,,10.100000000000009,recovered,202,1.34489660087889,,10.100000000000009,recovered,199,1.573070720856011,,9.950000000000006,recovered,202,1.34489660087889,,10.100000000000009,recovered,202,1.34489660087889,,10.100000000000009,recovered,202,1.34489660087889,,10.100000000000009,recovered,199,1.573070720856011,,9.950000000000006
seed0-speed15-curvedCrossing,recovered,184,1.3886588555483708,,9.199999999999996,recovered,184,1.3886588555483708,,9.199999999999996,recovered,184,1.3886588555483708,,9.199999999999996,recovered,184,1.3886588555483708,,9.199999999999996,recovered,184,1.3886588555483708,,9.199999999999996,recovered,184,1.3886588555483708,,9.199999999999996,recovered,184,1.3886588555483708,,9.199999999999996,recovered,184,1.3886588555483708,,9.199999999999996
seed0-speed15-curvedHeadOn,recovered,1288,3.078624849136941,,64.39999999999849,recovered,1288,3.078624849136941,,64.39999999999849,recovered,1288,3.078624849136941,,64.39999999999849,recovered,1288,3.078624849136941,,64.39999999999849,recovered,1288,3.078624849136941,,64.39999999999849,recovered,1288,3.078624849136941,,64.39999999999849,recovered,1288,3.078624849136941,,64.39999999999849,recovered,1288,3.078624849136941,,64.39999999999849
seed0-speed15-headOn,recovered,155,0.1640725957776333,,7.7499999999999805,recovered,173,0.16569828738068249,,8.649999999999988,recovered,173,0.16569828738068249,,8.649999999999988,recovered,155,0.1640725957776333,,7.7499999999999805,recovered,173,0.16569828738068249,,8.649999999999988,recovered,173,0.16569828738068249,,8.649999999999988,recovered,173,0.16569828738068249,,8.649999999999988,recovered,155,0.1640725957776333,,7.7499999999999805
seed0-speed15-turningCrossing,recovered,199,1.5542985982812452,,9.950000000000006,recovered,178,1.2135667378826092,,8.899999999999991,recovered,178,1.2135667378826092,,8.899999999999991,recovered,199,1.5542985982812452,,9.950000000000006,recovered,178,1.2135667378826092,,8.899999999999991,recovered,178,1.2135667378826092,,8.899999999999991,recovered,178,1.2135667378826092,,8.899999999999991,recovered,199,1.5542985982812452,,9.950000000000006
seed0-speed8-acceleratingHeadOn,recovered,186,1.119331703408684,,9.299999999999997,recovered,186,1.119331703408684,,9.299999999999997,recovered,186,1.119331703408684,,9.299999999999997,recovered,186,1.119331703408684,,9.299999999999997,recovered,186,1.119331703408684,,9.299999999999997,recovered,186,1.119331703408684,,9.299999999999997,recovered,186,1.119331703408684,,9.299999999999997,recovered,186,1.119331703408684,,9.299999999999997
seed0-speed8-brakingLead,recovered,305,0.2182687725485625,,15.250000000000082,recovered,255,0.2141450915847828,,12.750000000000046,recovered,255,0.2141450915847828,,12.750000000000046,recovered,305,0.2182687725485625,,15.250000000000082,recovered,255,0.2141450915847828,,12.750000000000046,recovered,255,0.2141450915847828,,12.750000000000046,recovered,255,0.2141450915847828,,12.750000000000046,recovered,305,0.2182687725485625,,15.250000000000082
seed0-speed8-crossing,recovered,188,0.30727595154164405,,9.399999999999999,recovered,188,0.30727595154164405,,9.399999999999999,recovered,188,0.30727595154164405,,9.399999999999999,recovered,188,0.30727595154164405,,9.399999999999999,recovered,188,0.30727595154164405,,9.399999999999999,recovered,188,0.30727595154164405,,9.399999999999999,recovered,188,0.30727595154164405,,9.399999999999999,recovered,188,0.30727595154164405,,9.399999999999999
seed0-speed8-curvedCrossing,recovered,339,0.19935647701891004,,16.950000000000106,recovered,235,0.1999320596012398,,11.750000000000032,recovered,235,0.1999320596012398,,11.750000000000032,recovered,339,0.19935647701891004,,16.950000000000106,recovered,235,0.1999320596012398,,11.750000000000032,recovered,235,0.1999320596012398,,11.750000000000032,recovered,235,0.1999320596012398,,11.750000000000032,recovered,339,0.19935647701891004,,16.950000000000106
seed0-speed8-curvedHeadOn,recovered,1768,1.9194357033974585,,88.39999999999712,recovered,1768,1.9194357033974585,,88.39999999999712,recovered,1768,1.9194357033974585,,88.39999999999712,recovered,1768,1.9194357033974585,,88.39999999999712,recovered,1768,1.9194357033974585,,88.39999999999712,recovered,1768,1.9194357033974585,,88.39999999999712,recovered,1768,1.9194357033974585,,88.39999999999712,recovered,1768,1.9194357033974585,,88.39999999999712
seed0-speed8-headOn,recovered,186,1.502450998223217,,9.299999999999997,recovered,186,1.502450998223217,,9.299999999999997,recovered,186,1.502450998223217,,9.299999999999997,recovered,186,1.502450998223217,,9.299999999999997,recovered,186,1.502450998223217,,9.299999999999997,recovered,186,1.502450998223217,,9.299999999999997,recovered,186,1.502450998223217,,9.299999999999997,recovered,186,1.502450998223217,,9.299999999999997
seed0-speed8-turningCrossing,recovered,191,0.48088033789590195,,9.55,recovered,191,0.48088033789590195,,9.55,recovered,191,0.48088033789590195,,9.55,recovered,191,0.48088033789590195,,9.55,recovered,191,0.48088033789590195,,9.55,recovered,191,0.48088033789590195,,9.55,recovered,191,0.48088033789590195,,9.55,recovered,191,0.48088033789590195,,9.55
seed1-speed15-acceleratingHeadOn,recovered,139,0.4519569244340859,,6.949999999999983,recovered,182,0.4179023308106778,,9.099999999999994,recovered,182,0.4179023308106778,,9.099999999999994,recovered,139,0.4519569244340859,,6.949999999999983,recovered,182,0.4179023308106778,,9.099999999999994,recovered,182,0.4179023308106778,,9.099999999999994,recovered,182,0.4179023308106778,,9.099999999999994,recovered,139,0.4519569244340859,,6.949999999999983
seed1-speed15-brakingLead,noSolution:timeLimit,0,,,,noSolution:nonlinearAcceptanceFailed,0,,,,noSolution:clfNoNumericalResult,924,1.1368331400718557,,,noSolution:timeLimit,0,,,,noSolution:nonlinearAcceptanceFailed,0,,,,noSolution:timeLimit,0,,,,noSolution:timeLimit,0,,,,noSolution:timeLimit,0,,,
seed1-speed15-crossing,recovered,194,1.9728654678168849,,9.700000000000003,recovered,199,1.9437637197238693,,9.950000000000006,recovered,199,1.9437637197238693,,9.950000000000006,recovered,194,1.9728654678168849,,9.700000000000003,recovered,199,1.9437637197238693,,9.950000000000006,recovered,199,1.9437637197238693,,9.950000000000006,recovered,199,1.9437637197238693,,9.950000000000006,recovered,194,1.9728654678168849,,9.700000000000003
seed1-speed15-curvedCrossing,recovered,180,3.2956289985395624,,8.999999999999993,recovered,180,3.2956289985395624,,8.999999999999993,recovered,180,3.2956289985395624,,8.999999999999993,recovered,180,3.2956289985395624,,8.999999999999993,recovered,180,3.2956289985395624,,8.999999999999993,recovered,180,3.2956289985395624,,8.999999999999993,recovered,180,3.2956289985395624,,8.999999999999993,recovered,180,3.2956289985395624,,8.999999999999993
seed1-speed15-curvedHeadOn,recovered,1250,3.4795665276443106,,62.499999999998586,recovered,1250,3.4795665276443106,,62.499999999998586,recovered,1250,3.4795665276443106,,62.499999999998586,recovered,1250,3.4795665276443106,,62.499999999998586,recovered,1250,3.4795665276443106,,62.499999999998586,recovered,1250,3.4795665276443106,,62.499999999998586,recovered,1250,3.4795665276443106,,62.499999999998586,recovered,1250,3.4795665276443106,,62.499999999998586
seed1-speed15-headOn,recovered,169,0.4659743163132093,,8.449999999999985,recovered,158,0.47084957656891935,,7.89999999999998,recovered,158,0.47084957656891935,,7.89999999999998,recovered,169,0.4659743163132093,,8.449999999999985,recovered,158,0.47084957656891935,,7.89999999999998,recovered,158,0.47084957656891935,,7.89999999999998,recovered,158,0.47084957656891935,,7.89999999999998,recovered,169,0.4659743163132093,,8.449999999999985
seed1-speed15-turningCrossing,recovered,203,2.0752657042335643,,10.15000000000001,recovered,193,2.1394936181471453,,9.650000000000002,recovered,193,2.1394936181471453,,9.650000000000002,recovered,203,2.0752657042335643,,10.15000000000001,recovered,193,2.1394936181471453,,9.650000000000002,recovered,193,2.1394936181471453,,9.650000000000002,recovered,193,2.1394936181471453,,9.650000000000002,recovered,203,2.0752657042335643,,10.15000000000001
seed1-speed8-acceleratingHeadOn,recovered,178,1.6353696641171793,,8.899999999999991,recovered,178,1.6353696641171793,,8.899999999999991,recovered,178,1.6353696641171793,,8.899999999999991,recovered,178,1.6353696641171793,,8.899999999999991,recovered,178,1.6353696641171793,,8.899999999999991,recovered,178,1.6353696641171793,,8.899999999999991,recovered,178,1.6353696641171793,,8.899999999999991,recovered,178,1.6353696641171793,,8.899999999999991
seed1-speed8-brakingLead,noSolution:timeLimit,0,,,,noSolution:nonlinearAcceptanceFailed,0,,,,noSolution:pcbfNoNumericalResult,9,1.369220535490287,,,noSolution:timeLimit,0,,,,noSolution:nonlinearAcceptanceFailed,0,,,,recovered,290,1.390658711298169,,14.500000000000071,recovered,290,1.390658711298169,,14.500000000000071,noSolution:timeLimit,0,,,
seed1-speed8-crossing,recovered,160,1.8958600365215799,,7.99999999999998,recovered,160,1.8958600365215799,,7.99999999999998,recovered,160,1.8958600365215799,,7.99999999999998,recovered,160,1.8958600365215799,,7.99999999999998,recovered,160,1.8958600365215799,,7.99999999999998,recovered,160,1.8958600365215799,,7.99999999999998,recovered,160,1.8958600365215799,,7.99999999999998,recovered,160,1.8958600365215799,,7.99999999999998
seed1-speed8-curvedCrossing,noSolution:pcbfNoNumericalResult,26,1.7344147600053388,,,noSolution:pcbfNoNumericalResult,24,2.2085684434972084,,,noSolution:pcbfNoNumericalResult,24,2.2085684434972084,,,noSolution:timeLimit,26,1.7344147600053388,,,noSolution:pcbfNoNumericalResult,24,2.2085684434972084,,,noSolution:pcbfNoNumericalResult,24,2.2085684434972084,,,noSolution:pcbfNoNumericalResult,24,2.2085684434972084,,,noSolution:pcbfNoNumericalResult,26,1.7344147600053388,,
seed1-speed8-curvedHeadOn,recovered,1764,2.475729263624238,,88.19999999999713,noSolution:nonlinearAcceptanceFailed,1571,2.533035402780009,,,noSolution:nonlinearAcceptanceFailed,1571,2.533035402780009,,,recovered,1764,2.475729263624238,,88.19999999999713,noSolution:nonlinearAcceptanceFailed,1571,2.533035402780009,,,noSolution:nonlinearAcceptanceFailed,1571,2.533035402780009,,,noSolution:nonlinearAcceptanceFailed,1571,2.533035402780009,,,recovered,1764,2.475729263624238,,88.19999999999713
seed1-speed8-headOn,recovered,198,2.084054306550031,,9.900000000000006,recovered,198,2.084054306550031,,9.900000000000006,recovered,198,2.084054306550031,,9.900000000000006,recovered,198,2.084054306550031,,9.900000000000006,recovered,198,2.084054306550031,,9.900000000000006,recovered,198,2.084054306550031,,9.900000000000006,recovered,198,2.084054306550031,,9.900000000000006,recovered,198,2.084054306550031,,9.900000000000006
seed1-speed8-turningCrossing,recovered,314,1.3648123491643163,,15.700000000000088,recovered,314,1.3648123491643163,,15.700000000000088,recovered,314,1.3648123491643163,,15.700000000000088,recovered,314,1.3648123491643163,,15.700000000000088,recovered,314,1.3648123491643163,,15.700000000000088,recovered,314,1.3648123491643163,,15.700000000000088,recovered,314,1.3648123491643163,,15.700000000000088,recovered,314,1.3648123491643163,,15.700000000000088
seed2-speed15-acceleratingHeadOn,recovered,149,0.31746736243306617,,7.4499999999999815,recovered,167,0.3508641494580471,,8.349999999999984,recovered,167,0.3508641494580471,,8.349999999999984,recovered,149,0.31746736243306617,,7.4499999999999815,recovered,167,0.3508641494580471,,8.349999999999984,recovered,167,0.3508641494580471,,8.349999999999984,recovered,167,0.3508641494580471,,8.349999999999984,recovered,149,0.31746736243306617,,7.4499999999999815
seed2-speed15-brakingLead,noSolution:timeLimit,1,1.445146479682208,,,noSolution:nonlinearAcceptanceFailed,0,,,,noSolution:pcbfNoNumericalResult,22,1.3085784877281093,,,noSolution:timeLimit,1,1.445146479682208,,,noSolution:pcbfNoNumericalResult,22,1.3085784877281093,,,noSolution:pcbfNoNumericalResult,22,1.3085784877281093,,,noSolution:pcbfNoNumericalResult,22,1.3085784877281093,,,noSolution:timeLimit,1,1.445146479682208,,
seed2-speed15-crossing,recovered,199,1.9961341888070008,,9.950000000000006,recovered,197,1.9720332143481119,,9.850000000000005,recovered,197,1.9720332143481119,,9.850000000000005,recovered,199,1.9961341888070008,,9.950000000000006,recovered,197,1.9720332143481119,,9.850000000000005,recovered,197,1.9720332143481119,,9.850000000000005,recovered,197,1.9720332143481119,,9.850000000000005,recovered,199,1.9961341888070008,,9.950000000000006
seed2-speed15-curvedCrossing,recovered,178,2.9612532388625024,,8.899999999999991,recovered,178,2.9612532388625024,,8.899999999999991,recovered,178,2.9612532388625024,,8.899999999999991,recovered,178,2.9612532388625024,,8.899999999999991,recovered,178,2.9612532388625024,,8.899999999999991,recovered,178,2.9612532388625024,,8.899999999999991,recovered,178,2.9612532388625024,,8.899999999999991,recovered,178,2.9612532388625024,,8.899999999999991
seed2-speed15-curvedHeadOn,recovered,1265,3.5079140659041155,,63.24999999999854,recovered,1265,3.5079140659041155,,63.24999999999854,recovered,1265,3.5079140659041155,,63.24999999999854,recovered,1265,3.5079140659041155,,63.24999999999854,recovered,1265,3.5079140659041155,,63.24999999999854,recovered,1265,3.5079140659041155,,63.24999999999854,recovered,1265,3.5079140659041155,,63.24999999999854,recovered,1265,3.5079140659041155,,63.24999999999854
seed2-speed15-headOn,recovered,148,0.4812295449416869,,7.399999999999982,recovered,177,0.49142493086987193,,8.84999999999999,recovered,177,0.49142493086987193,,8.84999999999999,recovered,148,0.4812295449416869,,7.399999999999982,recovered,177,0.49142493086987193,,8.84999999999999,recovered,177,0.49142493086987193,,8.84999999999999,recovered,177,0.49142493086987193,,8.84999999999999,recovered,148,0.4812295449416869,,7.399999999999982
seed2-speed15-turningCrossing,recovered,197,2.236980829563175,,9.850000000000005,recovered,185,2.254613421884064,,9.249999999999996,recovered,185,2.254613421884064,,9.249999999999996,recovered,197,2.236980829563175,,9.850000000000005,recovered,185,2.254613421884064,,9.249999999999996,recovered,185,2.254613421884064,,9.249999999999996,recovered,185,2.254613421884064,,9.249999999999996,recovered,197,2.236980829563175,,9.850000000000005
seed2-speed8-acceleratingHeadOn,recovered,161,1.7734785275278215,,8.04999999999998,recovered,161,1.7734785275278215,,8.04999999999998,recovered,161,1.7734785275278215,,8.04999999999998,recovered,161,1.7734785275278215,,8.04999999999998,recovered,161,1.7734785275278215,,8.04999999999998,recovered,161,1.7734785275278215,,8.04999999999998,recovered,161,1.7734785275278215,,8.04999999999998,recovered,161,1.7734785275278215,,8.04999999999998
seed2-speed8-brakingLead,noSolution:timeLimit,1,1.445123924782163,,,noSolution:nonlinearAcceptanceFailed,0,,,,noSolution:pcbfNoNumericalResult,10,1.4271814950534272,,,noSolution:timeLimit,1,1.445123924782163,,,noSolution:nonlinearAcceptanceFailed,1,1.4451239247812597,,,noSolution:timeLimit,9,1.4271814950534272,,,noSolution:timeLimit,9,1.4271814950534272,,,noSolution:timeLimit,1,1.445123924782163,,
seed2-speed8-crossing,recovered,173,1.7865327915837312,,8.649999999999988,recovered,173,1.7865327915837312,,8.649999999999988,recovered,173,1.7865327915837312,,8.649999999999988,recovered,173,1.7865327915837312,,8.649999999999988,recovered,173,1.7865327915837312,,8.649999999999988,recovered,173,1.7865327915837312,,8.649999999999988,recovered,173,1.7865327915837312,,8.649999999999988,recovered,173,1.7865327915837312,,8.649999999999988
seed2-speed8-curvedCrossing,noSolution:pcbfNoNumericalResult,5,12.975040030409776,,,noSolution:pcbfNoNumericalResult,5,12.974599699359871,,,noSolution:pcbfNoNumericalResult,5,12.974599699359871,,,noSolution:pcbfNoNumericalResult,5,12.975040030409776,,,noSolution:pcbfNoNumericalResult,5,12.974599699359871,,,noSolution:pcbfNoNumericalResult,5,12.974599699359871,,,noSolution:pcbfNoNumericalResult,5,12.974599699359871,,,noSolution:pcbfNoNumericalResult,5,12.975040030409776,,
seed2-speed8-curvedHeadOn,noSolution:nonlinearAcceptanceFailed,9,13.785798862446082,,,noSolution:nonlinearAcceptanceFailed,10,13.048855553804865,,,noSolution:nonlinearAcceptanceFailed,10,13.048855553804865,,,noSolution:nonlinearAcceptanceFailed,9,13.785798862446082,,,noSolution:nonlinearAcceptanceFailed,10,13.048855553804865,,,noSolution:nonlinearAcceptanceFailed,10,13.048855553804865,,,noSolution:nonlinearAcceptanceFailed,10,13.048855553804865,,,noSolution:nonlinearAcceptanceFailed,9,13.785798862446082,,
seed2-speed8-headOn,recovered,185,1.9810229234067063,,9.249999999999996,recovered,185,1.9810229234067063,,9.249999999999996,recovered,185,1.9810229234067063,,9.249999999999996,recovered,185,1.9810229234067063,,9.249999999999996,recovered,185,1.9810229234067063,,9.249999999999996,recovered,185,1.9810229234067063,,9.249999999999996,recovered,185,1.9810229234067063,,9.249999999999996,recovered,185,1.9810229234067063,,9.249999999999996
seed2-speed8-turningCrossing,recovered,259,1.5224392432814742,,12.950000000000049,recovered,259,1.5224392432814742,,12.950000000000049,recovered,259,1.5224392432814742,,12.950000000000049,recovered,259,1.5224392432814742,,12.950000000000049,recovered,259,1.5224392432814742,,12.950000000000049,recovered,259,1.5224392432814742,,12.950000000000049,recovered,259,1.5224392432814742,,12.950000000000049,recovered,259,1.5224392432814742,,12.950000000000049
seed20261003-speed15-acceleratingHeadOn,recovered,156,0.3542280152864854,,7.79999999999998,recovered,154,0.36471578537105664,,7.699999999999981,recovered,154,0.36471578537105664,,7.699999999999981,recovered,156,0.3542280152864854,,7.79999999999998,recovered,154,0.36471578537105664,,7.699999999999981,recovered,154,0.36471578537105664,,7.699999999999981,recovered,154,0.36471578537105664,,7.699999999999981,recovered,156,0.3542280152864854,,7.79999999999998
seed20261003-speed15-brakingLead,noSolution:timeLimit,0,,,,noSolution:nonlinearAcceptanceFailed,0,,,,noSolution:pcbfNoNumericalResult,33,1.2934462347677709,,,noSolution:pcbfNoNumericalResult,0,,,,noSolution:nonlinearAcceptanceFailed,0,,,,noSolution:timeLimit,0,,,,noSolution:nonlinearAcceptanceFailed,8,1.3761806736619508,,,noSolution:timeLimit,0,,,
seed20261003-speed15-crossing,recovered,205,2.158586276604742,,10.25000000000001,recovered,182,2.153850835243036,,9.099999999999994,recovered,182,2.153850835243036,,9.099999999999994,recovered,205,2.158586276604742,,10.25000000000001,recovered,182,2.153850835243036,,9.099999999999994,recovered,182,2.153850835243036,,9.099999999999994,recovered,182,2.153850835243036,,9.099999999999994,recovered,205,2.158586276604742,,10.25000000000001
seed20261003-speed15-curvedCrossing,recovered,189,3.2489013524143533,,9.45,recovered,189,3.2489013524143533,,9.45,recovered,189,3.2489013524143533,,9.45,recovered,189,3.2489013524143533,,9.45,recovered,189,3.2489013524143533,,9.45,recovered,189,3.2489013524143533,,9.45,recovered,189,3.2489013524143533,,9.45,recovered,189,3.2489013524143533,,9.45
seed20261003-speed15-curvedHeadOn,recovered,1277,3.416242583626005,,63.84999999999851,recovered,1277,3.416242583626005,,63.84999999999851,recovered,1277,3.416242583626005,,63.84999999999851,recovered,1277,3.416242583626005,,63.84999999999851,recovered,1277,3.416242583626005,,63.84999999999851,recovered,1277,3.416242583626005,,63.84999999999851,recovered,1277,3.416242583626005,,63.84999999999851,recovered,1277,3.416242583626005,,63.84999999999851
seed20261003-speed15-headOn,recovered,150,0.4735401357910201,,7.499999999999981,recovered,163,0.48531456655434535,,8.14999999999998,recovered,163,0.48531456655434535,,8.14999999999998,recovered,150,0.4735401357910201,,7.499999999999981,recovered,163,0.48531456655434535,,8.14999999999998,recovered,163,0.48531456655434535,,8.14999999999998,recovered,163,0.48531456655434535,,8.14999999999998,recovered,150,0.4735401357910201,,7.499999999999981
seed20261003-speed15-turningCrossing,recovered,195,2.363492164805664,,9.750000000000004,recovered,195,2.363492164805664,,9.750000000000004,recovered,195,2.363492164805664,,9.750000000000004,recovered,195,2.363492164805664,,9.750000000000004,recovered,195,2.363492164805664,,9.750000000000004,recovered,195,2.363492164805664,,9.750000000000004,recovered,195,2.363492164805664,,9.750000000000004,recovered,195,2.363492164805664,,9.750000000000004
seed20261003-speed8-acceleratingHeadOn,noSolution:nonlinearAcceptanceFailed,11,10.639868958696525,,,noSolution:nonlinearAcceptanceFailed,11,10.639868958696525,,,noSolution:nonlinearAcceptanceFailed,11,10.639868958696525,,,noSolution:nonlinearAcceptanceFailed,11,10.639868958696525,,,noSolution:nonlinearAcceptanceFailed,11,10.639868958696525,,,noSolution:nonlinearAcceptanceFailed,11,10.639868958696525,,,noSolution:nonlinearAcceptanceFailed,11,10.639868958696525,,,noSolution:nonlinearAcceptanceFailed,11,10.639868958696525,,
seed20261003-speed8-brakingLead,noSolution:timeLimit,0,,,,noSolution:nonlinearAcceptanceFailed,0,,,,noSolution:clfNoNumericalResult,1,1.4448085575693477,,,noSolution:timeLimit,0,,,,noSolution:nonlinearAcceptanceFailed,0,,,,noSolution:nonlinearAcceptanceFailed,18,1.4001778766473372,,,noSolution:nonlinearAcceptanceFailed,18,1.4001778766473372,,,noSolution:pcbfNoNumericalResult,0,,,
seed20261003-speed8-crossing,recovered,177,1.8839172212878852,,8.84999999999999,recovered,177,1.8839172212878852,,8.84999999999999,recovered,177,1.8839172212878852,,8.84999999999999,recovered,177,1.8839172212878852,,8.84999999999999,recovered,177,1.8839172212878852,,8.84999999999999,recovered,177,1.8839172212878852,,8.84999999999999,recovered,177,1.8839172212878852,,8.84999999999999,recovered,177,1.8839172212878852,,8.84999999999999
seed20261003-speed8-curvedCrossing,noSolution:pcbfNoNumericalResult,21,3.021182989613744,,,noSolution:pcbfNoNumericalResult,40,1.6917747159225744,,,noSolution:pcbfNoNumericalResult,40,1.6917747159225744,,,noSolution:pcbfNoNumericalResult,21,3.021182989613744,,,noSolution:pcbfNoNumericalResult,40,1.6917747159225744,,,noSolution:pcbfNoNumericalResult,40,1.6917747159225744,,,noSolution:pcbfNoNumericalResult,40,1.6917747159225744,,,noSolution:pcbfNoNumericalResult,21,3.021182989613744,,
seed20261003-speed8-curvedHeadOn,noSolution:nonlinearAcceptanceFailed,8,14.537665053090649,,,noSolution:nonlinearAcceptanceFailed,8,14.534863093149047,,,noSolution:nonlinearAcceptanceFailed,8,14.534863093149047,,,noSolution:nonlinearAcceptanceFailed,8,14.537665053090649,,,noSolution:nonlinearAcceptanceFailed,8,14.534863093149047,,,noSolution:nonlinearAcceptanceFailed,8,14.534863093149047,,,noSolution:nonlinearAcceptanceFailed,8,14.534863093149047,,,noSolution:nonlinearAcceptanceFailed,8,14.537665053090649,,
seed20261003-speed8-headOn,recovered,175,1.9897385257197016,,8.74999999999999,recovered,175,1.9897385257197016,,8.74999999999999,recovered,175,1.9897385257197016,,8.74999999999999,recovered,175,1.9897385257197016,,8.74999999999999,recovered,175,1.9897385257197016,,8.74999999999999,recovered,175,1.9897385257197016,,8.74999999999999,recovered,175,1.9897385257197016,,8.74999999999999,recovered,175,1.9897385257197016,,8.74999999999999
seed20261003-speed8-turningCrossing,recovered,299,1.4192583012292725,,14.950000000000077,recovered,299,1.4192583012292725,,14.950000000000077,recovered,299,1.4192583012292725,,14.950000000000077,recovered,299,1.4192583012292725,,14.950000000000077,recovered,299,1.4192583012292725,,14.950000000000077,recovered,299,1.4192583012292725,,14.950000000000077,recovered,299,1.4192583012292725,,14.950000000000077,recovered,299,1.4192583012292725,,14.950000000000077
seed3-speed15-acceleratingHeadOn,recovered,157,0.3111877764598344,,7.84999999999998,recovered,172,0.32339351796305155,,8.599999999999987,recovered,172,0.32339351796305155,,8.599999999999987,recovered,157,0.3111877764598344,,7.84999999999998,recovered,172,0.32339351796305155,,8.599999999999987,recovered,172,0.32339351796305155,,8.599999999999987,recovered,172,0.32339351796305155,,8.599999999999987,recovered,157,0.3111877764598344,,7.84999999999998
seed3-speed15-brakingLead,noSolution:timeLimit,0,,,,noSolution:nonlinearAcceptanceFailed,0,,,,noSolution:nonlinearAcceptanceFailed,20,1.291793618753534,,,noSolution:timeLimit,0,,,,noSolution:pcbfNoNumericalResult,28,1.2088132913099587,,,noSolution:pcbfNoNumericalResult,28,1.210910171710914,,,noSolution:pcbfNoNumericalResult,28,1.210910171710914,,,noSolution:timeLimit,0,,,
seed3-speed15-crossing,recovered,197,1.9637916304109788,,9.850000000000005,recovered,197,2.0493121060422594,,9.850000000000005,recovered,197,2.0493121060422594,,9.850000000000005,recovered,197,1.9637916304109788,,9.850000000000005,recovered,197,2.0493121060422594,,9.850000000000005,recovered,197,2.0493121060422594,,9.850000000000005,recovered,197,2.0493121060422594,,9.850000000000005,recovered,197,1.9637916304109788,,9.850000000000005
seed3-speed15-curvedCrossing,recovered,196,3.0876706299438434,,9.800000000000004,recovered,196,3.0876706299438434,,9.800000000000004,recovered,196,3.0876706299438434,,9.800000000000004,recovered,196,3.0876706299438434,,9.800000000000004,recovered,196,3.0876706299438434,,9.800000000000004,recovered,196,3.0876706299438434,,9.800000000000004,recovered,196,3.0876706299438434,,9.800000000000004,recovered,196,3.0876706299438434,,9.800000000000004
seed3-speed15-curvedHeadOn,recovered,1249,3.5793142890010614,,62.44999999999859,recovered,1249,3.5793142890010614,,62.44999999999859,recovered,1249,3.5793142890010614,,62.44999999999859,recovered,1249,3.5793142890010614,,62.44999999999859,recovered,1249,3.5793142890010614,,62.44999999999859,recovered,1249,3.5793142890010614,,62.44999999999859,recovered,1249,3.5793142890010614,,62.44999999999859,recovered,1249,3.5793142890010614,,62.44999999999859
seed3-speed15-headOn,recovered,171,0.47549719162197585,,8.549999999999986,recovered,167,0.48543912758222424,,8.349999999999984,recovered,167,0.48543912758222424,,8.349999999999984,recovered,171,0.47549719162197585,,8.549999999999986,recovered,167,0.48543912758222424,,8.349999999999984,recovered,167,0.48543912758222424,,8.349999999999984,recovered,167,0.48543912758222424,,8.349999999999984,recovered,171,0.47549719162197585,,8.549999999999986
seed3-speed15-turningCrossing,recovered,200,2.2942442162737566,,10.000000000000007,recovered,196,2.385091471532229,,9.800000000000004,recovered,196,2.385091471532229,,9.800000000000004,recovered,200,2.2942442162737566,,10.000000000000007,recovered,196,2.385091471532229,,9.800000000000004,recovered,196,2.385091471532229,,9.800000000000004,recovered,196,2.385091471532229,,9.800000000000004,recovered,200,2.2942442162737566,,10.000000000000007
seed3-speed8-acceleratingHeadOn,noSolution:nonlinearAcceptanceFailed,11,10.649274432850227,,,noSolution:nonlinearAcceptanceFailed,11,10.649274432850227,,,noSolution:nonlinearAcceptanceFailed,11,10.649274432850227,,,noSolution:nonlinearAcceptanceFailed,11,10.649274432850227,,,noSolution:nonlinearAcceptanceFailed,11,10.649274432850227,,,noSolution:nonlinearAcceptanceFailed,11,10.649274432850227,,,noSolution:nonlinearAcceptanceFailed,11,10.649274432850227,,,noSolution:nonlinearAcceptanceFailed,11,10.649274432850227,,
seed3-speed8-brakingLead,noSolution:timeLimit,0,,,,noSolution:nonlinearAcceptanceFailed,0,,,,noSolution:nonlinearAcceptanceFailed,48,1.366619245664591,,,noSolution:pcbfNoNumericalResult,0,,,,recovered,308,1.3737554762117785,,15.400000000000084,noSolution:nonlinearAcceptanceFailed,48,1.3677798650709434,,,noSolution:nonlinearAcceptanceFailed,48,1.3677798650709434,,,noSolution:timeLimit,0,,,
seed3-speed8-crossing,recovered,161,1.932052114995756,,8.04999999999998,recovered,161,1.932052114995756,,8.04999999999998,recovered,161,1.932052114995756,,8.04999999999998,recovered,161,1.932052114995756,,8.04999999999998,recovered,161,1.932052114995756,,8.04999999999998,recovered,161,1.932052114995756,,8.04999999999998,recovered,161,1.932052114995756,,8.04999999999998,recovered,161,1.932052114995756,,8.04999999999998
seed3-speed8-curvedCrossing,noSolution:pcbfNoNumericalResult,7,11.520120440969722,,,noSolution:pcbfNoNumericalResult,7,11.52066301738792,,,noSolution:pcbfNoNumericalResult,7,11.52066301738792,,,noSolution:pcbfNoNumericalResult,7,11.520120440969722,,,noSolution:pcbfNoNumericalResult,7,11.52066301738792,,,noSolution:pcbfNoNumericalResult,7,11.52066301738792,,,noSolution:pcbfNoNumericalResult,7,11.52066301738792,,,noSolution:pcbfNoNumericalResult,7,11.520120440969722,,
seed3-speed8-curvedHeadOn,noSolution:nonlinearAcceptanceFailed,8,14.540373447358132,,,noSolution:nonlinearAcceptanceFailed,1561,2.5997565247606222,,,noSolution:nonlinearAcceptanceFailed,1561,2.5997565247606222,,,noSolution:nonlinearAcceptanceFailed,8,14.540373447358132,,,noSolution:nonlinearAcceptanceFailed,1561,2.5997565247606222,,,noSolution:nonlinearAcceptanceFailed,1561,2.5997565247606222,,,noSolution:nonlinearAcceptanceFailed,1561,2.5997565247606222,,,noSolution:nonlinearAcceptanceFailed,8,14.540373447358132,,
seed3-speed8-headOn,recovered,196,2.016279214088945,,9.800000000000004,recovered,196,2.016279214088945,,9.800000000000004,recovered,196,2.016279214088945,,9.800000000000004,recovered,196,2.016279214088945,,9.800000000000004,recovered,196,2.016279214088945,,9.800000000000004,recovered,196,2.016279214088945,,9.800000000000004,recovered,196,2.016279214088945,,9.800000000000004,recovered,196,2.016279214088945,,9.800000000000004
seed3-speed8-turningCrossing,recovered,407,1.7260949389234719,,20.350000000000154,recovered,407,1.7260949389234719,,20.350000000000154,recovered,407,1.7260949389234719,,20.350000000000154,recovered,407,1.7260949389234719,,20.350000000000154,recovered,407,1.7260949389234719,,20.350000000000154,recovered,407,1.7260949389234719,,20.350000000000154,recovered,407,1.7260949389234719,,20.350000000000154,recovered,407,1.7260949389234719,,20.350000000000154
seed4-speed15-acceleratingHeadOn,noSolution:nonlinearAcceptanceFailed,19,1.1015261319451397,,,noSolution:nonlinearAcceptanceFailed,0,,,,noSolution:nonlinearAcceptanceFailed,0,,,,noSolution:nonlinearAcceptanceFailed,19,1.1015261319451397,,,noSolution:nonlinearAcceptanceFailed,0,,,,noSolution:nonlinearAcceptanceFailed,0,,,,noSolution:nonlinearAcceptanceFailed,0,,,,noSolution:nonlinearAcceptanceFailed,19,1.1015261319451397,,
seed4-speed15-brakingLead,noSolution:timeLimit,0,,,,noSolution:nonlinearAcceptanceFailed,0,,,,noSolution:nonlinearAcceptanceFailed,0,,,,noSolution:timeLimit,0,,,,noSolution:nonlinearAcceptanceFailed,0,,,,noSolution:clfNoNumericalResult,221,1.239349605473901,,,noSolution:clfNoNumericalResult,221,1.239349605473901,,,noSolution:timeLimit,0,,,
seed4-speed15-crossing,recovered,200,2.0424951158797264,,10.000000000000007,recovered,196,2.0208696264868746,,9.800000000000004,recovered,196,2.0208696264868746,,9.800000000000004,recovered,200,2.0424951158797264,,10.000000000000007,recovered,196,2.0208696264868746,,9.800000000000004,recovered,196,2.0208696264868746,,9.800000000000004,recovered,196,2.0208696264868746,,9.800000000000004,recovered,200,2.0424951158797264,,10.000000000000007
seed4-speed15-curvedCrossing,recovered,156,3.2498268995542134,,7.79999999999998,recovered,156,3.2498268995542134,,7.79999999999998,recovered,156,3.2498268995542134,,7.79999999999998,recovered,156,3.2498268995542134,,7.79999999999998,recovered,156,3.2498268995542134,,7.79999999999998,recovered,156,3.2498268995542134,,7.79999999999998,recovered,156,3.2498268995542134,,7.79999999999998,recovered,156,3.2498268995542134,,7.79999999999998
seed4-speed15-curvedHeadOn,noSolution:nonlinearAcceptanceFailed,1,30.647172497581902,,,noSolution:nonlinearAcceptanceFailed,1,30.647172497581906,,,noSolution:nonlinearAcceptanceFailed,1,30.647172497581906,,,noSolution:nonlinearAcceptanceFailed,1,30.647172497581902,,,noSolution:nonlinearAcceptanceFailed,1,30.647172497581906,,,noSolution:nonlinearAcceptanceFailed,1,30.647172497581906,,,noSolution:nonlinearAcceptanceFailed,1,30.647172497581906,,,noSolution:nonlinearAcceptanceFailed,1,30.647172497581902,,
seed4-speed15-headOn,noSolution:nonlinearAcceptanceFailed,19,1.3096321242564277,,,recovered,159,0.5255762113680448,,7.94999999999998,recovered,159,0.5255762113680448,,7.94999999999998,noSolution:nonlinearAcceptanceFailed,19,1.3096321242564277,,,recovered,159,0.5255762113680448,,7.94999999999998,recovered,159,0.5255762113680448,,7.94999999999998,recovered,159,0.5255762113680448,,7.94999999999998,noSolution:nonlinearAcceptanceFailed,19,1.3096321242564277,,
seed4-speed15-turningCrossing,recovered,202,2.6645627235556786,,10.100000000000009,recovered,202,2.6645627235556786,,10.100000000000009,recovered,202,2.6645627235556786,,10.100000000000009,recovered,202,2.6645627235556786,,10.100000000000009,recovered,202,2.6645627235556786,,10.100000000000009,recovered,202,2.6645627235556786,,10.100000000000009,recovered,202,2.6645627235556786,,10.100000000000009,recovered,202,2.6645627235556786,,10.100000000000009
seed4-speed8-acceleratingHeadOn,recovered,183,1.6448494768103312,,9.149999999999995,recovered,183,1.6448494768103312,,9.149999999999995,recovered,183,1.6448494768103312,,9.149999999999995,recovered,183,1.6448494768103312,,9.149999999999995,recovered,183,1.6448494768103312,,9.149999999999995,recovered,183,1.6448494768103312,,9.149999999999995,recovered,183,1.6448494768103312,,9.149999999999995,recovered,183,1.6448494768103312,,9.149999999999995
seed4-speed8-brakingLead,noSolution:timeLimit,0,,,,noSolution:nonlinearAcceptanceFailed,0,,,,noSolution:nonlinearAcceptanceFailed,0,,,,noSolution:timeLimit,0,,,,noSolution:nonlinearAcceptanceFailed,0,,,,recovered,301,1.3882453176131406,,15.050000000000079,recovered,301,1.3882453176131406,,15.050000000000079,noSolution:pcbfNoNumericalResult,0,,,
seed4-speed8-crossing,recovered,161,1.9000944891418785,,8.04999999999998,recovered,161,1.9000944891418785,,8.04999999999998,recovered,161,1.9000944891418785,,8.04999999999998,recovered,161,1.9000944891418785,,8.04999999999998,recovered,161,1.9000944891418785,,8.04999999999998,recovered,161,1.9000944891418785,,8.04999999999998,recovered,161,1.9000944891418785,,8.04999999999998,recovered,161,1.9000944891418785,,8.04999999999998
seed4-speed8-curvedCrossing,noSolution:pcbfNoNumericalResult,23,2.673089873652042,,,recovered,461,1.4404859796726153,,23.050000000000193,recovered,461,1.4404859796726153,,23.050000000000193,noSolution:pcbfNoNumericalResult,23,2.673089873652042,,,recovered,461,1.4404859796726153,,23.050000000000193,recovered,461,1.4404859796726153,,23.050000000000193,recovered,461,1.4404859796726153,,23.050000000000193,noSolution:pcbfNoNumericalResult,23,2.673089873652042,,
seed4-speed8-curvedHeadOn,noSolution:nonlinearAcceptanceFailed,10,13.070016722635858,,,noSolution:nonlinearAcceptanceFailed,9,13.822907729247682,,,noSolution:nonlinearAcceptanceFailed,9,13.822907729247682,,,noSolution:nonlinearAcceptanceFailed,10,13.070016722635858,,,noSolution:nonlinearAcceptanceFailed,9,13.822907729247682,,,noSolution:nonlinearAcceptanceFailed,9,13.822907729247682,,,noSolution:nonlinearAcceptanceFailed,9,13.822907729247682,,,noSolution:nonlinearAcceptanceFailed,10,13.070016722635858,,
seed4-speed8-headOn,recovered,184,1.8734082666935135,,9.199999999999996,recovered,184,1.8734082666935135,,9.199999999999996,recovered,184,1.8734082666935135,,9.199999999999996,recovered,184,1.8734082666935135,,9.199999999999996,recovered,184,1.8734082666935135,,9.199999999999996,recovered,184,1.8734082666935135,,9.199999999999996,recovered,184,1.8734082666935135,,9.199999999999996,recovered,184,1.8734082666935135,,9.199999999999996
seed4-speed8-turningCrossing,recovered,307,1.7226336753925793,,15.350000000000083,recovered,307,1.7226336753925793,,15.350000000000083,recovered,307,1.7226336753925793,,15.350000000000083,recovered,307,1.7226336753925793,,15.350000000000083,recovered,307,1.7226336753925793,,15.350000000000083,recovered,307,1.7226336753925793,,15.350000000000083,recovered,307,1.7226336753925793,,15.350000000000083,recovered,307,1.7226336753925793,,15.350000000000083
seed5-speed15-acceleratingHeadOn,recovered,169,0.2718541738607004,,8.449999999999985,recovered,167,0.28899419646899666,,8.349999999999984,recovered,167,0.28899419646899666,,8.349999999999984,recovered,169,0.2718541738607004,,8.449999999999985,recovered,167,0.28899419646899666,,8.349999999999984,recovered,167,0.28899419646899666,,8.349999999999984,recovered,167,0.28899419646899666,,8.349999999999984,recovered,169,0.2718541738607004,,8.449999999999985
seed5-speed15-brakingLead,noSolution:timeLimit,0,,,,noSolution:nonlinearAcceptanceFailed,0,,,,noSolution:clfNoNumericalResult,1865,1.2459508851500376,,,noSolution:timeLimit,0,,,,noSolution:clfNoNumericalResult,1865,1.2459508851500376,,,noSolution:clfNoNumericalResult,1865,1.2459508851500376,,,noSolution:clfNoNumericalResult,1865,1.2459508851500376,,,noSolution:timeLimit,0,,,
seed5-speed15-crossing,recovered,208,2.2490136006088854,,10.400000000000013,recovered,200,2.2234548304493122,,10.000000000000007,recovered,200,2.2234548304493122,,10.000000000000007,recovered,208,2.2490136006088854,,10.400000000000013,recovered,200,2.2234548304493122,,10.000000000000007,recovered,200,2.2234548304493122,,10.000000000000007,recovered,200,2.2234548304493122,,10.000000000000007,recovered,208,2.2490136006088854,,10.400000000000013
seed5-speed15-curvedCrossing,recovered,195,3.157546255540205,,9.750000000000004,recovered,195,3.157546255540205,,9.750000000000004,recovered,195,3.157546255540205,,9.750000000000004,recovered,195,3.157546255540205,,9.750000000000004,recovered,195,3.157546255540205,,9.750000000000004,recovered,195,3.157546255540205,,9.750000000000004,recovered,195,3.157546255540205,,9.750000000000004,recovered,195,3.157546255540205,,9.750000000000004
seed5-speed15-curvedHeadOn,recovered,1258,3.4953832063049517,,62.89999999999856,recovered,1258,3.4953832063049517,,62.89999999999856,recovered,1258,3.4953832063049517,,62.89999999999856,recovered,1258,3.4953832063049517,,62.89999999999856,recovered,1258,3.4953832063049517,,62.89999999999856,recovered,1258,3.4953832063049517,,62.89999999999856,recovered,1258,3.4953832063049517,,62.89999999999856,recovered,1258,3.4953832063049517,,62.89999999999856
seed5-speed15-headOn,recovered,166,0.43764745716510545,,8.299999999999983,recovered,161,0.45372599644732503,,8.04999999999998,recovered,161,0.45372599644732503,,8.04999999999998,recovered,166,0.43764745716510545,,8.299999999999983,recovered,161,0.45372599644732503,,8.04999999999998,recovered,161,0.45372599644732503,,8.04999999999998,recovered,161,0.45372599644732503,,8.04999999999998,recovered,166,0.43764745716510545,,8.299999999999983
seed5-speed15-turningCrossing,recovered,198,2.3529221084774865,,9.900000000000006,recovered,197,2.4118948564689395,,9.850000000000005,recovered,197,2.4118948564689395,,9.850000000000005,recovered,198,2.3529221084774865,,9.900000000000006,recovered,197,2.4118948564689395,,9.850000000000005,recovered,197,2.4118948564689395,,9.850000000000005,recovered,197,2.4118948564689395,,9.850000000000005,recovered,198,2.3529221084774865,,9.900000000000006
seed5-speed8-acceleratingHeadOn,noSolution:nonlinearAcceptanceFailed,10,11.374919357425032,,,noSolution:nonlinearAcceptanceFailed,10,11.374919357425032,,,noSolution:nonlinearAcceptanceFailed,10,11.374919357425032,,,noSolution:nonlinearAcceptanceFailed,10,11.374919357425032,,,noSolution:nonlinearAcceptanceFailed,10,11.374919357425032,,,noSolution:nonlinearAcceptanceFailed,10,11.374919357425032,,,noSolution:nonlinearAcceptanceFailed,10,11.374919357425032,,,noSolution:nonlinearAcceptanceFailed,10,11.374919357425032,,
seed5-speed8-brakingLead,noSolution:timeLimit,0,,,,noSolution:nonlinearAcceptanceFailed,0,,,,recovered,275,1.3707014738914882,,13.75000000000006,noSolution:timeLimit,0,,,,recovered,275,1.3707014738914882,,13.75000000000006,recovered,275,1.3707014738914882,,13.75000000000006,recovered,275,1.3707014738914882,,13.75000000000006,noSolution:timeLimit,0,,,
seed5-speed8-crossing,recovered,173,2.061923348948772,,8.649999999999988,recovered,173,2.061923348948772,,8.649999999999988,recovered,173,2.061923348948772,,8.649999999999988,recovered,173,2.061923348948772,,8.649999999999988,recovered,173,2.061923348948772,,8.649999999999988,recovered,173,2.061923348948772,,8.649999999999988,recovered,173,2.061923348948772,,8.649999999999988,recovered,173,2.061923348948772,,8.649999999999988
seed5-speed8-curvedCrossing,noSolution:pcbfNoNumericalResult,7,11.524614713044599,,,noSolution:pcbfNoNumericalResult,7,11.524915220538311,,,noSolution:pcbfNoNumericalResult,7,11.524915220538311,,,noSolution:pcbfNoNumericalResult,7,11.524614713044599,,,noSolution:pcbfNoNumericalResult,7,11.524915220538311,,,noSolution:pcbfNoNumericalResult,7,11.524915220538311,,,noSolution:pcbfNoNumericalResult,7,11.524915220538311,,,noSolution:pcbfNoNumericalResult,7,11.524614713044599,,
seed5-speed8-curvedHeadOn,noSolution:nonlinearAcceptanceFailed,8,14.534553618985726,,,noSolution:nonlinearAcceptanceFailed,8,14.535126914172332,,,noSolution:nonlinearAcceptanceFailed,8,14.535126914172332,,,noSolution:nonlinearAcceptanceFailed,8,14.534553618985726,,,noSolution:nonlinearAcceptanceFailed,8,14.535126914172332,,,noSolution:nonlinearAcceptanceFailed,8,14.535126914172332,,,noSolution:nonlinearAcceptanceFailed,8,14.535126914172332,,,noSolution:nonlinearAcceptanceFailed,8,14.534553618985726,,
seed5-speed8-headOn,recovered,185,1.9858473154551488,,9.249999999999996,recovered,185,1.9858473154551488,,9.249999999999996,recovered,185,1.9858473154551488,,9.249999999999996,recovered,185,1.9858473154551488,,9.249999999999996,recovered,185,1.9858473154551488,,9.249999999999996,recovered,185,1.9858473154551488,,9.249999999999996,recovered,185,1.9858473154551488,,9.249999999999996,recovered,185,1.9858473154551488,,9.249999999999996
seed5-speed8-turningCrossing,recovered,331,1.65105465540724,,16.5500000000001,recovered,331,1.65105465540724,,16.5500000000001,recovered,331,1.65105465540724,,16.5500000000001,recovered,331,1.65105465540724,,16.5500000000001,recovered,331,1.65105465540724,,16.5500000000001,recovered,331,1.65105465540724,,16.5500000000001,recovered,331,1.65105465540724,,16.5500000000001,recovered,331,1.65105465540724,,16.5500000000001
