group,scenario,curvature,uncertaintyScale,targetCurvature,targetSpeedRate,initialLateral,initialHeading,initialSpeed,roadBoundaries,horizonSeconds,confirmationRange,completed,passed,executedHolds,failureIdentifier,failureMessage,minNodeGap,minSampledGap,minDomainMargin,minTerminalMargin,maxClfResidual,recursiveFeasibilityGuaranteed,maxFrameMs
A-geometry,stationary,0,0,0,0,0,0,0,0,1.6,16,1,1,240,,,0.100086414916618,0.0985360412973523,-0.0127023810166854,0.1818945537359,-2.99735310301347e-06,1,1156.42
A-geometry,stationary,0.005,0,0,0,0,0,0,0,1.6,16,1,1,240,,,0.150310619360196,0.149462115219326,-0.0444700256321329,0.177592176032337,-2.91276884704353e-06,1,183.221
A-geometry,stationary,-0.005,0,0,0,0,0,0,0,1.6,16,1,1,240,,,0.150310620216551,0.149462116070276,-0.0444700242079955,0.177592176261407,-2.9127688473268e-06,1,90.198
A-geometry,stationary,0.01,0,0,0,0,0,0,0,1.6,16,1,1,240,,,0.201110539848336,0.200978528035842,-0.0837154162823814,0.17318673111152,-2.82922244288414e-06,1,73.015
A-geometry,stationary,-0.01,0,0,0,0,0,0,0,1.6,16,1,1,240,,,0.201110539853742,0.200978528049196,-0.0837154162336106,0.173186731109813,-2.82922244362025e-06,1,134.784
A-geometry,stationary,0.015,0,0,0,0,0,0,0,1.6,16,1,1,240,,,0.251639752793786,0.250470704138916,-0.109881064131626,0.168714050155922,-2.75001815478126e-06,1,88.249
A-geometry,stationary,-0.015,0,0,0,0,0,0,0,1.6,16,1,1,240,,,0.251639752998523,0.250470704232051,-0.109881063150185,0.168714050153117,-2.75001815467203e-06,1,54.087
A-geometry,stationary,0.02,0,0,0,0,0,0,0,1.6,16,1,1,240,,,0.299975693939535,0.299020130532551,-0.119521368558217,0.164148794703852,-2.67040188709962e-06,1,60.466
A-geometry,stationary,-0.02,0,0,0,0,0,0,0,1.6,16,1,1,240,,,0.299975693074953,0.299020128613685,-0.119521368582034,0.164148794690608,-2.6704018870222e-06,1,58.756
A-geometry,oncoming,0,0,0,0,0,0,0,0,1.6,16,1,1,240,,,0.266546508300949,0.262988388226237,-0.288715006458827,0.180364291639972,-2.99915256068947e-06,1,91.41
A-geometry,oncoming,0.005,0,0,0,0,0,0,0,1.6,16,1,1,240,,,0.331856600141704,0.328340651037948,-0.298538533665386,0.175976036133352,-2.91010538254374e-06,1,78.04
A-geometry,oncoming,-0.005,0,0,0,0,0,0,0,1.6,16,1,1,240,,,0.331856595455735,0.328340645935659,-0.298538533171693,0.175976036139483,-2.91010538326053e-06,1,66.009
A-geometry,oncoming,0.01,0,0,0,0,0,0,0,1.6,16,1,1,240,,,0.381250983074227,0.376555621277511,-0.311272891042076,0.171430266199129,-2.83384345189806e-06,1,42.36
A-geometry,oncoming,-0.01,0,0,0,0,0,0,0,1.6,16,1,1,240,,,0.381250981317955,0.376555619515218,-0.311272890404454,0.171430266142568,-2.83384345172274e-06,1,44.124
A-geometry,oncoming,0.015,0,0,0,0,0,0,0,1.6,16,1,1,240,,,0.415366251332894,0.411963291569036,-0.328716380547443,0.166857020062967,-2.75229137323206e-06,1,39.443
A-geometry,oncoming,-0.015,0,0,0,0,0,0,0,1.6,16,1,1,240,,,0.415366251625958,0.411963291416932,-0.328716380523114,0.166856277201939,-2.75229137322629e-06,1,39.141
A-geometry,oncoming,0.02,0,0,0,0,0,0,0,1.6,16,1,1,240,,,0.440979791080053,0.440979791080053,-0.338317253701309,0.162192237509997,-2.67158062595172e-06,1,37.333
A-geometry,oncoming,-0.02,0,0,0,0,0,0,0,1.6,16,1,1,240,,,0.440979791293397,0.440979791293397,-0.338317251616101,0.162192238028903,-2.67158062608748e-06,1,37.803
A-geometry,crossing,0,0,0,0,0,0,0,0,1.6,16,1,1,240,,,9.51958848991162,9.51958848991162,0.399862323941141,0.182403223054235,-4.85148855269354e-06,1,24.964
A-geometry,crossing,0.005,0,0,0,0,0,0,0,1.6,16,1,1,240,,,0.585183742980731,0.58020144034078,-0.297936856081816,0.17741614515504,-2.91218138661787e-06,1,49.493
A-geometry,crossing,-0.005,0,0,0,0,0,0,0,1.6,16,1,1,240,,,0.665270005938192,0.657727938014239,-0.277902680121848,0.177394926122278,-2.9087139408606e-06,1,49.451
A-geometry,crossing,0.01,0,0,0,0,0,0,0,1.6,16,1,1,240,,,0.817375574549705,0.815334641832625,-0.28334039600995,0.173022335128599,-2.83562621424301e-06,1,55.625
A-geometry,crossing,-0.01,0,0,0,0,0,0,0,1.6,16,1,1,240,,,0.579161254372616,0.579161254372616,-0.309070754777888,0.173005185593526,-2.83444919066003e-06,1,47.016
A-geometry,crossing,0.015,0,0,0,0,0,0,0,1.6,16,1,1,240,,,0.746548896417259,0.745996290174024,-0.404422653822397,0.168563785875156,-2.75274013493787e-06,1,87.512
A-geometry,crossing,-0.015,0,0,0,0,0,0,0,1.6,16,1,1,240,,,0.58810618665663,0.58810618665663,-0.318730378663197,0.168497835961851,-2.76634695115403e-06,1,47.251
A-geometry,crossing,0.02,0,0,0,0,0,0,0,1.6,16,1,1,240,,,1.05345489382542,1.05280362907155,-0.499612803267913,0.163920422351871,-2.67106857083583e-06,1,52.06
A-geometry,crossing,-0.02,0,0,0,0,0,0,0,1.6,16,1,1,240,,,0.54592548494154,0.531638126664261,-0.331623359892808,0.164451466984523,-2.69135602189871e-06,1,68.993
A-geometry,cruise,0,0,0,0,0,0,0,0,1.6,16,1,1,240,,,Inf,Inf,0.4,0.182404774101373,-8.43003141281889e-06,1,25.619
A-geometry,cruise,0.005,0,0,0,0,0,0,0,1.6,16,1,1,240,,,Inf,Inf,0.394307563640903,0.178098276731102,-8.02775001684245e-06,1,24.025
A-geometry,cruise,-0.005,0,0,0,0,0,0,0,1.6,16,1,1,240,,,Inf,Inf,0.394307563640903,0.178098276731102,-8.02775001684638e-06,1,14.603
A-geometry,cruise,0.01,0,0,0,0,0,0,0,1.6,16,1,1,240,,,Inf,Inf,0.388683943561391,0.173700809763411,-7.72702087016285e-06,1,11.818
A-geometry,cruise,-0.01,0,0,0,0,0,0,0,1.6,16,1,1,240,,,Inf,Inf,0.388683943561391,0.173700809763413,-7.72702087015517e-06,1,12.262
A-geometry,cruise,0.015,0,0,0,0,0,0,0,1.6,16,1,1,240,,,Inf,Inf,0.383133843889697,0.169218415007404,-7.44785879713671e-06,1,12.349
A-geometry,cruise,-0.015,0,0,0,0,0,0,0,1.6,16,1,1,240,,,Inf,Inf,0.383133843889697,0.169218415007404,-7.44785879714964e-06,1,11.793
A-geometry,cruise,0.02,0,0,0,0,0,0,0,1.6,16,1,1,240,,,Inf,Inf,0.377662573546383,0.164657634514532,-7.1755644639738e-06,1,11.928
A-geometry,cruise,-0.02,0,0,0,0,0,0,0,1.6,16,1,1,240,,,Inf,Inf,0.377662573546384,0.164657634514531,-7.17556446396322e-06,1,11.607
B-uncertainty,stationary,0,1,0,0,0,0,0,0,1.6,16,1,1,240,,,0.710082432775843,0.696112080366043,-0.144857173775107,0.178168040794751,-2.34342472764968e-05,1,67.451
B-uncertainty,stationary,0,3,0,0,0,0,0,0,1.6,16,1,1,240,,,1.73054683329029,1.71847042302337,-0.372805788677198,0.170640072787041,-7.96279871004988e-05,1,51.93
B-uncertainty,stationary,0,10,0,0,0,0,0,0,1.6,16,1,1,240,,,5.01838543107406,5.01210860500027,-4.39256526745503,0.143682389245411,-0.000561672918830416,1,51.199
B-uncertainty,stationary,0.01,1,0,0,0,0,0,0,1.6,16,1,1,240,,,0.653816413426364,0.638447785858203,-0.155070989864156,0.168171983795728,-0.000648822704944365,1,54.412
B-uncertainty,stationary,0.01,3,0,0,0,0,0,0,1.6,16,1,1,240,,,1.40715320908896,1.40207336483428,-0.36075601867931,0.158055053421554,-0.00516554173487723,1,52.725
B-uncertainty,stationary,0.01,10,0,0,0,0,0,0,1.6,16,1,1,240,,,4.155663757871,4.15371554909675,-3.28717717625313,0.000181042362701028,-0.0538430496705029,1,54.391
B-uncertainty,oncoming,0,1,0,0,0,0,0,0,1.6,16,1,1,240,,,0.442724824492186,0.4396923646513,-0.297797177656533,0.176796323058378,-1.96136370035193e-05,1,47.521
B-uncertainty,oncoming,0,3,0,0,0,0,0,0,1.6,16,1,1,240,,,0.700623137426149,0.699630708305343,-0.324082773833505,0.169766227263184,-7.65271052172724e-05,1,46.536
B-uncertainty,oncoming,0,10,0,0,0,0,0,0,1.6,16,1,1,240,,,2.00758019271588,2.00652260203195,-0.442178910160864,0.144476987132842,-0.000579171170099292,1,44.431
B-uncertainty,oncoming,0.01,1,0,0,0,0,0,0,1.6,16,1,1,240,,,0.699685102457204,0.688672303986303,-0.35303321343758,0.166004805527782,-0.000730887535176922,1,46.012
B-uncertainty,oncoming,0.01,3,0,0,0,0,0,0,1.6,16,1,1,240,,,0.288422658755544,0.288216651190713,-0.0999191257860866,0.155590686144045,-0.00575170820977736,1,42.978
B-uncertainty,oncoming,0.01,10,0,0,0,0,0,0,1.6,16,1,1,240,,,0.607064430257157,0.606975140213898,0.0208330844901677,0.120413582711481,-0.0595709083082633,1,164.25
B-uncertainty,crossing,0,1,0,0,0,0,0,0,1.6,16,1,1,240,,,9.5177083499545,9.5177083499545,0.399751581007583,0.178935891486796,-2.18626466363095e-05,1,18.882
B-uncertainty,crossing,0,3,0,0,0,0,0,0,1.6,16,1,1,240,,,9.51436656225547,9.51436656225547,0.3985128686863,0.172011846749031,-6.98044158587712e-05,1,17.876
B-uncertainty,crossing,0,10,0,0,0,0,0,0,1.6,16,1,1,240,,,9.50286166757485,9.50286166757485,0.394127722020174,0.147771425305477,-0.000472282179056092,1,16.973
B-uncertainty,crossing,0.01,1,0,0,0,0,0,0,1.6,16,1,1,240,,,0.932814444732715,0.932814444732715,-0.37565808738589,0.168157585396343,-0.00067158690792274,1,55.169
B-uncertainty,crossing,0.01,3,0,0,0,0,0,0,1.6,16,1,1,240,,,1.32967478218148,1.32963055176604,-0.908106475639308,0.15836041750441,-0.00538807904579139,1,53.51
B-uncertainty,crossing,0.01,10,0,0,0,0,0,0,1.6,16,1,1,240,,,5.66125430361103,5.66097005052015,-6.19468317677661,1.59999838778291e-05,-0.0565049009405332,1,55.124
C-targetCurvature,oncoming,0,0,0.005,0,0,0,0,0,1.6,16,1,1,240,,,0.206409378238043,0.167870116717487,0.265437217234326,0.182303264273223,-3.00296878775017e-06,1,26.131
C-targetCurvature,oncoming,0,0,0.01,0,0,0,0,0,1.6,16,1,1,240,,,1.9002436680647,1.88983734143141,0.39994619117817,0.182403935644334,-2.95377883743906e-06,1,25.126
C-targetCurvature,oncoming,0,0,0.02,0,0,0,0,0,1.6,16,1,1,240,,,5.65186386840289,5.65186386840289,0.39990350404128,0.182404303722132,-2.4681343224484e-06,1,25.826
C-targetSpeedRate,oncoming,0,0,0,-0.5,0,0,0,0,1.6,16,1,1,240,,,0.637222991870222,0.637222991870222,-0.294346222459488,0.180140638999114,-2.99721522490448e-06,1,39.594
C-targetSpeedRate,oncoming,0,0,0,0.5,0,0,0,0,1.6,16,1,1,240,,,0.396137904401749,0.352992753626222,-0.332427907700111,0.180113427349604,-2.99304092000971e-06,1,38.984
C-targetSpeedRate,oncoming,0,0,0,1,0,0,0,0,1.6,16,1,1,240,,,0.22621215887014,0.208571681696965,-0.314801050754283,0.180576495703479,-2.99378525914573e-06,1,41.588
C-targetCurvature,crossing,0,0,0.005,0,0,0,0,0,1.6,16,1,1,240,,,9.39782020704454,9.38896644115327,0.399862129330587,0.182403176221796,-4.67073735590094e-06,1,15.514
C-targetCurvature,crossing,0,0,0.01,0,0,0,0,0,1.6,16,1,1,240,,,9.27784254118613,9.24576934552184,0.399868799206115,0.182403016341626,-4.52070677466158e-06,1,16.426
C-targetCurvature,crossing,0,0,0.02,0,0,0,0,0,1.6,16,1,1,240,,,8.91905637748629,8.91905637748629,0.399908747209869,0.182403456821023,-3.52361970230914e-06,1,15.926
C-targetSpeedRate,crossing,0,0,0,-0.5,0,0,0,0,1.6,16,1,1,240,,,9.51429902071614,9.51410093632174,0.399866372771037,0.182403276616581,-4.68283799624219e-06,1,16.203
C-targetSpeedRate,crossing,0,0,0,0.5,0,0,0,0,1.6,16,1,1,240,,,9.52492806777848,9.52492806777848,0.39986045442733,0.182403199353016,-4.95424156535389e-06,1,16.309
C-targetSpeedRate,crossing,0,0,0,1,0,0,0,0,1.6,16,1,1,240,,,9.53031764193661,9.53031764193661,0.39985741956244,0.182403159465831,-5.08713537445331e-06,1,24.514
D-initLateral,cruise,0,0,0,0,0.5,0,0,0,1.6,16,1,1,240,,,Inf,Inf,0.334046772163554,0.18185390211187,-2.99367234818021e-06,1,19.662
D-initLateral,cruise,0,0,0,0,1,0,0,0,1.6,16,1,1,240,,,Inf,Inf,0.268065757837587,0.18130008382447,-2.99924961448082e-06,1,20.181
D-initLateral,cruise,0,0,0,0,2,0,0,0,1.6,16,1,1,240,,,Inf,Inf,0.136595790435903,0.180170583371815,-2.99918963070409e-06,1,22.119
D-initLateral,cruise,0,0,0,0,3,0,0,0,1.6,16,1,1,240,,,Inf,Inf,0.0100764737552506,0.178861331809677,-2.9972350141938e-06,1,20.529
D-initHeading,cruise,0,0,0,0,0,0.1,0,0,1.6,16,1,1,240,,,Inf,Inf,0.3,0.182388446135065,-2.84565079513862e-06,1,14.842
D-initHeading,cruise,0,0,0,0,0,0.2,0,0,1.6,16,1,1,240,,,Inf,Inf,0.2,0.182372043489002,-2.87887061900992e-06,1,19.305
D-initHeading,cruise,0,0,0,0,0,0.3,0,0,1.6,16,1,1,240,,,Inf,Inf,0.1,0.182355654751127,-3.19502982943591e-06,1,15.61
D-initSpeed,cruise,0,0,0,0,0,0,-2,0,1.6,16,1,1,240,,,Inf,Inf,0.4,0.182404774101373,-5.43520175264751e-06,1,13.759
D-initSpeed,cruise,0,0,0,0,0,0,2,0,1.6,16,1,1,240,,,Inf,Inf,0.4,0.182404774101373,-7.48922293276714e-06,1,12.689
D-initLateral,cruise,0.01,0,0,0,0.5,0,0,0,1.6,16,1,1,240,,,Inf,Inf,0.322488687610336,0.173130606424668,-2.83710804885989e-06,1,13.759
D-initLateral,cruise,0.01,0,0,0,1,0,0,0,1.6,16,1,1,240,,,Inf,Inf,0.256266092162558,0.172557671094358,-2.83241304041044e-06,1,10.46
D-initLateral,cruise,0.01,0,0,0,2,0,0,0,1.6,16,1,1,240,,,Inf,Inf,0.12409488067733,0.171395701285782,-2.8402440962976e-06,1,10.684
D-initLateral,cruise,0.01,0,0,0,3,0,0,0,1.6,16,1,1,240,,,Inf,Inf,-0.00296693604051718,0.170063538886171,-2.83924188567304e-06,1,12.55
D-initHeading,cruise,0.01,0,0,0,0,0.1,0,0,1.6,16,1,1,240,,,Inf,Inf,0.311316052296675,0.173680780463586,-2.80371225312828e-06,1,11.658
D-initHeading,cruise,0.01,0,0,0,0,0.2,0,0,1.6,16,1,1,240,,,Inf,Inf,0.211316052296675,0.17366067357809,-2.93091543352284e-06,1,12.158
D-initHeading,cruise,0.01,0,0,0,0,0.3,0,0,1.6,16,1,1,240,,,Inf,Inf,0.111316052296675,0.173640693092154,-3.01651433728608e-06,1,13.236
D-initSpeed,cruise,0.01,0,0,0,0,0,-2,0,1.6,16,1,1,240,,,Inf,Inf,0.387840078893862,0.173699789334326,-2.38555876520045e-06,1,13.806
D-initSpeed,cruise,0.01,0,0,0,0,0,2,0,1.6,16,1,1,240,,,Inf,Inf,0.388511082679565,0.173698855665176,-2.43219423996146e-06,1,14.78
D-initLateral,stationary,0,0,0,0,0.5,0,0,0,1.6,16,1,1,240,,,0.10008674273359,0.0984764137248908,0.0815394763896886,0.181895455612932,-4.06397993872829e-07,1,46.192
D-initLateral,stationary,0,0,0,0,1,0,0,0,1.6,16,1,1,240,,,0.100090797547026,0.099205105396385,0.125944589902166,0.181901569603863,-6.97426857585442e-07,1,43.916
D-initLateral,stationary,0,0,0,0,2,0,0,0,1.6,16,1,1,240,,,0.100091275653219,0.0877949610031926,0.154230800649253,0.181915648856991,-2.99924131556226e-06,1,46.237
D-initLateral,stationary,0,0,0,0,3,0,0,0,1.6,16,1,1,240,,,0.100103742969038,0.100080031758892,0.108011315768205,0.181726729773219,-2.99415237758755e-06,1,41.391
D-initHeading,stationary,0,0,0,0,0,0.1,0,0,1.6,16,1,1,240,,,0.10009335878632,0.0992119614518495,0.0563813172968704,0.181880294292452,-2.90097378354917e-07,1,48.348
D-initHeading,stationary,0,0,0,0,0,0.2,0,0,1.6,16,1,1,240,,,0.100089234428767,0.0965554404319147,0.070268885915708,0.181757196389303,-5.71039901383723e-07,1,40.265
D-initHeading,stationary,0,0,0,0,0,0.3,0,0,1.6,16,1,1,240,,,0.100101810391585,0.100096184712531,0.0431802687922167,0.181772392490927,-2.64189881973176e-06,1,44.958
D-initSpeed,stationary,0,0,0,0,0,0,-2,0,1.6,16,1,1,240,,,0.100077065066953,0.0743549642175841,-0.000160947166906178,0.180915069480938,-4.8970615318584e-07,1,49.367
D-initSpeed,stationary,0,0,0,0,0,0,2,0,1.6,16,1,1,240,,,0.100086306769317,0.0998966625028499,-0.00551225133382022,0.1814796113451,-1.29221341407687e-06,1,40.41
D-initLateral,stationary,0.01,0,0,0,0.5,0,0,0,1.6,16,1,1,240,,,0.201101151505011,0.200894618898612,0.0751495271165503,0.173217506505093,-2.83924861594381e-06,1,45.9
D-initLateral,stationary,0.01,0,0,0,1,0,0,0,1.6,16,1,1,240,,,0.203310149844179,0.202358698830449,0.0992904734476749,0.173327218975424,-2.83174439163931e-06,1,47.627
D-initLateral,stationary,0.01,0,0,0,2,0,0,0,1.6,16,1,1,240,,,0.247393288372852,0.204530342803037,0.101726856246149,0.173447337420761,-2.84137615930004e-06,1,44.953
D-initLateral,stationary,0.01,0,0,0,3,0,0,0,1.6,16,1,1,240,,,0.202523252005857,0.162818236432423,0.0909580472478266,0.173060261879782,-2.83551723954277e-06,1,42.152
D-initHeading,stationary,0.01,0,0,0,0,0.1,0,0,1.6,16,1,1,240,,,0.156002791090398,0.14905861240995,-0.151469031926508,0.173461837648626,-2.82983373968058e-06,1,46.457
D-initHeading,stationary,0.01,0,0,0,0,0.2,0,0,1.6,16,1,1,240,,,0.210684665807564,0.209209273264566,0.0539711631694129,0.173063444866843,-3.88072112704409e-07,1,40.08
D-initHeading,stationary,0.01,0,0,0,0,0.3,0,0,1.6,16,1,1,240,,,0.216632501426927,0.213361215380924,0.0447620130082973,0.17307937028104,-4.15033437112646e-07,1,43.688
D-initSpeed,stationary,0.01,0,0,0,0,0,-2,0,1.6,16,1,1,240,,,0.207603039774036,0.19685474560154,0.0159766775271417,0.172343045227327,-1.9560375603379e-06,1,44.384
D-initSpeed,stationary,0.01,0,0,0,0,0,2,0,1.6,16,1,1,240,,,0.200838048100732,0.199773195783107,-0.0135415067880365,0.172776795383811,-2.82671816120515e-06,1,39.62
E-road,stationary,0,0,0,0,0,0,0,1,1.6,16,1,1,240,,,0.100086415543775,0.0985362217819182,-0.0127024380185559,0.112137066988413,-8.79842948918451e-06,1,209.562
E-road,oncoming,0,0,0,0,0,0,0,1,1.6,16,1,1,240,,,0.266549464797213,0.262991907400557,-0.288714334061916,0.110606724563816,-8.79376983097153e-06,1,58.589
E-road,crossing,0,0,0,0,0,0,0,1,1.6,16,1,1,240,,,9.51953429721945,9.51953429721945,0.399945662985313,0.112646745815075,-5.56315782927126e-06,1,18.18
E-road,cruise,0,0,0,0,0,0,0,1,1.6,16,1,1,240,,,Inf,Inf,0.4,0.112647284658949,-1.92732894110933e-05,1,13.668
F-horizon,oncoming,0,0,0,0,0,0,0,0,0.8,16,1,1,240,,,0.266546524230968,0.262988412565165,-0.288715000254951,0.180206952421034,-3.39828403053776e-06,1,52.749
F-horizon,oncoming,0,0,0,0,0,0,0,0,1.2,16,1,1,240,,,0.266842524826621,0.263345222074751,-0.288928760352408,0.17959892010002,-5.14090618083112e-06,1,38.062
F-horizon,oncoming,0,0,0,0,0,0,0,0,2.4,16,1,1,240,,,0.26648203588469,0.262871095190698,-0.288655358226987,0.181326256651739,-8.41336491531054e-06,1,43.711
F-horizon,oncoming,0,0,0,0,0,0,0,0,3.2,16,1,1,240,,,0.266546380061315,0.26298823566274,-0.288715002274194,0.180364291732638,-6.36419332312669e-06,1,41.377
F-horizon,crossing,0,0,0,0,0,0,0,0,0.8,16,1,1,240,,,9.5196017095613,9.5196017095613,0.399958432548614,0.182399908130876,-4.25004692743402e-06,1,17.065
F-horizon,crossing,0,0,0,0,0,0,0,0,1.2,16,1,1,240,,,9.51951908339124,9.51951908339124,0.399838743685112,0.182402693468056,-3.28074437984092e-06,1,17.107
F-horizon,crossing,0,0,0,0,0,0,0,0,2.4,16,1,1,240,,,9.51969654169078,9.51969654169078,0.399939980309006,0.182404324877192,-8.46347761894827e-06,1,26.012
F-horizon,crossing,0,0,0,0,0,0,0,0,3.2,16,1,1,240,,,9.51972113007321,9.51972113007321,0.399962372253776,0.182403975883757,-1.39218968665176e-05,1,28.86
G-confirm,oncoming,0,0,0,0,0,0,0,0,1.6,10,1,1,240,,,0.258542175430227,0.251457587245425,-0.305103882048066,0.1784600237366,-2.99336598183655e-06,1,29.586
G-confirm,oncoming,0,0,0,0,0,0,0,0,1.6,24,1,1,240,,,0.246821516252114,0.24500398766707,-0.272616181675215,0.181169049571231,-2.99920222925027e-06,1,49.735
G-confirm,oncoming,0,0,0,0,0,0,0,0,1.6,32,1,1,240,,,0.234362574754827,0.232963457120827,-0.261843717652562,0.182192473164025,-2.99933608384859e-06,1,69.999
G-confirm,crossing,0,0,0,0,0,0,0,0,1.6,10,1,1,240,,,9.51971637828284,9.51971637828284,0.4,0.182404774101373,-8.43003141281889e-06,1,11.7
G-confirm,crossing,0,0,0,0,0,0,0,0,1.6,24,1,1,240,,,9.51960580920703,9.51960580920703,0.39986707717564,0.182401799993409,-3.84629068544634e-06,1,15.799
G-confirm,crossing,0,0,0,0,0,0,0,0,1.6,32,1,1,240,,,9.51949592609031,9.51949592609031,0.399738250406665,0.182398480863531,-3.47311618437168e-06,1,15.619
