Case,Estimator,Seed,PositionRmseM,VelocityRmseMps,AccelerationRmseMps2,CurvatureLagS,ContinuousPositionBoundM,ContinuousVelocityBoundMps,ContinuousAccelerationBoundMps2,ContinuousDecayRatePerS,BandwidthPerS,InitialPeakAccelerationErrorMps2,MaximumPositionErrorM,MaximumAccelerationErrorMps2,DomainValidFraction,TruthDomainValid,MeanStepMs,MaxStepMs,DeclaredModelJerkCovered,HasRadarDropout,DigitalCertified
retained-noise-free,structured-high-gain,20260925,0.000122561539399391,0.0153121855065244,0.00645072899055984,NaN,2.20716330349442,12.7289505611289,30.2633254156394,0.8,2.59104629264778,5.02619877566669,0.00102457049450946,0.0213781522966875,1,1,2.92226,323.81,1,0,0
retained-noise,structured-high-gain,20260925,0.0290677251627342,0.120754733700535,0.181573748795933,NaN,2.20716330349442,12.7289505611289,30.2633254156394,0.8,2.59104629264778,5.12890571190202,0.0657086021786756,0.375723212923046,1,1,2.15124666666667,9.854,1,0,0
retained-noise,structured-high-gain,20260926,0.0287209342364638,0.119492497475153,0.181368244875791,NaN,2.20716330349442,12.7289505611289,30.2633254156394,0.8,2.59104629264778,4.81302495884487,0.0635954132708017,0.447840928951592,1,1,2.08624166666667,5.594,1,0,0
retained-noise,structured-high-gain,20260927,0.029855110088946,0.12724239327754,0.194485834243958,NaN,2.20716330349442,12.7289505611289,30.2633254156394,0.8,2.59104629264778,4.94300969693733,0.067793958731839,0.448278438222618,1,1,2.055095,5.433,1,0,0
retained-noise,structured-high-gain,20260928,0.0277986005442539,0.115711085576212,0.176244939075185,NaN,2.20716330349442,12.7289505611289,30.2633254156394,0.8,2.59104629264778,5.04916732388891,0.0647172805890333,0.399657185545927,1,1,2.05131833333333,5.065,1,0,0
retained-noise,structured-high-gain,20260929,0.0284460295042203,0.118548640243689,0.180324504557048,NaN,2.20716330349442,12.7289505611289,30.2633254156394,0.8,2.59104629264778,4.98443474205207,0.0634478826266482,0.426850939194832,1,1,2.09412833333333,5.036,1,0,0
retained-noise,structured-high-gain,20260930,0.0290257456836582,0.118479070682573,0.179483882388487,NaN,2.20716330349442,12.7289505611289,30.2633254156394,0.8,2.59104629264778,5.07539189328299,0.0792199154240067,0.395026152080691,1,1,2.05962666666667,5.112,1,0,0
retained-noise,structured-high-gain,20260931,0.0283385598517381,0.12100020196229,0.185200587058829,NaN,2.20716330349442,12.7289505611289,30.2633254156394,0.8,2.59104629264778,5.12338502019501,0.0738149783471352,0.434506924285142,1,1,2.05606333333333,5.083,1,0,0
retained-noise,structured-high-gain,20260932,0.0274393811051905,0.116825216000496,0.177618565375097,NaN,2.20716330349442,12.7289505611289,30.2633254156394,0.8,2.59104629264778,5.04978292124447,0.05942555897606,0.402332729230124,1,1,2.08024833333333,5.491,1,0,0
varying-noise,structured-high-gain,20260925,0.0296729626734097,0.130404220308812,0.302683792051558,0.62,3.88634944264727,21.2696944308038,50.8581464383683,0.727272727272727,2.59195511577944,5.13064559480832,0.0658703561998569,0.995964894860068,1,1,2.05796,8.478,1,0,0
varying-noise,structured-high-gain,20260926,0.0289332048377317,0.131845869889078,0.314107757550504,0.68,3.88634944264727,21.2696944308038,50.8581464383683,0.727272727272727,2.59195511577944,4.81445677407462,0.071933869354564,1.10973247404347,1,1,2.09077333333333,6.087,1,0,0
varying-noise,structured-high-gain,20260927,0.0304541922780355,0.139651669230568,0.329080038773948,0.58,3.88634944264727,21.2696944308038,50.8581464383683,0.727272727272727,2.59195511577944,4.94333401011249,0.0678038389395195,1.37780022077859,1,1,2.10374,4.94,1,0,0
varying-noise,structured-high-gain,20260928,0.0275292798995432,0.127790925400449,0.310740781459045,0.6,3.88634944264727,21.2696944308038,50.8581464383683,0.727272727272727,2.59195511577944,5.05186481666363,0.064691869031952,1.12344900529973,1,1,2.09198666666667,4.954,1,0,0
varying-noise,structured-high-gain,20260929,0.0291860141676153,0.130703742094876,0.311248857095586,0.58,3.88634944264727,21.2696944308038,50.8581464383683,0.727272727272727,2.59195511577944,4.9859932835649,0.0678987647170931,1.23385500008316,1,1,2.09875,5.096,1,0,0
varying-noise,structured-high-gain,20260930,0.0297778495417575,0.133633480866965,0.314500443126242,0.68,3.88634944264727,21.2696944308038,50.8581464383683,0.727272727272727,2.59195511577944,5.07702894888108,0.0794001082097752,1.19570939635758,1,1,2.09760166666667,5.297,1,0,0
varying-noise,structured-high-gain,20260931,0.0288028907510495,0.135393517063733,0.318889726851531,0.64,3.88634944264727,21.2696944308038,50.8581464383683,0.727272727272727,2.59195511577944,5.12509391386772,0.0738272950777379,1.25644671068036,1,1,2.12236666666667,6.226,1,0,0
varying-noise,structured-high-gain,20260932,0.0277682690958183,0.129579786016528,0.311173079070158,0.62,3.88634944264727,21.2696944308038,50.8581464383683,0.727272727272727,2.59195511577944,5.05137298011985,0.0594062384227556,1.24467743251394,1,1,2.05703833333333,5.123,1,0,0
dropout-noise,structured-high-gain,20260925,0.0358339508886261,0.131640368765601,0.195307835311207,NaN,2.20716330349442,12.7289505611289,30.2633254156394,0.8,2.59104629264778,5.12890571190202,0.106921537700281,0.56805902985869,1,1,2.114805,6.281,1,1,0
dropout-noise,structured-high-gain,20260926,0.0287905514095614,0.115598301124803,0.174723152075428,NaN,2.20716330349442,12.7289505611289,30.2633254156394,0.8,2.59104629264778,4.81302495884487,0.0639538436201104,0.448224147493116,1,1,2.09208833333333,6.157,1,1,0
dropout-noise,structured-high-gain,20260927,0.08754106968202,0.275501152542406,0.401733405378922,NaN,2.20716330349442,12.7289505611289,30.2633254156394,0.8,2.59104629264778,4.94300969693733,0.434156527986007,2.15528272679521,1,1,2.10837166666667,5.396,1,1,0
dropout-noise,structured-high-gain,20260928,0.0368354410962177,0.133850260894199,0.199349892596865,NaN,2.20716330349442,12.7289505611289,30.2633254156394,0.8,2.59104629264778,5.04916732388891,0.142199466548063,0.766442663161364,1,1,2.12926,5.311,1,1,0
dropout-noise,structured-high-gain,20260929,0.0385253470802634,0.135795742116293,0.202996413289657,NaN,2.20716330349442,12.7289505611289,30.2633254156394,0.8,2.59104629264778,4.98443474205207,0.130263819253388,0.771361720323526,1,1,2.101395,5.215,1,1,0
dropout-noise,structured-high-gain,20260930,0.0574551276582287,0.185984144129967,0.272253298006824,NaN,2.20716330349442,12.7289505611289,30.2633254156394,0.8,2.59104629264778,5.07539189328299,0.26352165020151,1.33389317354132,1,1,2.08687333333333,5.049,1,1,0
dropout-noise,structured-high-gain,20260931,0.0880567633834532,0.281764472457385,0.409785814571389,NaN,2.20716330349442,12.7289505611289,30.2633254156394,0.8,2.59104629264778,5.12338502019501,0.438817132186158,2.10815115376156,0.984031936127745,1,2.06292333333333,5.495,1,1,0
dropout-noise,structured-high-gain,20260932,0.0685453514441153,0.214198883062264,0.3120491564139,NaN,2.20716330349442,12.7289505611289,30.2633254156394,0.8,2.59104629264778,5.04978292124447,0.331838797249302,1.76607324799913,1,1,2.041025,5.262,1,1,0
retained-noise-25Hz,structured-high-gain,20260925,0.0493654238557255,0.198391847753219,0.297222391563231,NaN,2.20716330349442,12.7289505611289,30.2633254156394,0.8,2.59104629264778,5.23555375501092,0.0968025792070915,0.744194884110489,1,1,2.81036333333333,5.796,1,0,0
retained-noise-25Hz,structured-high-gain,20260926,0.0393345058636096,0.162759544762702,0.244542845575406,NaN,2.20716330349442,12.7289505611289,30.2633254156394,0.8,2.59104629264778,5.05652168195613,0.0877533951623197,0.636705589966717,1,1,2.79737333333333,5.915,1,0,0
retained-noise-25Hz,structured-high-gain,20260927,0.0408362586677955,0.167579516580447,0.253423696789886,NaN,2.20716330349442,12.7289505611289,30.2633254156394,0.8,2.59104629264778,5.26531928423181,0.0867953226560283,0.593294104370277,1,1,2.75164666666667,6.131,1,0,0
retained-noise-25Hz,structured-high-gain,20260928,0.0446933330892322,0.190013851103533,0.289566434333583,NaN,2.20716330349442,12.7289505611289,30.2633254156394,0.8,2.59104629264778,5.38149671738571,0.0998476921567773,0.595681680223437,1,1,2.87456666666667,6.029,1,0,0
retained-noise-25Hz,structured-high-gain,20260929,0.0431030977059843,0.178061975445175,0.26635090474361,NaN,2.20716330349442,12.7289505611289,30.2633254156394,0.8,2.59104629264778,5.34039823780566,0.0962663225699878,0.556638210034344,1,1,2.95365666666667,6.11,1,0,0
retained-noise-25Hz,structured-high-gain,20260930,0.042475932389097,0.178410782576966,0.270811750760279,NaN,2.20716330349442,12.7289505611289,30.2633254156394,0.8,2.59104629264778,5.46780966887446,0.091126521735793,0.601268009603484,1,1,3.02368666666667,7.122,1,0,0
retained-noise-25Hz,structured-high-gain,20260931,0.0430759475647276,0.180760694556782,0.27156569868885,NaN,2.20716330349442,12.7289505611289,30.2633254156394,0.8,2.59104629264778,5.28644926036068,0.102748903225727,0.576974291711191,1,1,2.83392666666667,6.267,1,0,0
retained-noise-25Hz,structured-high-gain,20260932,0.0447945391195413,0.183415453810637,0.273686459138903,NaN,2.20716330349442,12.7289505611289,30.2633254156394,0.8,2.59104629264778,5.20003498973252,0.0908850463639158,0.545334061757259,1,1,2.87402333333333,6.407,1,0,0
aggressive-ego-noise,structured-high-gain,20260925,0.0277430104310897,0.115674427059738,0.149522987073463,NaN,3.4622800923656,17.1818101828749,36.6919705351652,0.5,2.32298377148086,3.99298196682554,0.0630415706659958,0.342690418986939,1,1,2.14525666666667,5.898,1,0,0
aggressive-ego-noise,structured-high-gain,20260926,0.0269426620303047,0.111273541308607,0.143809275635017,NaN,3.4622800923656,17.1818101828749,36.6919705351652,0.5,2.32298377148086,3.7943245847242,0.0585833048893333,0.321575786323657,1,1,2.10896,5.19,1,0,0
aggressive-ego-noise,structured-high-gain,20260927,0.0280248519577115,0.120362447450803,0.155898830825096,NaN,3.4622800923656,17.1818101828749,36.6919705351652,0.5,2.32298377148086,3.95018793282767,0.064936909229248,0.310511633133715,1,1,2.19459,5.48,1,0,0
aggressive-ego-noise,structured-high-gain,20260928,0.0260371693959521,0.108741330043155,0.141330404330924,NaN,3.4622800923656,17.1818101828749,36.6919705351652,0.5,2.32298377148086,3.91210378025562,0.0600378891424908,0.335515859583136,1,1,2.21032333333333,5.503,1,0,0
aggressive-ego-noise,structured-high-gain,20260929,0.0267503194872649,0.110155188385856,0.143984923775148,NaN,3.4622800923656,17.1818101828749,36.6919705351652,0.5,2.32298377148086,3.95293090747548,0.0585293695011598,0.332031308043256,1,1,2.41631333333333,5.559,1,0,0
aggressive-ego-noise,structured-high-gain,20260930,0.0273943385121347,0.11089980466234,0.143688078266938,NaN,3.4622800923656,17.1818101828749,36.6919705351652,0.5,2.32298377148086,3.98206384144214,0.0761867869844361,0.357988099237426,1,1,2.19628833333333,5.878,1,0,0
aggressive-ego-noise,structured-high-gain,20260931,0.0267533275642508,0.114972118368677,0.147993640509673,NaN,3.4622800923656,17.1818101828749,36.6919705351652,0.5,2.32298377148086,4.03159738819246,0.0689603456015974,0.328275994358144,1,1,2.27661166666667,6.094,1,0,0
aggressive-ego-noise,structured-high-gain,20260932,0.0255529249202843,0.108337500430561,0.141366188807849,NaN,3.4622800923656,17.1818101828749,36.6919705351652,0.5,2.32298377148086,3.9464879368636,0.0562612684750957,0.359492816450331,1,1,2.25145166666667,6.34,1,0,0
oncoming-noise,structured-high-gain,20260925,0.0288508944370797,0.104975761900678,0.142489142685632,NaN,4.38740359308083,20.590694971183,42.3183732154842,0.4,2.23257708683452,3.67026889292889,0.0655827673709086,0.316241094112011,1,1,2.3068475,7.43,1,0,0
oncoming-noise,structured-high-gain,20260926,0.0272277326051955,0.0997650916106022,0.132376006350303,NaN,4.38740359308083,20.590694971183,42.3183732154842,0.4,2.23257708683452,3.63424289119192,0.0584058765940978,0.327585843943929,1,1,2.3075575,5.825,1,0,0
oncoming-noise,structured-high-gain,20260927,0.0261749135078917,0.0943881089083971,0.130578274668954,NaN,4.38740359308083,20.590694971183,42.3183732154842,0.4,2.23257708683452,3.6366474946899,0.0721797135618482,0.303535664481428,1,1,2.1544575,5.566,1,0,0
oncoming-noise,structured-high-gain,20260928,0.0268205337090263,0.098179236657447,0.13130023159442,NaN,4.38740359308083,20.590694971183,42.3183732154842,0.4,2.23257708683452,3.52077546931097,0.0596184351852528,0.277975105476514,1,1,2.1485425,6.902,1,0,0
oncoming-noise,structured-high-gain,20260929,0.0246562581760115,0.0902449685526447,0.11761137523912,NaN,4.38740359308083,20.590694971183,42.3183732154842,0.4,2.23257708683452,3.65489270554301,0.0585483601963911,0.252412329804285,1,1,2.1408975,5.308,1,0,0
oncoming-noise,structured-high-gain,20260930,0.0243426524091433,0.0946979102162594,0.120713828583454,NaN,4.38740359308083,20.590694971183,42.3183732154842,0.4,2.23257708683452,3.65985734920146,0.0617687237566433,0.274957051690762,1,1,2.144495,5.44,1,0,0
oncoming-noise,structured-high-gain,20260931,0.027928423507139,0.0983494273373135,0.130799351099158,NaN,4.38740359308083,20.590694971183,42.3183732154842,0.4,2.23257708683452,3.70268067388387,0.0565135591584303,0.335804008933384,1,1,2.1095225,5.162,1,0,0
oncoming-noise,structured-high-gain,20260932,0.0248816001999121,0.0893298952606934,0.123647964093566,NaN,4.38740359308083,20.590694971183,42.3183732154842,0.4,2.23257708683452,3.61072532834437,0.0627199332766478,0.305031193982031,1,1,2.096085,5.494,1,0,0
lane-change-noise,structured-high-gain,20260925,0.0296649826896364,0.135547237236998,0.354535968216632,0.62,3.10948266234051,17.1108883030869,40.2251006726801,0.727272727272727,2.55356275886283,4.9650830090424,0.0654564480659953,0.86593837760509,0.996007984031936,1,2.06612833333333,5.608,1,0,0
lane-change-noise,structured-high-gain,20260926,0.0292650082554914,0.134410603876583,0.357046507488278,0.62,3.10948266234051,17.1108883030869,40.2251006726801,0.727272727272727,2.55356275886283,4.66020808998531,0.0704158466019194,0.983956192578204,0.998003992015968,1,2.06863833333333,5.591,1,0,0
lane-change-noise,structured-high-gain,20260927,0.0303804847866532,0.144174393095551,0.368766593130098,0.62,3.10948266234051,17.1108883030869,40.2251006726801,0.727272727272727,2.55356275886283,4.7965686707545,0.067189972560928,1.04175146676126,0.998003992015968,1,2.048215,5.007,1,0,0
lane-change-noise,structured-high-gain,20260928,0.0276426641520164,0.133127194696975,0.358262028897141,0.62,3.10948266234051,17.1108883030869,40.2251006726801,0.727272727272727,2.55356275886283,4.87699275195967,0.065569217210107,0.866361111724607,1,1,2.04173,5.059,1,0,0
lane-change-noise,structured-high-gain,20260929,0.0287323761305537,0.132955634952998,0.353140232444737,0.58,3.10948266234051,17.1108883030869,40.2251006726801,0.727272727272727,2.55356275886283,4.83634529300414,0.062677841520417,0.970061388720897,0.998003992015968,1,2.030465,5.249,1,0,0
lane-change-noise,structured-high-gain,20260930,0.0302473709985522,0.141473227525725,0.367535791894446,0.66,3.10948266234051,17.1108883030869,40.2251006726801,0.727272727272727,2.55356275886283,4.91453773488685,0.0787420707121806,1.01980888342009,0.998003992015968,1,2.069895,5.006,1,0,0
lane-change-noise,structured-high-gain,20260931,0.0284398873881292,0.134310537705073,0.353528721875893,0.58,3.10948266234051,17.1108883030869,40.2251006726801,0.727272727272727,2.55356275886283,4.95984365526375,0.068134436248989,1.06165101787475,0.988023952095808,1,2.05046166666667,4.965,1,0,0
lane-change-noise,structured-high-gain,20260932,0.0277103231747064,0.134509436488567,0.358706923439574,0.64,3.10948266234051,17.1108883030869,40.2251006726801,0.727272727272727,2.55356275886283,4.89119682482941,0.0642987801058023,0.906735348552518,1,1,2.05141833333333,5.184,1,0,0
noise-2x,structured-high-gain,20260925,0.0581330887869372,0.239231358400762,0.363113808392845,NaN,2.20716330349442,12.7289505611289,30.2633254156394,0.8,2.59104629264778,5.23479762357336,0.131485313799313,0.748573442008879,1,1,2.099215,5.352,1,0,0
noise-2x,structured-high-gain,20260926,0.0574414623106078,0.237155327665689,0.362679038730896,NaN,2.20716330349442,12.7289505611289,30.2633254156394,0.8,2.59104629264778,4.6074700207717,0.12722473499737,0.896166755932501,1,1,2.07571166666667,5.408,1,0,0
noise-2x,structured-high-gain,20260927,0.0597037875232583,0.253374911781024,0.388588641916991,NaN,2.20716330349442,12.7289505611289,30.2633254156394,0.8,2.59104629264778,5.01337700519286,0.135613340204004,0.887752411380803,1,1,2.09447333333333,5.04,1,0,0
noise-2x,structured-high-gain,20260928,0.0555992651255755,0.229948577063878,0.352346924522694,NaN,2.20716330349442,12.7289505611289,30.2633254156394,0.8,2.59104629264778,5.14755781310822,0.129477864388344,0.793875858992976,1,1,2.07490666666667,5.22,1,0,0
noise-2x,structured-high-gain,20260929,0.0568973050432473,0.235834751074144,0.36072985001918,NaN,2.20716330349442,12.7289505611289,30.2633254156394,0.8,2.59104629264778,4.9987181681929,0.126918119901495,0.859610926684366,1,1,2.10211666666667,5.603,1,0,0
noise-2x,structured-high-gain,20260930,0.0580569050053798,0.234886754730276,0.358795705655255,NaN,2.20716330349442,12.7289505611289,30.2633254156394,0.8,2.59104629264778,5.12722313367829,0.158461719201876,0.783487968991576,1,1,2.062285,5.251,1,0,0
noise-2x,structured-high-gain,20260931,0.0566754377140054,0.240606080278147,0.370460557847203,NaN,2.20716330349442,12.7289505611289,30.2633254156394,0.8,2.59104629264778,5.2208347080363,0.147687164847248,0.873790096287426,1,1,2.13393833333333,5.195,1,0,0
noise-2x,structured-high-gain,20260932,0.0548882319859553,0.231571241623971,0.355262047815221,NaN,2.20716330349442,12.7289505611289,30.2633254156394,0.8,2.59104629264778,5.07388245882639,0.118901822356743,0.806745491503985,1,1,2.09650166666667,6.698,1,0,0
large-offset-noise,structured-high-gain,20260925,0.029045265212185,0.120755530461191,0.181832326713968,NaN,2.20716330349442,12.7289505611289,30.2633254156394,0.8,2.59104629264778,15.2851331367506,0.0657086021703547,0.375723216437398,1,1,2.08534,5.308,1,0,0
large-offset-noise,structured-high-gain,20260926,0.0287080078178549,0.119638979529537,0.181938476805042,NaN,2.20716330349442,12.7289505611289,30.2633254156394,0.8,2.59104629264778,14.9727228723879,0.0635954539256102,0.447842201844748,1,1,2.063035,5.364,1,0,0
large-offset-noise,structured-high-gain,20260927,0.0298645264745736,0.127410587284336,0.195981167774044,NaN,2.20716330349442,12.7289505611289,30.2633254156394,0.8,2.59104629264778,15.0938289955014,0.0677987643376704,0.448278438624052,1,1,2.07909166666667,5.153,1,0,0
large-offset-noise,structured-high-gain,20260928,0.0278064452278241,0.115773312525605,0.176829702111094,NaN,2.20716330349442,12.7289505611289,30.2633254156394,0.8,2.59104629264778,15.167649950872,0.0646123624706168,0.399657854614383,1,1,2.07349333333333,5.181,1,0,0
large-offset-noise,structured-high-gain,20260929,0.0284424544605,0.118402454387594,0.180150058530494,NaN,2.20716330349442,12.7289505611289,30.2633254156394,0.8,2.59104629264778,15.1451316902496,0.0634478866175938,0.426851062755801,1,1,2.08151,5.393,1,0,0
large-offset-noise,structured-high-gain,20260930,0.0289837137874268,0.118581870452771,0.180171597476009,NaN,2.20716330349442,12.7289505611289,30.2633254156394,0.8,2.59104629264778,15.2390530551923,0.0792199154208597,0.395025739385573,1,1,2.09655833333333,5.602,1,0,0
large-offset-noise,structured-high-gain,20260931,0.0283516442868211,0.121302814484463,0.185886503124808,NaN,2.20716330349442,12.7289505611289,30.2633254156394,0.8,2.59104629264778,15.283572817473,0.0738152643391505,0.434506911423726,1,1,2.08314833333333,5.544,1,0,0
large-offset-noise,structured-high-gain,20260932,0.0274301889886023,0.116988224459149,0.178079128852715,NaN,2.20716330349442,12.7289505611289,30.2633254156394,0.8,2.59104629264778,15.2123101657763,0.0594255589512432,0.396926876892943,1,1,2.09131666666667,5.681,1,0,0
intermittent-dropout-noise,structured-high-gain,20260925,0.0305157293948437,0.124426159991181,0.186289128900107,NaN,2.20716330349442,12.7289505611289,30.2633254156394,0.8,2.59104629264778,5.12890571190202,0.073536822720727,0.373304280152609,1,1,2.12588833333333,5.784,1,1,0
intermittent-dropout-noise,structured-high-gain,20260926,0.0296314874390336,0.120196799620313,0.181153861049165,NaN,2.20716330349442,12.7289505611289,30.2633254156394,0.8,2.59104629264778,4.81302495884487,0.066685388722163,0.437385735403751,1,1,2.20100333333333,5.401,1,1,0
intermittent-dropout-noise,structured-high-gain,20260927,0.033151768651043,0.138515394786381,0.210514314480166,NaN,2.20716330349442,12.7289505611289,30.2633254156394,0.8,2.59104629264778,4.94300969693733,0.0861135542420442,0.466882513502806,1,1,2.07127,5.516,1,1,0
intermittent-dropout-noise,structured-high-gain,20260928,0.0325325205016666,0.131555905617858,0.199569309312485,NaN,2.20716330349442,12.7289505611289,30.2633254156394,0.8,2.59104629264778,5.04916732388891,0.103777195804207,0.563500688659542,1,1,2.07649,5.278,1,1,0
intermittent-dropout-noise,structured-high-gain,20260929,0.0318223936613138,0.129791087205941,0.196203969250689,NaN,2.20716330349442,12.7289505611289,30.2633254156394,0.8,2.59104629264778,4.98443474205207,0.0868857469032453,0.555855530489879,1,1,2.08267166666667,5.939,1,1,0
intermittent-dropout-noise,structured-high-gain,20260930,0.0331180219634767,0.133266010800247,0.20065002110521,NaN,2.20716330349442,12.7289505611289,30.2633254156394,0.8,2.59104629264778,5.07539189328299,0.0750806661268944,0.611611873789377,1,1,2.119755,5.342,1,1,0
intermittent-dropout-noise,structured-high-gain,20260931,0.0337728558974029,0.136673575945615,0.208359570391382,NaN,2.20716330349442,12.7289505611289,30.2633254156394,0.8,2.59104629264778,5.12338502019501,0.105197785567584,0.59391652581597,1,1,2.13078,5.444,1,1,0
intermittent-dropout-noise,structured-high-gain,20260932,0.0321484517845696,0.132174024630487,0.199908800285493,NaN,2.20716330349442,12.7289505611289,30.2633254156394,0.8,2.59104629264778,5.04978292124447,0.108346564484943,0.533865519152575,1,1,2.12388666666667,5.452,1,1,0
