caseIndex,group,scenario,curvature,parameters,completed,passed,executedHolds,failureIdentifier,failureMessage,minimumNodeGapM,minimumSampledGapM,minimumRoadMarginM,minimumDomainMargin,maximumClfResidual,maximumSlewViolation,maximumFrameMs,deadlineMisses,minimumSpeedMps,maximumAbsoluteHeadingRad
1,speed,stationary,0,"[""ReferenceSpeed"",2]",1,1,240,,"",0.100067300031346,0.0959849956707066,NaN,-2.57654825355508,-2.05730824951237e-06,0,324.31,149,-2.57654825355508,0.423632048554531
2,speed,stationary,0,"[""ReferenceSpeed"",5]",1,1,240,,"",0.100086424207828,0.100042112075211,NaN,0.0380533468222193,-3.0242945240832e-06,0,112.303,1,0.918478116570708,0.357109930980272
3,speed,stationary,0,"[""ReferenceSpeed"",12]",1,1,240,,"",0.100086406081113,0.0988782094946926,NaN,-0.065693045912696,-3.23416501345117e-06,0,42.996,0,9.2910071955574,0.455425267624501
4,speed,stationary,0,"[""ReferenceSpeed"",18]",1,1,240,,"",0.10007923769898,0.0871760783943415,NaN,-0.613183270892435,-7.04065393032476e-06,0,28.491,0,15.4090278974205,0.486915644439327
5,friction,stationary,0,"[""FrictionCoefficient"",[0.2,0.2]]",1,1,240,,"",0.100089612259797,0.0993661679195094,NaN,-0.0645330696726543,-3.44233144456558e-06,0,47.569,0,7.14288954989889,0.456434712950765
6,friction,stationary,0,"[""FrictionCoefficient"",[0.4,0.4]]",1,1,240,,"",0.100089655561919,0.100089655561919,NaN,-0.0494433524966386,-6.86849918875261e-06,0,51.191,1,6.3529841089597,0.437996247568169
7,friction,stationary,0,"[""FrictionCoefficient"",[1,1]]",1,1,240,,"",0.100086426762242,0.0992317703563516,NaN,0.00119763116560651,-3.08713021499701e-06,0,47.3,0,4.08554594316575,0.392088432232
8,samplePeriod,stationary,0,"[""SampleTime"",0.02]",1,1,240,,"",0.100087269411338,0.0999671602724712,NaN,0.0117570189887777,-8.55055783046088e-07,0,121.539,146,5.57328968244234,0.388054003352271
9,samplePeriod,stationary,0,"[""SampleTime"",0.1]",1,1,240,,"",0.200105594458463,0.197323769806966,NaN,-0.0342110376607564,-4.27470575360175e-06,0,31.2,0,3.90124167884036,0.413294480033465
10,samplePeriod,stationary,0,"[""SampleTime"",0.2]",1,1,240,,"",0.400103742380497,0.368494966844184,NaN,-0.0947544431495321,-2.97447595810613e-06,0,22.951,0,4.22457504014074,0.471683044564307
11,slew,stationary,0,"[""SteeringRateMaximum"",0.3,""BrakingRatioRateMaximum"",2]",1,1,240,,"",0.1080552296095,0.107929788782035,NaN,0.156414475252158,-2.96860920301709e-06,0,69.924,1,7.93718146312211,0.243449192375925
12,slew,stationary,0,"[""SteeringRateMaximum"",0.7,""BrakingRatioRateMaximum"",2]",1,1,240,,"",0.10942929070013,0.108619928888259,NaN,0.122657991487898,-4.18065219084552e-06,0,60.532,1,7.08989773409133,0.276953762938476
13,speed,stationary,0.01,"[""ReferenceSpeed"",2]",1,1,240,,"",0.144549171543379,0.125524335797379,NaN,-0.178062193318024,-1.98262066087342e-05,0,211.634,122,1.28162984536989,0.577867345746773
14,speed,stationary,0.01,"[""ReferenceSpeed"",5]",1,1,240,,"",0.250025383296611,0.249145686355321,NaN,-0.0447106915230188,-4.25558540152456e-06,0,81.631,1,1.94921447809875,0.441246014286754
15,speed,stationary,0.01,"[""ReferenceSpeed"",12]",1,1,240,,"",0.201770846219906,0.189709071123077,NaN,-0.0628546107336614,-1.45929869146315e-06,0,43.656,0,8.94120903965544,0.447567012248746
16,speed,stationary,0.01,"[""ReferenceSpeed"",18]",1,1,240,,"",0.208783022837699,0.194786051113816,NaN,-1.899963581886,-6.20485937825299e-06,0,28.353,0,14.9740031876473,0.504635708829889
17,friction,stationary,0.01,"[""FrictionCoefficient"",[0.2,0.2]]",1,1,240,,"",0.20179643814496,0.201288031550447,NaN,-0.0772066854810252,-3.782195106458e-06,0,49.268,0,6.95130196695277,0.466126605519818
18,friction,stationary,0.01,"[""FrictionCoefficient"",[0.4,0.4]]",1,1,240,,"",0.20224336722939,0.20162955916033,NaN,-0.0796611364063943,-3.43116923017148e-06,0,48.756,0,6.14088234547897,0.470757865787912
19,friction,stationary,0.01,"[""FrictionCoefficient"",[1,1]]",1,1,240,,"",0.200966177177012,0.200316539217454,NaN,-0.0817425175860855,-2.85973175172579e-06,0,52.65,1,4.65747810411562,0.476331805308282
20,samplePeriod,stationary,0.01,"[""SampleTime"",0.02]",1,1,240,,"",0.200210921483394,0.200200599876142,NaN,-0.0384702095307228,-1.20196247098678e-05,0,149.532,156,5.81729990104531,0.436079358838052
21,samplePeriod,stationary,0.01,"[""SampleTime"",0.1]",1,1,240,,"",0.300317547875984,0.298688422343874,NaN,-0.122769706345625,-3.73474607491575e-06,0,28.636,0,4.8559105315274,0.497875071667905
22,samplePeriod,stationary,0.01,"[""SampleTime"",0.2]",1,1,240,,"",0.84268507965522,0.840854158686144,NaN,-0.186442066836029,-3.08218253070465e-06,0,17.17,0,4.88378840827863,0.562975086362972
23,slew,stationary,0.01,"[""SteeringRateMaximum"",0.3,""BrakingRatioRateMaximum"",2]",1,1,240,,"",0.201749334759404,0.201453725246749,NaN,0.139190025953682,-3.01941294792502e-06,0,51.841,1,7.93365333570037,0.260774110278002
24,slew,stationary,0.01,"[""SteeringRateMaximum"",0.7,""BrakingRatioRateMaximum"",2]",1,1,240,,"",0.201542079717025,0.201070063295779,NaN,0.0923177633550543,-4.26670132352269e-06,0,52.311,1,7.42166383369387,0.30757600159011
25,speed,oncoming,0,"[""ReferenceSpeed"",2]",0,0,84,collisionAvoidanceController:optimizationFailed,"The hard-safety, soft-CLF search failed at t=4.2 s (Fixed-direction trajectory optimization failed: solverRejected: solver exit flag -2: Clarabel status 2; previous-plan directions rejected: solver exit flag -2: Clarabel status 2; alternate directions rejected: solver exit flag -2: Clarabel status 2). No command was issued.",13.200000007387,13.200000007387,NaN,0.4,-2.62376085971569e-05,0,486.576,1,1.99999999823063,5.81311391767599e-24
26,speed,oncoming,0,"[""ReferenceSpeed"",5]",1,1,240,,"",0.117412296085919,0.0972814691964318,NaN,-0.237427530267377,-4.6232074714851e-06,0,53.433,1,4.54310441537439,0.63690498061258
27,speed,oncoming,0,"[""ReferenceSpeed"",12]",1,1,240,,"",0.295545399196013,0.293893403163425,NaN,-0.277442328288307,-3.24224749350171e-06,0,35.75,0,10.3264122737811,0.669743324972841
28,speed,oncoming,0,"[""ReferenceSpeed"",18]",1,1,240,,"",0.190595450394262,0.190266817074494,NaN,-0.603854368664315,-7.0359217888943e-06,0,32.472,0,16.5430899286842,0.622677153146487
29,friction,oncoming,0,"[""FrictionCoefficient"",[0.2,0.2]]",1,1,240,,"",0.237534848942399,0.226227468186392,NaN,-0.276972015342872,-3.46125453484246e-06,0,39.661,0,6.97148701851325,0.676454005557176
30,friction,oncoming,0,"[""FrictionCoefficient"",[0.4,0.4]]",1,1,240,,"",0.251306174904121,0.251306174904121,NaN,-0.278887370298853,-6.86854716185468e-06,0,38.294,0,6.50845028136548,0.674357073159364
31,friction,oncoming,0,"[""FrictionCoefficient"",[1,1]]",1,1,240,,"",0.271592844688068,0.266639221284658,NaN,-0.29182332442936,-3.09011239162142e-06,0,42.13,0,5.54267149683809,0.676113035991901
32,samplePeriod,oncoming,0,"[""SampleTime"",0.02]",1,1,240,,"",0.111694372915981,0.111183909436825,NaN,-0.17007335457987,-1.68836486039787e-05,0,98.253,79,7.8931547179908,0.569345888120657
33,samplePeriod,oncoming,0,"[""SampleTime"",0.1]",1,1,240,,"",0.306724431772094,0.2684472252705,NaN,-0.351863740990011,-4.278011221681e-06,0,23.055,0,6.10214216965943,0.748062276744618
34,samplePeriod,oncoming,0,"[""SampleTime"",0.2]",1,1,240,,"",1.03002257068625,0.801998301887648,NaN,-0.337593278750279,-2.96717793876521e-06,0,10.949,0,7.98833731023447,0.721626351870833
35,slew,oncoming,0,"[""SteeringRateMaximum"",0.3,""BrakingRatioRateMaximum"",2]",0,0,52,collisionAvoidanceController:optimizationFailed,"The hard-safety, soft-CLF search failed at t=2.6 s (Fixed-direction trajectory optimization failed: solverRejected: solver exit flag -2: Clarabel status 2; previous-plan directions rejected: solver exit flag -2: Clarabel status 2; alternate directions rejected: solver exit flag -2: Clarabel status 2). No command was issued.",13.5999919581725,13.5999919581725,NaN,0.4,-5.97861892098265e-06,0,330.807,1,8,5.18108363490133e-20
36,slew,oncoming,0,"[""SteeringRateMaximum"",0.7,""BrakingRatioRateMaximum"",2]",1,1,240,,"",0.188851514915755,0.154623372056225,NaN,-0.307677331526278,-4.18088745776203e-06,0,246.204,1,6.42591269664762,0.504536679178185
37,speed,oncoming,0.01,"[""ReferenceSpeed"",2]",1,1,240,,"",0.53412070336603,0.533424355525793,NaN,0.0012116292642626,-1.9984181957518e-05,0,43.912,0,0.0012116292642626,0.367684145684285
38,speed,oncoming,0.01,"[""ReferenceSpeed"",5]",1,1,240,,"",0.200718648698399,0.160494870794867,NaN,-0.275490300920388,-4.51052173930766e-06,0,49.757,0,4.3601616121894,0.675490300920388
39,speed,oncoming,0.01,"[""ReferenceSpeed"",12]",1,1,240,,"",0.210019334414089,0.20989550853631,NaN,-0.19031827433083,-3.32052928068465e-06,0,38.437,0,9.12348337329856,0.58639723195857
40,speed,oncoming,0.01,"[""ReferenceSpeed"",18]",1,1,240,,"",0.202706931155522,0.196238531237845,NaN,-0.105484587085846,-6.20450543848411e-06,0,31.894,0,14.52868076021,0.495693033825814
41,friction,oncoming,0.01,"[""FrictionCoefficient"",[0.2,0.2]]",1,1,240,,"",0.338468557699522,0.332619498265207,NaN,-0.268318910066852,-3.76343791302957e-06,0,38.425,0,7.07437328734924,0.655531502916756
42,friction,oncoming,0.01,"[""FrictionCoefficient"",[0.4,0.4]]",1,1,240,,"",0.357306450715979,0.357131450708139,NaN,-0.306380966492669,-3.42551621282224e-06,0,44.495,0,6.50954656821581,0.703458947470448
43,friction,oncoming,0.01,"[""FrictionCoefficient"",[1,1]]",1,1,240,,"",0.383270712363309,0.377084405176489,NaN,-0.311511653160839,-2.85963228908562e-06,0,38.257,0,5.76775937644941,0.709018682213024
44,samplePeriod,oncoming,0.01,"[""SampleTime"",0.02]",1,1,240,,"",0.219916279319338,0.218627352921459,NaN,-0.18603436197709,-1.6097329165354e-05,0,96.863,111,7.70702986987352,0.585857531659378
45,samplePeriod,oncoming,0.01,"[""SampleTime"",0.1]",1,1,240,,"",0.409915629267089,0.371183244094673,NaN,-0.405068428585681,-3.73208154980168e-06,0,22.243,0,6.28631295310636,0.780450473304069
46,samplePeriod,oncoming,0.01,"[""SampleTime"",0.2]",1,1,240,,"",0.710670773614552,0.185078617566465,NaN,-1.14770002236248,-3.08184262030237e-06,0,14.205,0,6.90908804341311,0.775652878031593
47,slew,oncoming,0.01,"[""SteeringRateMaximum"",0.3,""BrakingRatioRateMaximum"",2]",0,0,52,collisionAvoidanceController:optimizationFailed,"The hard-safety, soft-CLF search failed at t=2.6 s (Fixed-direction trajectory optimization failed: solverRejected: solver exit flag -2: Clarabel status 2; previous-plan directions rejected: solver exit flag -2: Clarabel status 2; alternate directions rejected: solver exit flag -2: Clarabel status 2). No command was issued.",13.5018818855962,13.5018818855962,NaN,0.386676159060482,-2.46726633752164e-06,0,343.634,1,7.99976696219375,0.013250582534926
48,slew,oncoming,0.01,"[""SteeringRateMaximum"",0.7,""BrakingRatioRateMaximum"",2]",0,0,52,collisionAvoidanceController:optimizationFailed,"The hard-safety, soft-CLF search failed at t=2.6 s (Fixed-direction trajectory optimization failed: solverRejected: solver exit flag -2: Clarabel status 2; previous-plan directions rejected: solver exit flag -2: Clarabel status 2; alternate directions rejected: solver exit flag -2: Clarabel status 2). No command was issued.",13.5015599931432,13.5015599931432,NaN,0.388682256552365,-5.20240219399538e-06,0,371.73,1,7.99999751230118,0.0113177431323784
49,speed,crossing,0,"[""ReferenceSpeed"",2]",1,1,240,,"",11.1688230324818,11.168773133076,NaN,0.39996702722349,-1.55361827701052e-05,0,19.514,0,1.99999999801091,3.29017593240577e-05
50,speed,crossing,0,"[""ReferenceSpeed"",5]",1,1,240,,"",10.3963054277455,10.3755976661726,NaN,0.399949498715204,-7.37832444182998e-06,0,18.377,0,4.99999992380514,5.02421734754131e-05
51,speed,crossing,0,"[""ReferenceSpeed"",12]",1,1,240,,"",8.35848675971748,8.32748739510231,NaN,0.399894028825197,-5.8885645078139e-06,0,20.235,0,11.999935790874,0.00010577345930818
52,speed,crossing,0,"[""ReferenceSpeed"",18]",1,1,240,,"",6.59125043590043,6.55042951150158,NaN,-3.18607557403539e-06,-7.53243803099007e-06,0,17.713,0,17.9994082257597,5.89624284053125e-05
53,friction,crossing,0,"[""FrictionCoefficient"",[0.2,0.2]]",1,1,240,,"",9.51969795527768,9.51952749295421,NaN,0.399886925399284,-3.49714946098696e-06,0,17.314,0,7.99999543355574,0.000112633735991508
54,friction,crossing,0,"[""FrictionCoefficient"",[0.4,0.4]]",1,1,240,,"",9.51965369014377,9.51948194188821,NaN,0.399834468486358,-3.53112738435258e-06,0,17.668,0,8,0.000162370914816717
55,friction,crossing,0,"[""FrictionCoefficient"",[1,1]]",1,1,240,,"",9.51957843727967,9.51940600510197,NaN,0.399861277576228,-4.88863666875842e-06,0,19.28,0,7.99999998971443,0.000138569115319812
56,samplePeriod,crossing,0,"[""SampleTime"",0.02]",1,1,240,,"",9.51946958274793,9.51926952705973,NaN,0.39967657754436,-1.02164908406832e-05,0,38.134,79,7.9999999199742,0.000323372699711606
57,samplePeriod,crossing,0,"[""SampleTime"",0.1]",1,1,240,,"",9.51966933250078,9.51966933250078,NaN,0.399921147289258,-5.79811036111606e-06,0,13.325,0,8,7.86574549715992e-05
58,samplePeriod,crossing,0,"[""SampleTime"",0.2]",1,1,240,,"",10.050000692138,9.51971593871038,NaN,0.399975575095053,-2.660164248363e-06,0,12.347,0,7.99999307657256,2.42844712366654e-05
59,slew,crossing,0,"[""SteeringRateMaximum"",0.3,""BrakingRatioRateMaximum"",2]",1,1,240,,"",9.5196602897773,9.51949019887851,NaN,0.399914128039946,-4.09131643675937e-06,0,19.775,0,8,8.53672868163557e-05
60,slew,crossing,0,"[""SteeringRateMaximum"",0.7,""BrakingRatioRateMaximum"",2]",1,1,240,,"",9.51969934260657,9.51953038462866,NaN,0.399955411317355,-4.64499114636134e-06,0,17.879,0,8,4.42330485591995e-05
61,speed,crossing,0.01,"[""ReferenceSpeed"",2]",1,1,240,,"",5.43723239131951,5.4362783592356,NaN,0.383744151462097,-6.12871874272713e-06,0,66.698,1,1.99997701452125,0.0162558420484535
62,speed,crossing,0.01,"[""ReferenceSpeed"",5]",1,1,240,,"",0.466713194905493,0.464478887333837,NaN,0.0679156141147451,-4.52833259749294e-06,0,64.087,1,0.967794905805741,0.326634715433671
63,speed,crossing,0.01,"[""ReferenceSpeed"",12]",1,1,240,,"",0.199548262725101,0.128643756422658,NaN,-0.0688311308430324,-1.53890862531793e-06,0,42.389,0,11.5252686814474,0.468582944789428
64,speed,crossing,0.01,"[""ReferenceSpeed"",18]",1,1,240,,"",0.200903719980218,0.163882008597836,NaN,-0.71796906934302,-6.53911745684317e-06,0,27.246,0,17.9747335589299,0.0593660248683168
65,friction,crossing,0.01,"[""FrictionCoefficient"",[0.2,0.2]]",1,1,240,,"",0.145597130463942,0.139116679322961,NaN,-0.349858280320054,-3.79784159090398e-06,0,49.632,0,5.94530073834782,0.742068803791623
66,friction,crossing,0.01,"[""FrictionCoefficient"",[0.4,0.4]]",1,1,240,,"",0.386618177912999,0.376193309829259,NaN,-0.331558562610914,-3.41084332742877e-06,0,47.344,0,5.04498371963571,0.730349964838643
67,friction,crossing,0.01,"[""FrictionCoefficient"",[1,1]]",1,1,240,,"",0.598629670892997,0.598579405205706,NaN,-0.318908244034934,-2.85787811667577e-06,0,51.382,1,3.78227049032183,0.712314550790452
68,samplePeriod,crossing,0.01,"[""SampleTime"",0.02]",1,1,240,,"",0.170122138465427,0.169502884721934,NaN,-0.251629577094495,-1.10388298194909e-05,0,126.469,138,4.89811287780791,0.649942774577176
69,samplePeriod,crossing,0.01,"[""SampleTime"",0.1]",1,1,240,,"",1.29498722531169,1.28679505789594,NaN,-0.505520896835362,-3.73161148054205e-06,0,27.662,0,3.14724146314692,0.7225489589153
70,samplePeriod,crossing,0.01,"[""SampleTime"",0.2]",1,1,240,,"",0.936257049193263,0.936257049193263,NaN,-0.965982491083458,-3.09148628631589e-06,0,18.517,0,3.3743979505849,0.837130666286054
71,slew,crossing,0.01,"[""SteeringRateMaximum"",0.3,""BrakingRatioRateMaximum"",2]",1,1,240,,"",0.63722046389431,0.629270171370856,NaN,-0.287086974732843,-3.01951347721355e-06,0,54.255,1,5.466703204357,0.396646405134527
72,slew,crossing,0.01,"[""SteeringRateMaximum"",0.7,""BrakingRatioRateMaximum"",2]",1,1,240,,"",0.267352795315435,0.267352795315435,NaN,-0.0581023048092369,-4.26641924966144e-06,0,52.436,1,5.83575134411369,0.458091915414619
73,speed,cruise,0,"[""ReferenceSpeed"",2]",1,1,240,,"",Inf,Inf,NaN,0.4,-2.62376085971569e-05,0,13.735,0,1.99999999823063,5.81311391767599e-24
74,speed,cruise,0,"[""ReferenceSpeed"",5]",1,1,240,,"",Inf,Inf,NaN,0.4,-9.99341240055167e-06,0,11.816,0,4.99999993850621,2.27202863395871e-22
75,speed,cruise,0,"[""ReferenceSpeed"",12]",1,1,240,,"",Inf,Inf,NaN,0.4,-9.24983315410908e-06,0,12.255,0,12,8.98695681464466e-22
76,speed,cruise,0,"[""ReferenceSpeed"",18]",1,1,240,,"",Inf,Inf,NaN,-7.35563290277241e-07,-1.52508750187317e-05,0,12.469,0,18,1.0648232421249e-21
77,friction,cruise,0,"[""FrictionCoefficient"",[0.2,0.2]]",1,1,240,,"",Inf,Inf,NaN,0.4,-4.6002509309098e-06,0,12.673,0,7.99999866259996,4.62242326681578e-21
78,friction,cruise,0,"[""FrictionCoefficient"",[0.4,0.4]]",1,1,240,,"",Inf,Inf,NaN,0.4,-1.02924171523445e-05,0,12.743,0,8,1.21555995889143e-20
79,friction,cruise,0,"[""FrictionCoefficient"",[1,1]]",1,1,240,,"",Inf,Inf,NaN,0.4,-8.42254880823345e-06,0,12.43,0,7.99999999414062,2.56029494363063e-22
80,samplePeriod,cruise,0,"[""SampleTime"",0.02]",1,1,240,,"",Inf,Inf,NaN,0.4,-1.68836486039787e-05,0,22.363,3,7.99999996088997,7.96766462818377e-23
81,samplePeriod,cruise,0,"[""SampleTime"",0.1]",1,1,240,,"",Inf,Inf,NaN,0.4,-7.08964080961043e-06,0,10.071,0,8,3.09221244185458e-21
82,samplePeriod,cruise,0,"[""SampleTime"",0.2]",1,1,240,,"",Inf,Inf,NaN,0.4,-4.04643682225511e-06,0,7.154,0,8,7.43962027227942e-21
83,slew,cruise,0,"[""SteeringRateMaximum"",0.3,""BrakingRatioRateMaximum"",2]",1,1,240,,"",Inf,Inf,NaN,0.4,-5.97861892098265e-06,0,14.379,0,8,5.56082601318177e-20
84,slew,cruise,0,"[""SteeringRateMaximum"",0.7,""BrakingRatioRateMaximum"",2]",1,1,240,,"",Inf,Inf,NaN,0.4,-8.32391212882882e-06,0,15.255,0,7.99999939893781,8.84889473703412e-20
85,speed,cruise,0.01,"[""ReferenceSpeed"",2]",1,1,240,,"",Inf,Inf,NaN,0.3838153732636,-2.50881346508133e-05,0,13.282,0,1.9999999874862,0.0161846267363997
86,speed,cruise,0.01,"[""ReferenceSpeed"",5]",1,1,240,,"",Inf,Inf,NaN,0.385491874723753,-9.45157731341989e-06,0,12.753,0,4.99999956085541,0.014508125276247
87,speed,cruise,0.01,"[""ReferenceSpeed"",12]",1,1,240,,"",Inf,Inf,NaN,0.395585775006602,-9.5043123605085e-06,0,13.611,0,12,0.00441422499322496
88,speed,cruise,0.01,"[""ReferenceSpeed"",18]",1,1,240,,"",Inf,Inf,NaN,-2.65287323486518e-06,-1.80043485764562e-05,0,21.112,0,18,0.0133523349049501
89,friction,cruise,0.01,"[""FrictionCoefficient"",[0.2,0.2]]",1,1,240,,"",Inf,Inf,NaN,0.389227645920435,-4.34334789468923e-06,0,14.531,0,7.99999904743268,0.0107723540794999
90,friction,cruise,0.01,"[""FrictionCoefficient"",[0.4,0.4]]",1,1,240,,"",Inf,Inf,NaN,0.388851573508721,-5.78190203033171e-06,0,14.888,0,8,0.0111484264912789
91,friction,cruise,0.01,"[""FrictionCoefficient"",[1,1]]",1,1,240,,"",Inf,Inf,NaN,0.38866291287779,-7.66116183804006e-06,0,18.516,0,7.99999939865106,0.0113370871220471
92,samplePeriod,cruise,0.01,"[""SampleTime"",0.02]",1,1,240,,"",Inf,Inf,NaN,0.388683945357817,-1.60883599565198e-05,0,22.863,59,7.99999867119142,0.0113160546421833
93,samplePeriod,cruise,0.01,"[""SampleTime"",0.1]",1,1,240,,"",Inf,Inf,NaN,0.388683946930981,-6.65647343441822e-06,0,9.283,0,8,0.0113160530684502
94,samplePeriod,cruise,0.01,"[""SampleTime"",0.2]",1,1,240,,"",Inf,Inf,NaN,0.388683848246466,-4.16039600671517e-06,0,7.449,0,8,0.0113161514282897
95,slew,cruise,0.01,"[""SteeringRateMaximum"",0.3,""BrakingRatioRateMaximum"",2]",1,1,240,,"",Inf,Inf,NaN,0.386676159060482,-2.46726633752164e-06,0,14.87,0,7.99976696219375,0.013250582534926
96,slew,cruise,0.01,"[""SteeringRateMaximum"",0.7,""BrakingRatioRateMaximum"",2]",1,1,240,,"",Inf,Inf,NaN,0.388682256552365,-5.20240219399538e-06,0,14.167,0,7.99999751230118,0.0113177431323784
97,noiseSeed,stationary,0.01,"[""Seed"",2.0260925E+7,""EgoErrorBound"",[0.03,0.03,0.003,0.03,0.03,0.003],""TargetErrorBound"",[0.30000000000000004,0.30000000000000004,0.15000000000000002,0.15000000000000002,0.03,0.03,0.03,0.03]]",1,1,240,,"",1.67649963882926,1.67260218546331,NaN,-0.395876267017477,-0.00225246273798334,0,55.206,1,5.91024723074539,0.795504397099598
98,noiseSeed,stationary,0.01,"[""Seed"",2.0260926E+7,""EgoErrorBound"",[0.03,0.03,0.003,0.03,0.03,0.003],""TargetErrorBound"",[0.30000000000000004,0.30000000000000004,0.15000000000000002,0.15000000000000002,0.03,0.03,0.03,0.03]]",1,1,240,,"",1.73171699824752,1.72402146687778,NaN,-0.390216485149185,-0.00532414318183852,0,49.856,0,5.99018478217893,0.78995511431626
99,noiseSeed,stationary,0.01,"[""Seed"",2.0260927E+7,""EgoErrorBound"",[0.03,0.03,0.003,0.03,0.03,0.003],""TargetErrorBound"",[0.30000000000000004,0.30000000000000004,0.15000000000000002,0.15000000000000002,0.03,0.03,0.03,0.03]]",1,1,240,,"",1.27385424564025,1.26791624814505,NaN,-0.322176264473766,-0.00429408210815425,0,48.411,0,5.77148398478428,0.722069874295202
100,noiseSeed,stationary,0.01,"[""Seed"",2.0260928E+7,""EgoErrorBound"",[0.03,0.03,0.003,0.03,0.03,0.003],""TargetErrorBound"",[0.30000000000000004,0.30000000000000004,0.15000000000000002,0.15000000000000002,0.03,0.03,0.03,0.03]]",1,1,240,,"",1.50959937202564,1.50897925041139,NaN,-0.372059412530299,-0.00413363256070783,0,53.58,1,5.88003811029207,0.771626187475789
101,noiseSeed,stationary,0.01,"[""Seed"",2.0260929E+7,""EgoErrorBound"",[0.03,0.03,0.003,0.03,0.03,0.003],""TargetErrorBound"",[0.30000000000000004,0.30000000000000004,0.15000000000000002,0.15000000000000002,0.03,0.03,0.03,0.03]]",1,1,240,,"",1.39528984556273,1.39528984556273,NaN,-0.347413767752165,-0.00802220929616638,0,49.698,0,5.68952698029813,0.747413767752165
102,noiseSeed,stationary,0.01,"[""Seed"",2.026093E+7,""EgoErrorBound"",[0.03,0.03,0.003,0.03,0.03,0.003],""TargetErrorBound"",[0.30000000000000004,0.30000000000000004,0.15000000000000002,0.15000000000000002,0.03,0.03,0.03,0.03]]",1,1,240,,"",1.24905471505366,1.24857455299467,NaN,-0.346216148413543,-0.00175758919543688,0,48.196,0,6.3104759706899,0.745674594677239
103,noiseSeed,stationary,0.01,"[""Seed"",2.0260931E+7,""EgoErrorBound"",[0.03,0.03,0.003,0.03,0.03,0.003],""TargetErrorBound"",[0.30000000000000004,0.30000000000000004,0.15000000000000002,0.15000000000000002,0.03,0.03,0.03,0.03]]",1,1,240,,"",1.71540240562428,1.71405390361405,NaN,-0.389804706023968,-0.00387234717200511,0,50.849,1,6.02122865519277,0.789573173437379
104,noiseSeed,stationary,0.01,"[""Seed"",2.0260932E+7,""EgoErrorBound"",[0.03,0.03,0.003,0.03,0.03,0.003],""TargetErrorBound"",[0.30000000000000004,0.30000000000000004,0.15000000000000002,0.15000000000000002,0.03,0.03,0.03,0.03]]",1,1,240,,"",2.04709733002158,2.03568654533538,NaN,-0.499507302413659,-0.0030898500550719,0,50.301,1,6.12040281231093,0.828420038394438
105,noiseSeed,oncoming,0.01,"[""Seed"",2.0260925E+7,""EgoErrorBound"",[0.03,0.03,0.003,0.03,0.03,0.003],""TargetErrorBound"",[0.30000000000000004,0.30000000000000004,0.15000000000000002,0.15000000000000002,0.03,0.03,0.03,0.03]]",1,1,240,,"",0.297229063879917,0.29634862517389,NaN,-0.113601698640655,-0.00283765019700571,0,44.525,0,4.38368483321513,0.505853918040212
106,noiseSeed,oncoming,0.01,"[""Seed"",2.0260926E+7,""EgoErrorBound"",[0.03,0.03,0.003,0.03,0.03,0.003],""TargetErrorBound"",[0.30000000000000004,0.30000000000000004,0.15000000000000002,0.15000000000000002,0.03,0.03,0.03,0.03]]",1,1,240,,"",0.324250419356539,0.323821855374348,NaN,-0.128005019637648,-0.00572312233720788,0,43.656,0,4.61695253681086,0.519928154156457
107,noiseSeed,oncoming,0.01,"[""Seed"",2.0260927E+7,""EgoErrorBound"",[0.03,0.03,0.003,0.03,0.03,0.003],""TargetErrorBound"",[0.30000000000000004,0.30000000000000004,0.15000000000000002,0.15000000000000002,0.03,0.03,0.03,0.03]]",1,1,240,,"",1.294119106869,1.294119106869,NaN,-0.384430387910378,-0.00422475040750711,0,42.62,0,5.88664481355048,0.784144362064606
108,noiseSeed,oncoming,0.01,"[""Seed"",2.0260928E+7,""EgoErrorBound"",[0.03,0.03,0.003,0.03,0.03,0.003],""TargetErrorBound"",[0.30000000000000004,0.30000000000000004,0.15000000000000002,0.15000000000000002,0.03,0.03,0.03,0.03]]",1,1,240,,"",0.290116137166033,0.28712723710869,NaN,-0.0935324941933016,-0.0044858702185198,0,46.078,0,4.55562047651172,0.493525172224121
109,noiseSeed,oncoming,0.01,"[""Seed"",2.0260929E+7,""EgoErrorBound"",[0.03,0.03,0.003,0.03,0.03,0.003],""TargetErrorBound"",[0.30000000000000004,0.30000000000000004,0.15000000000000002,0.15000000000000002,0.03,0.03,0.03,0.03]]",1,1,240,,"",0.37129372567853,0.363336101416149,NaN,-0.118785975939273,-0.00769471643559039,0,43.338,0,4.34285523016884,0.514677573741363
110,noiseSeed,oncoming,0.01,"[""Seed"",2.026093E+7,""EgoErrorBound"",[0.03,0.03,0.003,0.03,0.03,0.003],""TargetErrorBound"",[0.30000000000000004,0.30000000000000004,0.15000000000000002,0.15000000000000002,0.03,0.03,0.03,0.03]]",1,1,240,,"",0.928541229987133,0.928541229987133,NaN,-0.343422639946048,-0.00354224715513801,0,42.371,0,6.21673295289935,0.743235864108343
111,noiseSeed,oncoming,0.01,"[""Seed"",2.0260931E+7,""EgoErrorBound"",[0.03,0.03,0.003,0.03,0.03,0.003],""TargetErrorBound"",[0.30000000000000004,0.30000000000000004,0.15000000000000002,0.15000000000000002,0.03,0.03,0.03,0.03]]",1,1,240,,"",0.322660475894538,0.322077462149308,NaN,-0.114058855300104,-0.00410091579545812,0,41.575,0,4.43679326459297,0.507250586115112
112,noiseSeed,oncoming,0.01,"[""Seed"",2.0260932E+7,""EgoErrorBound"",[0.03,0.03,0.003,0.03,0.03,0.003],""TargetErrorBound"",[0.30000000000000004,0.30000000000000004,0.15000000000000002,0.15000000000000002,0.03,0.03,0.03,0.03]]",1,1,240,,"",0.369735539498605,0.367317860057613,NaN,-0.124684641347809,-0.00334909214318649,0,42.071,0,4.26756106454007,0.520974584744173
113,noiseSeed,crossing,0.01,"[""Seed"",2.0260925E+7,""EgoErrorBound"",[0.03,0.03,0.003,0.03,0.03,0.003],""TargetErrorBound"",[0.30000000000000004,0.30000000000000004,0.15000000000000002,0.15000000000000002,0.03,0.03,0.03,0.03]]",1,1,240,,"",1.41881647976579,1.41681378504437,NaN,-0.92427849836136,-0.00260326739261248,0,52.579,1,4.05119930881515,0.85496207207985
114,noiseSeed,crossing,0.01,"[""Seed"",2.0260926E+7,""EgoErrorBound"",[0.03,0.03,0.003,0.03,0.03,0.003],""TargetErrorBound"",[0.30000000000000004,0.30000000000000004,0.15000000000000002,0.15000000000000002,0.03,0.03,0.03,0.03]]",1,1,240,,"",1.50787085464015,1.50416658833287,NaN,-1.32987677544876,-0.00567679349578929,0,60.605,1,4.71305090208143,0.887611673199638
115,noiseSeed,crossing,0.01,"[""Seed"",2.0260927E+7,""EgoErrorBound"",[0.03,0.03,0.003,0.03,0.03,0.003],""TargetErrorBound"",[0.30000000000000004,0.30000000000000004,0.15000000000000002,0.15000000000000002,0.03,0.03,0.03,0.03]]",1,1,240,,"",1.34006948372223,1.33570232157131,NaN,-0.843478436397628,-0.00420195702984046,0,51.405,1,4.27362470731595,0.85422830983296
116,noiseSeed,crossing,0.01,"[""Seed"",2.0260928E+7,""EgoErrorBound"",[0.03,0.03,0.003,0.03,0.03,0.003],""TargetErrorBound"",[0.30000000000000004,0.30000000000000004,0.15000000000000002,0.15000000000000002,0.03,0.03,0.03,0.03]]",1,1,240,,"",1.4445366244075,1.44448341141244,NaN,-1.03773198158653,-0.00433995099925641,0,54.806,1,4.54701788696732,0.875273820096192
117,noiseSeed,crossing,0.01,"[""Seed"",2.0260929E+7,""EgoErrorBound"",[0.03,0.03,0.003,0.03,0.03,0.003],""TargetErrorBound"",[0.30000000000000004,0.30000000000000004,0.15000000000000002,0.15000000000000002,0.03,0.03,0.03,0.03]]",1,1,240,,"",1.39129411392167,1.39116345768894,NaN,-1.02876555621211,-0.00767080467862578,0,61.427,1,4.4757261039165,0.870602634145836
118,noiseSeed,crossing,0.01,"[""Seed"",2.026093E+7,""EgoErrorBound"",[0.03,0.03,0.003,0.03,0.03,0.003],""TargetErrorBound"",[0.30000000000000004,0.30000000000000004,0.15000000000000002,0.15000000000000002,0.03,0.03,0.03,0.03]]",1,1,240,,"",1.0450474251084,1.044568524105,NaN,-0.951559710945444,-0.00208823726128902,0,61.75,4,4.54489868732705,0.856479097663693
119,noiseSeed,crossing,0.01,"[""Seed"",2.0260931E+7,""EgoErrorBound"",[0.03,0.03,0.003,0.03,0.03,0.003],""TargetErrorBound"",[0.30000000000000004,0.30000000000000004,0.15000000000000002,0.15000000000000002,0.03,0.03,0.03,0.03]]",1,1,240,,"",1.26312601613922,1.26215365459665,NaN,-1.23953241996223,-0.00400118884164423,0,55.232,1,4.50441046400601,0.880329894186856
120,noiseSeed,crossing,0.01,"[""Seed"",2.0260932E+7,""EgoErrorBound"",[0.03,0.03,0.003,0.03,0.03,0.003],""TargetErrorBound"",[0.30000000000000004,0.30000000000000004,0.15000000000000002,0.15000000000000002,0.03,0.03,0.03,0.03]]",1,1,240,,"",1.70342737534354,1.70182394595185,NaN,-1.53181385958867,-0.00313478834775829,0,52.499,1,4.78652360393719,0.920405101708939
