time,controllerSeconds,horizonSteps,source,solverCalls,certifiedCandidates,rejectedCandidates,inherited,backup,clfSlack
0,9.377604,189,nominalContinuation,0,1,3,False,False,1.6006815586772756
0.05,7.88227,189,shiftedCertifiedPlan,0,2,1,False,False,4.1584923949940285
0.10000000000000002,7.767396,189,shiftedCertifiedPlan,0,2,1,False,False,7.368906186718458
0.15000000000000002,7.759054,189,shiftedCertifiedPlan,0,2,1,False,False,12.15273792497536
0.2,7.68002,189,shiftedCertifiedPlan,0,2,1,False,False,18.90185701968793
0.25,7.584282,189,shiftedCertifiedPlan,0,2,1,False,False,28.15163179996597
0.3,7.566382,189,shiftedCertifiedPlan,0,2,1,False,False,39.99443113876458
0.35,7.62091,189,shiftedCertifiedPlan,0,2,1,False,False,54.50716424797342
0.39999999999999997,7.581338,189,shiftedCertifiedPlan,0,2,1,False,False,65.45528252920846
0.44999999999999996,7.593744,189,shiftedCertifiedPlan,0,2,1,False,False,63.49776401396855
0.49999999999999994,7.535768,189,shiftedCertifiedPlan,0,2,1,False,False,61.35932865087034
0.5499999999999999,7.482199,189,shiftedCertifiedPlan,0,2,1,False,False,59.464247451653875
0.6,7.550505,189,shiftedCertifiedPlan,0,2,1,False,False,55.956190743168065
0.65,7.445533,189,shiftedCertifiedPlan,0,2,1,False,False,51.353660395335055
0.7000000000000001,7.440564,189,shiftedCertifiedPlan,0,2,1,False,False,46.086843576338254
0.7500000000000001,7.496205,189,shiftedCertifiedPlan,0,2,1,False,False,40.535337563398
0.8000000000000002,7.466973,189,shiftedCertifiedPlan,0,2,1,False,False,34.99032586988494
0.8500000000000002,7.501349,189,shiftedCertifiedPlan,0,2,1,False,False,29.669138149703826
0.9000000000000002,7.413123,189,shiftedCertifiedPlan,0,2,1,False,False,24.717227347119206
0.9500000000000002,7.465349,189,shiftedCertifiedPlan,0,2,1,False,False,20.223073513971713
1.0000000000000002,7.428791,189,shiftedCertifiedPlan,0,2,1,False,False,16.23155071762676
1.0500000000000003,12.245619,144,nominalContinuation,0,3,0,False,False,7.99901069674047
1.1000000000000003,10.583047,144,shiftedCertifiedPlan,0,3,0,False,False,0
1.1500000000000004,10.596374,144,shiftedCertifiedPlan,0,3,0,False,False,0
1.2000000000000004,10.711034,144,shiftedCertifiedPlan,0,3,0,False,False,0
1.2500000000000004,10.625533,144,shiftedCertifiedPlan,0,3,0,False,False,0
1.3000000000000005,10.510523,144,shiftedCertifiedPlan,0,3,0,False,False,0
1.3500000000000005,10.56696,144,shiftedCertifiedPlan,0,3,0,False,False,0
1.4000000000000006,10.617498,144,shiftedCertifiedPlan,0,3,0,False,False,0
1.4500000000000006,10.321007,144,shiftedCertifiedPlan,0,3,0,False,False,0
1.5000000000000007,10.378243,144,shiftedCertifiedPlan,0,3,0,False,False,0
1.5500000000000007,10.308196,144,shiftedCertifiedPlan,0,3,0,False,False,0
1.6000000000000008,10.263364,144,shiftedCertifiedPlan,0,3,0,False,False,0
1.6500000000000008,10.214023,144,shiftedCertifiedPlan,0,3,0,False,False,0
1.7000000000000008,10.144133,144,shiftedCertifiedPlan,0,3,0,False,False,0
1.7500000000000009,10.182623,144,shiftedCertifiedPlan,0,3,0,False,False,0
1.800000000000001,10.644698,144,shiftedCertifiedPlan,0,3,0,False,False,0
1.850000000000001,10.917117,144,shiftedCertifiedPlan,0,3,0,False,False,0
1.900000000000001,10.717781,144,shiftedCertifiedPlan,0,3,0,False,False,0
1.9500000000000008,10.555997,144,shiftedCertifiedPlan,0,3,0,False,False,0
2.000000000000001,10.724638,144,shiftedCertifiedPlan,0,3,0,False,False,0
2.0500000000000007,10.535783,144,shiftedCertifiedPlan,0,3,0,False,False,0
2.1000000000000005,10.617137,144,shiftedCertifiedPlan,0,3,0,False,False,0
2.1500000000000004,10.386499,144,shiftedCertifiedPlan,0,3,0,False,False,0
2.2,10.448086,144,shiftedCertifiedPlan,0,3,0,False,False,0
2.25,10.433356,144,shiftedCertifiedPlan,0,3,0,False,False,0
2.3,10.217578,144,shiftedCertifiedPlan,0,3,0,False,False,0
2.3499999999999996,9.778304,144,shiftedCertifiedPlan,0,3,0,False,False,0
2.3999999999999995,9.351159,144,shiftedCertifiedPlan,0,3,0,False,False,0
2.4499999999999993,9.280363,144,shiftedCertifiedPlan,0,3,0,False,False,0
2.499999999999999,9.264871,144,shiftedCertifiedPlan,0,3,0,False,False,0
2.549999999999999,9.324088,144,shiftedCertifiedPlan,0,3,0,False,False,0
2.5999999999999988,9.222674,144,shiftedCertifiedPlan,0,3,0,False,False,0
2.6499999999999986,9.238837,144,shiftedCertifiedPlan,0,3,0,False,False,0
2.6999999999999984,9.118302,144,shiftedCertifiedPlan,0,3,0,False,False,0
2.7499999999999982,9.183283,144,shiftedCertifiedPlan,0,3,0,False,False,0
2.799999999999998,9.142442,144,shiftedCertifiedPlan,0,3,0,False,False,0
2.849999999999998,9.112354,144,shiftedCertifiedPlan,0,3,0,False,False,0
2.8999999999999977,9.035569,144,shiftedCertifiedPlan,0,3,0,False,False,0
2.9499999999999975,9.082381,144,shiftedCertifiedPlan,0,3,0,False,False,0
2.9999999999999973,8.927698,144,shiftedCertifiedPlan,0,3,0,False,False,0
3.049999999999997,8.972989,144,shiftedCertifiedPlan,0,3,0,False,False,0
3.099999999999997,9.005868,144,shiftedCertifiedPlan,0,3,0,False,False,0
3.149999999999997,8.892554,144,shiftedCertifiedPlan,0,3,0,False,False,0
3.1999999999999966,8.86845,144,shiftedCertifiedPlan,0,3,0,False,False,0
3.2499999999999964,8.836277,144,shiftedCertifiedPlan,0,3,0,False,False,0
3.2999999999999963,8.823303,144,shiftedCertifiedPlan,0,3,0,False,False,0
3.349999999999996,8.8402,144,shiftedCertifiedPlan,0,3,0,False,False,0
3.399999999999996,8.784289,144,shiftedCertifiedPlan,0,3,0,False,False,0
3.4499999999999957,8.654737,144,shiftedCertifiedPlan,0,3,0,False,False,0
3.4999999999999956,8.66523,144,shiftedCertifiedPlan,0,3,0,False,False,0
3.5499999999999954,8.64705,144,shiftedCertifiedPlan,0,3,0,False,False,0
3.599999999999995,8.675974,144,shiftedCertifiedPlan,0,3,0,False,False,0
3.649999999999995,8.539425,144,shiftedCertifiedPlan,0,3,0,False,False,0
3.699999999999995,8.417098,144,shiftedCertifiedPlan,0,3,0,False,False,0
3.7499999999999947,8.551368,144,shiftedCertifiedPlan,0,3,0,False,False,0
3.7999999999999945,8.50639,144,shiftedCertifiedPlan,0,3,0,False,False,0
3.8499999999999943,8.437538,144,shiftedCertifiedPlan,0,3,0,False,False,0
3.899999999999994,8.4521,144,shiftedCertifiedPlan,0,3,0,False,False,0
3.949999999999994,8.429253,144,shiftedCertifiedPlan,0,3,0,False,False,0
3.999999999999994,8.228574,144,shiftedCertifiedPlan,0,3,0,False,False,0
4.049999999999994,8.203416,144,shiftedCertifiedPlan,0,3,0,False,False,0
4.099999999999993,8.518253,144,shiftedCertifiedPlan,0,3,0,False,False,0
4.149999999999993,8.123199,144,shiftedCertifiedPlan,0,3,0,False,False,0
4.199999999999993,8.276886,144,shiftedCertifiedPlan,0,3,0,False,False,0
4.249999999999993,8.100513,144,shiftedCertifiedPlan,0,3,0,False,False,0
4.299999999999993,8.06659,144,shiftedCertifiedPlan,0,3,0,False,False,0
4.3499999999999925,8.099736,144,shiftedCertifiedPlan,0,3,0,False,False,0
4.399999999999992,8.139186,144,shiftedCertifiedPlan,0,3,0,False,False,0
4.449999999999992,8.071557,144,shiftedCertifiedPlan,0,3,0,False,False,0
4.499999999999992,8.042492,144,shiftedCertifiedPlan,0,3,0,False,False,0
4.549999999999992,7.99286,144,shiftedCertifiedPlan,0,3,0,False,False,0
4.599999999999992,7.88889,144,shiftedCertifiedPlan,0,3,0,False,False,0
4.6499999999999915,7.897675,144,shiftedCertifiedPlan,0,3,0,False,False,0
4.699999999999991,7.888041,144,shiftedCertifiedPlan,0,3,0,False,False,0
4.749999999999991,7.888922,144,shiftedCertifiedPlan,0,3,0,False,False,0
4.799999999999991,7.723581,144,shiftedCertifiedPlan,0,3,0,False,False,0
4.849999999999991,7.762902,144,shiftedCertifiedPlan,0,3,0,False,False,0
4.899999999999991,7.699969,144,shiftedCertifiedPlan,0,3,0,False,False,0
4.94999999999999,7.617595,144,shiftedCertifiedPlan,0,3,0,False,False,0
4.99999999999999,7.58807,144,shiftedCertifiedPlan,0,3,0,False,False,0
5.04999999999999,7.633162,144,shiftedCertifiedPlan,0,3,0,False,False,0
5.09999999999999,7.529255,144,shiftedCertifiedPlan,0,3,0,False,False,0
5.14999999999999,7.534832,144,shiftedCertifiedPlan,0,3,0,False,False,0
5.1999999999999895,7.441176,144,shiftedCertifiedPlan,0,3,0,False,False,0
5.249999999999989,7.415621,144,shiftedCertifiedPlan,0,3,0,False,False,0
5.299999999999989,7.380886,144,shiftedCertifiedPlan,0,3,0,False,False,0
5.349999999999989,7.267242,144,shiftedCertifiedPlan,0,3,0,False,False,0
5.399999999999989,7.226401,144,shiftedCertifiedPlan,0,3,0,False,False,0
5.449999999999989,7.200662,144,shiftedCertifiedPlan,0,3,0,False,False,0
5.4999999999999885,7.221086,144,shiftedCertifiedPlan,0,3,0,False,False,0
5.549999999999988,7.143256,144,shiftedCertifiedPlan,0,3,0,False,False,0
5.599999999999988,7.185261,144,shiftedCertifiedPlan,0,3,0,False,False,0
5.649999999999988,7.068578,144,shiftedCertifiedPlan,0,3,0,False,False,0
5.699999999999988,7.046111,144,shiftedCertifiedPlan,0,3,0,False,False,0
5.749999999999988,6.981552,144,shiftedCertifiedPlan,0,3,0,False,False,0
5.799999999999987,6.951564,144,shiftedCertifiedPlan,0,3,0,False,False,0
5.849999999999987,6.924954,144,shiftedCertifiedPlan,0,3,0,False,False,0
5.899999999999987,6.926525,144,shiftedCertifiedPlan,0,3,0,False,False,0
5.949999999999987,6.884111,144,shiftedCertifiedPlan,0,3,0,False,False,0
5.999999999999987,6.864563,144,shiftedCertifiedPlan,0,3,0,False,False,0
6.0499999999999865,6.748403,144,shiftedCertifiedPlan,0,3,0,False,False,0
6.099999999999986,6.76532,144,shiftedCertifiedPlan,0,3,0,False,False,0
6.149999999999986,6.816715,144,shiftedCertifiedPlan,0,3,0,False,False,0
6.199999999999986,6.74979,144,shiftedCertifiedPlan,0,3,0,False,False,0
6.249999999999986,6.745759,144,shiftedCertifiedPlan,0,3,0,False,False,0
6.299999999999986,6.615566,144,shiftedCertifiedPlan,0,3,0,False,False,0
6.349999999999985,6.519955,144,shiftedCertifiedPlan,0,3,0,False,False,0
6.399999999999985,6.499478,144,shiftedCertifiedPlan,0,3,0,False,False,0
6.449999999999985,6.415069,144,shiftedCertifiedPlan,0,3,0,False,False,0
6.499999999999985,6.344811,144,shiftedCertifiedPlan,0,3,0,False,False,0
6.549999999999985,6.380756,144,shiftedCertifiedPlan,0,3,0,False,False,0
6.5999999999999845,6.316194,144,shiftedCertifiedPlan,0,3,0,False,False,0
6.649999999999984,6.247333,144,shiftedCertifiedPlan,0,3,0,False,False,0
6.699999999999984,6.326025,144,shiftedCertifiedPlan,0,3,0,False,False,0
6.749999999999984,6.644139,144,shiftedCertifiedPlan,0,3,0,False,False,0
6.799999999999984,6.651235,144,shiftedCertifiedPlan,0,3,0,False,False,0
6.849999999999984,6.267016,144,shiftedCertifiedPlan,0,3,0,False,False,0
6.8999999999999835,6.11364,144,shiftedCertifiedPlan,0,3,0,False,False,0
6.949999999999983,6.044008,144,shiftedCertifiedPlan,0,3,0,False,False,0
6.999999999999983,6.009256,144,shiftedCertifiedPlan,0,3,0,False,False,0
7.049999999999983,5.989232,144,shiftedCertifiedPlan,0,3,0,False,False,0
7.099999999999983,5.961865,144,shiftedCertifiedPlan,0,3,0,False,False,0
7.149999999999983,5.909623,144,shiftedCertifiedPlan,0,3,0,False,False,0
7.199999999999982,5.942124,144,shiftedCertifiedPlan,0,3,0,False,False,0
7.249999999999982,6.237502,144,shiftedCertifiedPlan,0,3,0,False,False,0
7.299999999999982,6.417336,144,shiftedCertifiedPlan,0,3,0,False,False,0
7.349999999999982,6.250391,144,shiftedCertifiedPlan,0,3,0,False,False,0
7.399999999999982,6.209554,144,shiftedCertifiedPlan,0,3,0,False,False,0
7.4499999999999815,6.092712,144,shiftedCertifiedPlan,0,3,0,False,False,0
7.499999999999981,6.123769,144,shiftedCertifiedPlan,0,3,0,False,False,0
7.549999999999981,5.999071,144,shiftedCertifiedPlan,0,3,0,False,False,0
7.599999999999981,5.91573,144,shiftedCertifiedPlan,0,3,0,False,False,0
7.649999999999981,5.901984,144,shiftedCertifiedPlan,0,3,0,False,False,0
7.699999999999981,5.849167,144,shiftedCertifiedPlan,0,3,0,False,False,0
7.7499999999999805,5.852117,144,shiftedCertifiedPlan,0,3,0,False,False,0
7.79999999999998,5.920107,144,shiftedCertifiedPlan,0,3,0,False,False,0
7.84999999999998,5.817505,144,shiftedCertifiedPlan,0,3,0,False,False,0
7.89999999999998,5.752901,144,shiftedCertifiedPlan,0,3,0,False,False,0
7.94999999999998,5.798637,144,shiftedCertifiedPlan,0,3,0,False,False,0
7.99999999999998,5.811874,144,shiftedCertifiedPlan,0,3,0,False,False,0
8.04999999999998,5.790465,144,shiftedCertifiedPlan,0,3,0,False,False,0
8.09999999999998,5.735963,144,shiftedCertifiedPlan,0,3,0,False,False,0
8.14999999999998,5.860266,144,shiftedCertifiedPlan,0,3,0,False,False,0
8.199999999999982,5.767181,144,shiftedCertifiedPlan,0,3,0,False,False,0
8.249999999999982,5.885147,144,shiftedCertifiedPlan,0,3,0,False,False,0
8.299999999999983,5.826912,144,shiftedCertifiedPlan,0,3,0,False,False,0
8.349999999999984,5.777717,144,shiftedCertifiedPlan,0,3,0,False,False,0
8.399999999999984,6.084141,144,shiftedCertifiedPlan,0,3,0,False,False,0
8.449999999999985,5.928684,144,shiftedCertifiedPlan,0,3,0,False,False,0
8.499999999999986,5.772726,144,shiftedCertifiedPlan,0,3,0,False,False,0
8.549999999999986,5.820108,144,shiftedCertifiedPlan,0,3,0,False,False,0
8.599999999999987,5.849845,144,shiftedCertifiedPlan,0,3,0,False,False,0
8.649999999999988,5.793527,144,shiftedCertifiedPlan,0,3,0,False,False,0
8.699999999999989,5.720525,144,shiftedCertifiedPlan,0,3,0,False,False,0
8.74999999999999,5.820564,144,shiftedCertifiedPlan,0,3,0,False,False,0
8.79999999999999,5.426284,144,shiftedCertifiedPlan,0,3,0,False,False,0
8.84999999999999,5.444662,144,shiftedCertifiedPlan,0,3,0,False,False,0
8.899999999999991,5.437199,144,shiftedCertifiedPlan,0,3,0,False,False,0
8.949999999999992,5.424594,144,shiftedCertifiedPlan,0,3,0,False,False,0
8.999999999999993,5.377181,144,shiftedCertifiedPlan,0,3,0,False,False,0
9.049999999999994,5.406094,144,shiftedCertifiedPlan,0,3,0,False,False,0
9.099999999999994,5.53637,144,shiftedCertifiedPlan,0,3,0,False,False,0
9.149999999999995,5.435778,144,shiftedCertifiedPlan,0,3,0,False,False,0
9.199999999999996,5.58833,144,shiftedCertifiedPlan,0,3,0,False,False,0
9.249999999999996,5.44954,144,shiftedCertifiedPlan,0,3,0,False,False,0
9.299999999999997,5.439549,144,shiftedCertifiedPlan,0,3,0,False,False,0
9.349999999999998,5.412007,144,shiftedCertifiedPlan,0,3,0,False,False,0
9.399999999999999,5.399183,144,shiftedCertifiedPlan,0,3,0,False,False,0
9.45,5.387063,144,shiftedCertifiedPlan,0,3,0,False,False,0
9.5,5.461673,144,shiftedCertifiedPlan,0,3,0,False,False,0
9.55,5.4782,144,shiftedCertifiedPlan,0,3,0,False,False,0
9.600000000000001,5.425212,144,shiftedCertifiedPlan,0,3,0,False,False,0
9.650000000000002,5.45048,144,shiftedCertifiedPlan,0,3,0,False,False,0
9.700000000000003,5.484886,144,shiftedCertifiedPlan,0,3,0,False,False,0
9.750000000000004,5.459631,144,shiftedCertifiedPlan,0,3,0,False,False,0
9.800000000000004,5.425119,144,shiftedCertifiedPlan,0,3,0,False,False,0
9.850000000000005,5.399054,144,shiftedCertifiedPlan,0,3,0,False,False,0
9.900000000000006,5.490713,144,shiftedCertifiedPlan,0,3,0,False,False,0
9.950000000000006,5.459742,144,shiftedCertifiedPlan,0,3,0,False,False,0
10.000000000000007,5.432809,144,shiftedCertifiedPlan,0,3,0,False,False,0
10.050000000000008,5.391619,144,shiftedCertifiedPlan,0,3,0,False,False,0
10.100000000000009,5.378033,144,shiftedCertifiedPlan,0,3,0,False,False,0
10.15000000000001,5.420642,144,shiftedCertifiedPlan,0,3,0,False,False,0
10.20000000000001,5.466941,144,shiftedCertifiedPlan,0,3,0,False,False,0
10.25000000000001,5.42793,144,shiftedCertifiedPlan,0,3,0,False,False,0
10.300000000000011,5.452895,144,shiftedCertifiedPlan,0,3,0,False,False,0
10.350000000000012,5.433212,144,shiftedCertifiedPlan,0,3,0,False,False,0
10.400000000000013,5.399993,144,shiftedCertifiedPlan,0,3,0,False,False,0
10.450000000000014,5.413488,144,shiftedCertifiedPlan,0,3,0,False,False,0
