time,controllerSeconds,horizonSteps,solverCalls,source,terminationReason,scvxConverged,hardResidual,predictiveBarrierValue
0,0.314323,76,0,feasibleInitialization,feasibleWitness,True,0,0
0.05,0.02155,75,0,feasibleInitialization,feasibleWitness,True,0,0
0.10000000000000002,0.021103,74,0,feasibleInitialization,feasibleWitness,True,0,0
0.15000000000000002,0.020912,73,0,feasibleInitialization,feasibleWitness,True,0,0
0.2,0.020641,72,0,feasibleInitialization,feasibleWitness,True,0,0
0.25,0.020461,71,0,feasibleInitialization,feasibleWitness,True,0,0
0.3,0.020211,70,0,feasibleInitialization,feasibleWitness,True,0,0
0.35,0.020064,69,0,feasibleInitialization,feasibleWitness,True,0,0
0.39999999999999997,0.019586,68,0,feasibleInitialization,feasibleWitness,True,0,0
0.44999999999999996,0.019113,67,0,feasibleInitialization,feasibleWitness,True,0,0
0.49999999999999994,0.018906,66,0,feasibleInitialization,feasibleWitness,True,0,0
0.5499999999999999,0.018911,65,0,feasibleInitialization,feasibleWitness,True,0,0
0.6,0.018349,64,0,feasibleInitialization,feasibleWitness,True,0,0
0.65,0.018057,63,0,feasibleInitialization,feasibleWitness,True,0,0
0.7000000000000001,0.017981,62,0,feasibleInitialization,feasibleWitness,True,0,0
0.7500000000000001,0.01751,61,0,feasibleInitialization,feasibleWitness,True,0,0
0.8000000000000002,0.017225,60,0,feasibleInitialization,feasibleWitness,True,0,0
0.8500000000000002,0.017119,59,0,feasibleInitialization,feasibleWitness,True,0,0
0.9000000000000002,0.016792,58,0,feasibleInitialization,feasibleWitness,True,0,0
0.9500000000000002,0.016568,57,0,feasibleInitialization,feasibleWitness,True,0,0
1.0000000000000002,0.016283,56,0,feasibleInitialization,feasibleWitness,True,0,0
1.0500000000000003,0.016013,55,0,feasibleInitialization,feasibleWitness,True,0,0
1.1000000000000003,0.015648,54,0,feasibleInitialization,feasibleWitness,True,0,0
1.1500000000000004,0.015181,53,0,feasibleInitialization,feasibleWitness,True,0,0
1.2000000000000004,0.015097,52,0,feasibleInitialization,feasibleWitness,True,0,0
1.2500000000000004,0.014857,51,0,feasibleInitialization,feasibleWitness,True,0,0
1.3000000000000005,0.014572,50,0,feasibleInitialization,feasibleWitness,True,0,0
1.3500000000000005,0.014411,49,0,feasibleInitialization,feasibleWitness,True,0,0
1.4000000000000006,0.013949,48,0,feasibleInitialization,feasibleWitness,True,0,0
1.4500000000000006,0.01371,47,0,feasibleInitialization,feasibleWitness,True,0,0
1.5000000000000007,0.013343,46,0,feasibleInitialization,feasibleWitness,True,0,0
1.5500000000000007,0.013119,45,0,feasibleInitialization,feasibleWitness,True,0,0
1.6000000000000008,0.012863,44,0,feasibleInitialization,feasibleWitness,True,0,0
1.6500000000000008,0.012533,43,0,feasibleInitialization,feasibleWitness,True,0,0
1.7000000000000008,0.012261,42,0,feasibleInitialization,feasibleWitness,True,0,0
1.7500000000000009,0.012047,41,0,feasibleInitialization,feasibleWitness,True,0,0
1.800000000000001,0.011715,40,0,feasibleInitialization,feasibleWitness,True,0,0
1.850000000000001,0.011393,39,0,feasibleInitialization,feasibleWitness,True,0,0
1.900000000000001,0.011054,38,0,feasibleInitialization,feasibleWitness,True,0,0
1.9500000000000008,0.0109,37,0,feasibleInitialization,feasibleWitness,True,0,0
