Scenario,Variant,Estimator,Trials,Failed,relativePositionRmse,targetSpeedRmse,relativeSpeedRmse,targetVelocityRmse,targetVelocityInertialRmse,courseRmseDeg,egoYawRmseDeg,targetAccelerationRmse,steadyRelativePositionRmse,steadyTargetSpeedRmse,steadyCourseRmseDeg,fullPositionRmse,fullSpeedRmse,meanStepMilliseconds,maximumStepMilliseconds
straightOncoming,nominal,structured,20,0,0.026684893881050914,0.06658351320480835,0.06550551134250632,0.09772231345387956,0.09995132188283926,0.28324717588599996,0.05124893297661132,0.1320842505323061,0.026054163992624325,0.06576914250667805,0.25655052500064063,0.1241366221178766,0.6148588057150949,2.0918045,5.286900000000001
straightOncoming,nominal,sharmaMatchedPredictor,20,0,0.051852477849160215,0.5467286725502529,0.5319163094555878,0.7667272085480277,0.7736799067424085,2.0698551916786188,0.23651024655236466,1.9796238442656637,0.05142458512300885,0.5460207501542799,1.9923962461808067,0.14338080170277562,2.476841992485638,0.3049098333333334,0.8285
straightOncoming,nominal,sharmaCertifiedHold,20,0,0.3416369971497349,2.5593900992710803,2.6166361753402727,3.2064563411728457,3.208278191730691,7.987162284758905,0.22595236978595704,22.851937451722396,0.3422812302144522,2.5535960903400925,7.933004574029186,0.3483592044614451,3.222985484157855,0.29504449999999993,0.35845
straightOncoming,nominal,sharmaCertifiedPredictor,20,13,0.1282384806334593,3.3310875735716143,3.3507477706114974,4.6808250082075125,4.6819826292539375,12.740660750733499,0.21887851566834401,33.049803565359554,0.127965585994791,3.2991643265119883,12.664932878119814,0.21259094152647867,5.997236108788118,0.3005219047619048,0.36600000000000005
straightOncoming,nominal,sharmaTunedPredictor,20,0,0.03499879308896224,0.1980437677741021,0.1359634343503746,0.4802125102737443,0.8172676749411965,3.0267965435232527,1.4525979454615274,0.3893834697586497,0.03460577033155601,0.20077493504575838,2.8744986834914377,0.10479149596166774,1.8641822369199652,0.292629,0.51435
straightOncoming,nominal,sharmaTunedCorrectedPredictor,20,0,0.03499879234392882,0.19804367556270447,0.1359634458375898,0.48021248035953495,0.8172676368456291,3.0267966546969594,1.4525979454615274,0.38938358889894004,0.03460577145583539,0.20077484299604217,2.8744987715677954,0.10479149629473186,1.864182234011745,0.29084183333333335,0.38945
straightOncoming,noiseFree,structured,1,0,0.000825423252505787,0.0135259179495095,0.00480424999323571,0.014913700583504,0.0236835740804377,0.0743417575559454,0.0510128388972844,0.0385779114602205,0.000420073458191496,0.00220089720915803,0.0224713660419398,0.121005798002487,0.612333184197198,2.03766333333333,5.224
straightOncoming,noiseFree,sharmaTunedPredictor,1,0,6.902565972656e-05,0.00930727592668168,0.000807336544485087,0.380774573667135,0.761231930905836,2.9068858136137,1.45328740304627,0.00332166096976285,1.56201862486583e-06,0.00874092718519752,2.74795122604587,0.0991401639154391,1.8585136692503,0.293343333333333,0.8
straightOncoming,noiseFree,sharmaTunedCorrectedPredictor,1,0,6.902565972656e-05,0.00930727592668168,0.000807336544485087,0.380774573667135,0.761231930905836,2.9068858136137,1.45328740304627,0.00332166096976285,1.56201862486583e-06,0.00874092718519752,2.74795122604587,0.0991401639154391,1.8585136692503,0.288823333333333,0.327
straightOncoming,sample20Hz,structured,5,0,0.04531650641499712,0.12170412694706198,0.12116314782025961,0.1607010192283274,0.16246279904021937,0.40947660921578954,0.05591001797425663,0.2114043247682386,0.0442809626833391,0.1244432417653212,0.38638467171919244,0.1504225911113676,0.6624325163236929,3.2201533333333336,6.5920000000000005
straightOncoming,sample20Hz,sharmaTunedPredictor,5,0,0.05891981614512466,0.34368803468197695,0.23514777617654356,0.6208026023801838,0.9140016343463996,3.233552913465368,1.4750496849536199,0.6241897400892208,0.05768274589270038,0.33579800160944034,3.09790403752269,0.14321814495436683,2.0230230343661857,0.6372,1.1218
straightOncoming,sample20Hz,sharmaTunedCorrectedPredictor,5,0,0.058919808253901064,0.34368804969008543,0.23514783136016898,0.6208027054710723,0.914001742920812,3.2335534889438664,1.4750496849536199,0.6241898778299038,0.057682743619955026,0.33579796696715,3.0979045377819476,0.1432181446906708,2.0230230361152177,0.6302966666666668,0.6998
straightOncoming,sample100Hz,structured,5,0,0.01952924341765026,0.05334561467288096,0.05014311484967944,0.07361312120372507,0.07640117919399811,0.208766428478999,0.05149197414801204,0.09887353438036314,0.020025759087331264,0.048909450774141376,0.198058345717503,0.11557737610327781,0.6038952860058687,1.7378760000000018,4.6954
straightOncoming,sample100Hz,sharmaTunedPredictor,5,0,0.0257057340201177,0.13950553299924778,0.10348350365594292,0.4375598179008898,0.7917386169330015,2.97659927829564,1.45131100672317,0.2895775589842936,0.025687383259245362,0.1382108845886108,2.8136457128769856,0.09300822736656286,1.81779571910034,0.177317,0.6734
straightOncoming,sample100Hz,sharmaTunedCorrectedPredictor,5,0,0.02570573547522876,0.1395054682635936,0.10348356127344656,0.437559832951969,0.7917386235188956,2.9765995108541836,1.45131100672317,0.2895777642380928,0.02568738005889056,0.138210803977625,2.8136459431392735,0.09300822754165103,1.817795713588938,0.1752833333333334,0.2304
straightOncoming,noise2x,structured,5,0,0.05572845634175838,0.1420348029196238,0.141815001689466,0.20111837165204238,0.2035812405147716,0.5511140685891577,0.053500774838643586,0.26506005938697746,0.05417765815865734,0.1383493154428414,0.4988071157560997,0.13395781462232978,0.6298739464598936,2.071435333333332,5.2528
straightOncoming,noise2x,sharmaTunedPredictor,5,0,0.0715135913135291,0.383410118831247,0.2807037887621782,0.6808377160143606,0.9534141925184247,3.3272430887884057,1.458846869461822,0.7906261999326966,0.07052675436280223,0.385826692377782,3.123556425709242,0.12150103368352541,1.870483106462844,0.2939673333333332,0.7888
straightOncoming,noise2x,sharmaTunedCorrectedPredictor,5,0,0.07151358137476509,0.383409713442202,0.280703739437148,0.6808374884130518,0.9534139209729039,3.32724345848765,1.458846869461822,0.7906260427743764,0.07052675345487763,0.385826385956052,3.1235569193908956,0.1215010286189288,1.8704831105921997,0.2893086666666666,0.3412
straightOncoming,largeOffset,structured,5,0,0.02789789264491494,0.08101586331717277,0.07189784649692074,0.1094449753179995,0.1240495207757804,0.35659007269474563,0.15376093213675518,0.1737084233506808,0.027089786654701197,0.06978202543376541,0.256676785876082,0.36418013678851857,1.897512902119826,2.058364666666666,5.1777999999999995
straightOncoming,largeOffset,sharmaTunedPredictor,5,0,0.03574893568702666,0.2213747382807842,0.14029287457627498,1.2782386947761002,2.505615734181708,9.508453223861554,4.747562876243906,0.3951019426368648,0.0352622306722291,0.2145362637880886,8.972566908652544,0.29847572145616963,5.758417745070243,0.290282,0.8042
straightOncoming,largeOffset,sharmaTunedCorrectedPredictor,5,0,0.03574893323519353,0.2213738663895008,0.1402928700432932,1.278238678382758,2.5056157190652977,9.5084540292039,4.747562876243906,0.3951019166549118,0.03526223005164226,0.21453545304330998,8.972567717006529,0.29847572263935895,5.758417741988746,0.2876526666666666,0.36
straightOncoming,radarDropout,structured,5,0,0.028341690199674217,0.07136882433121478,0.07023999240710821,0.09773646397694888,0.10025506790939295,0.2674923452623216,0.05194661209514626,0.1303920659257842,0.027032533613699422,0.07072714999966287,0.24986073390419777,0.12447851355510697,0.6172351530472336,2.023954,5.078799999999999
straightOncoming,radarDropout,sharmaTunedPredictor,5,0,0.044418016806026035,0.2051007584316718,0.16587520480897838,0.484537871053602,0.8211843441521376,3.035727664239908,1.4561824450595442,0.4371258765048596,0.03524827628458308,0.1927448050730926,2.841624328715894,0.10698579766249701,1.8551319931741699,0.2916999999999998,0.8382000000000002
straightOncoming,radarDropout,sharmaTunedCorrectedPredictor,5,0,0.044417943068116514,0.205100456712289,0.1658747590497402,0.48453774963492224,0.8211842419315971,3.035727726601592,1.4561824450595442,0.43712549383573907,0.03524827570796392,0.1927446657225412,2.841624408015382,0.10698577809963158,1.8551319863203797,0.2864539999999998,0.361
straightOncoming,kinematicMismatch,structured,5,0,0.027860832390776902,0.07166221727701676,0.07094187196960636,0.10408006089590201,0.11256203357140479,0.32867190345508024,0.08666116681697485,0.1358151183089452,0.027084985465019494,0.06924147933068706,0.330710998433168,0.12434035447989941,0.6175672689647432,2.037773999999998,5.089799999999999
straightOncoming,kinematicMismatch,sharmaTunedPredictor,5,0,0.03575481866888902,0.19186825817133363,0.1403098531297052,0.46875444386961984,0.7992477274486398,2.961143407127924,1.4211479160222418,0.3952989836217164,0.035262040110721884,0.1930041428446736,2.76852230572513,0.104668796232617,1.854232850501602,0.2942880000000002,0.7772
straightOncoming,kinematicMismatch,sharmaTunedCorrectedPredictor,5,0,0.035754816218585284,0.19186812111504178,0.1403098419683998,0.4687543771009114,0.7992476586065949,2.9611434471825318,1.4211479160222418,0.39529890075049223,0.03526203983134432,0.19300403304824437,2.7685223776837438,0.1046687960957482,1.854232856429224,0.2891180000000002,0.3492
circularCrossing,nominal,structured,20,0,0.026673467191077698,0.06596098059300824,0.06716400744308913,0.09813618081667645,0.10006088180510302,0.2860205076039274,0.06691116469192168,0.13584263351309994,0.02604909480244954,0.0656002717976927,0.2639509324380729,0.12435691227442333,0.42253707032900223,2.0336586666666667,5.242900000000001
circularCrossing,nominal,sharmaMatchedPredictor,20,0,0.051860957959794576,0.5497672572205518,0.5270858389682025,1.3388545112524595,2.322576703645077,8.59884037378879,4.193512213190718,1.993243098921069,0.05142561304968739,0.5438903523811307,4.0802852900531725,0.1433298433411026,2.218981111146271,0.30442566666666665,0.7985500000000001
circularCrossing,nominal,sharmaCertifiedHold,20,0,0.34181110466451725,2.486786044184836,2.6198160203302514,3.3778489144231414,3.914461315946491,12.38760513360963,4.537368935252293,22.837374483139115,0.34283420636734835,2.498666817236277,8.766095132140151,0.3515177262116669,3.0906069465407198,0.29528133333333334,0.37425
circularCrossing,nominal,sharmaCertifiedPredictor,20,0,0.1332039092309481,3.380759643554634,3.390310021506579,4.974005416715146,5.3420911841086625,15.929212211524083,4.366455816629802,34.56088811042282,0.12971921635623582,3.294043904566915,13.44722181050513,0.20797747351357349,5.6148613782759815,0.3038723333333333,0.3839
circularCrossing,nominal,sharmaTunedPredictor,20,0,0.034998329932530596,0.24598810355055103,0.1363897260673172,0.6820319267916333,1.2655876886129185,4.729286557001474,2.374484693755286,0.3930406037422133,0.03460168623858799,0.26060019682397095,4.440459153658621,0.10471496723172871,1.4332651099093352,0.29403266666666655,0.5062
circularCrossing,nominal,sharmaTunedCorrectedPredictor,20,0,0.034998349341482375,0.24604113856280158,0.13638504310521243,0.6830774819517982,1.2667258503297465,4.73368088410373,2.374484693755286,0.39286060041833054,0.034602022686282284,0.2606639683659142,4.444647463312236,0.1047237435563509,1.4334438650157222,0.29193516666666663,0.37225
circularCrossing,noiseFree,structured,1,0,0.000999665471181927,0.0078249628846992,0.00289882901414784,0.0161992742973599,0.024798263380846,0.0899262396511132,0.0663789805064391,0.0525109831614298,0.000537769070272257,0.00109485782941226,0.0686364768773038,0.121325720704414,0.415911691279508,2.02995666666667,5.041
circularCrossing,noiseFree,sharmaTunedPredictor,1,0,0.000132372090915411,0.143628930699609,0.000840849728952797,0.632905783793194,1.26061830631666,4.77134013872884,2.42412878091198,0.00931301601185956,7.6622139376658e-05,0.164498899421352,4.48387883188411,0.0991211308648143,1.42332358323479,0.295786666666667,0.783
circularCrossing,noiseFree,sharmaTunedCorrectedPredictor,1,0,8.06212466652599e-05,0.143737744133303,0.000621525393330065,0.634088289864292,1.26181024723157,4.77587566745357,2.42412878091198,0.00395468118392147,2.26876549875168e-06,0.164613996887365,4.48821566794081,0.0991300066190037,1.42350453665053,0.28903,0.343
circularCrossing,sample20Hz,structured,5,0,0.04532128148650388,0.12244743827578039,0.12279330150094121,0.161119938317629,0.1668162779607672,0.4309957284257412,0.18227154503819598,0.2139401816537966,0.04443111451697708,0.1258297706902462,0.4228132952027148,0.1507942174375968,0.45934499956613123,3.123265,6.5194
circularCrossing,sample20Hz,sharmaTunedPredictor,5,0,0.05895845789318466,0.3698365429785444,0.23842512800566898,0.720844257803076,1.171875290754764,4.241508712709878,2.059526839163456,0.6311047267929792,0.057702944148717725,0.36930002751243163,3.9590741965084284,0.1433022271271836,1.5693296469917937,0.634525,1.1386
circularCrossing,sample20Hz,sharmaTunedCorrectedPredictor,5,0,0.058954740298823916,0.369843910155316,0.23841954410130856,0.7215686920451816,1.172787298945296,4.2451766533813515,2.059526839163456,0.6309961835928785,0.057703834743088434,0.3693100774411084,3.9626328339829597,0.14331038787491562,1.56951104141682,0.6289516666666666,0.7102
circularCrossing,sample100Hz,structured,5,0,0.019570333818649942,0.05067802500464528,0.051139487113936156,0.07399731310745215,0.07613722132532383,0.21672894102332077,0.0407623886826709,0.10592250656102462,0.02006254999560212,0.04844273846840904,0.198544462910775,0.1158106061705414,0.41096405793315843,1.704304333333334,4.7714
circularCrossing,sample100Hz,sharmaTunedPredictor,5,0,0.025708902448198002,0.19238011701322102,0.1020814839714677,0.6233460037100141,1.188410415729918,4.469266967165917,2.2536179598407458,0.29270589286648196,0.025693780292739138,0.2033222963159796,4.217711132038863,0.09298506717380879,1.38939958986505,0.17641633333333337,0.6708000000000001
circularCrossing,sample100Hz,sharmaTunedCorrectedPredictor,5,0,0.0257102816734325,0.1924333301491618,0.10208432482909287,0.6243727302351078,1.189498135206462,4.473446908433594,2.2536179598407458,0.2926232540799572,0.025696045709153535,0.2033786144687478,4.221712105265334,0.09299422529116393,1.3895740350621462,0.17476766666666682,0.217
circularCrossing,noise2x,structured,5,0,0.055645613073755415,0.1400222888168894,0.1431849783195076,0.20128918420348882,0.20301631847963061,0.555702351181747,0.06847311635545769,0.263637794356599,0.05413321146299064,0.1358571570682252,0.5093968904994355,0.1337853246031372,0.4485857733688774,2.0161173333333338,5.057599999999999
circularCrossing,noise2x,sharmaTunedPredictor,5,0,0.07151321097407892,0.40651276937126973,0.2786362006232372,0.7726141084276813,1.2003296517843347,4.2956015997685295,2.045059102740488,0.7978502475948395,0.07051890009008663,0.41086675197557865,4.091731929310571,0.12123197046191399,1.4536904072783383,0.29144133333333316,0.7844
circularCrossing,noise2x,sharmaTunedCorrectedPredictor,5,0,0.07151169506348942,0.4065181867997284,0.27863096820673555,0.7732848065925146,1.2012073664492235,4.299166855430474,2.045059102740488,0.7978200570476643,0.07051946403160134,0.410886387791981,4.095027672826627,0.1212402515053066,1.4538578142937981,0.2885386666666666,0.31720000000000004
circularCrossing,largeOffset,structured,5,0,0.027844183814061656,0.07334967384506821,0.07155022957051475,0.11022597377046602,0.12484407247157021,0.38290290082288797,0.12126485527134141,0.1817536332979178,0.027098031021310743,0.06823690482582882,0.2601651813461908,0.3642751591681324,1.399816284786342,2.0300380000000002,5.127
circularCrossing,largeOffset,sharmaTunedPredictor,5,0,0.03575822055998144,0.24885439225765302,0.13927791503016002,0.7237669542026703,1.362442899582316,5.102076897664716,2.573020830733224,0.3993853699098294,0.035256930312619277,0.2643403933635352,4.827115009441516,0.29773041948861223,4.951615397807068,0.2928133333333334,0.792
circularCrossing,largeOffset,sharmaTunedCorrectedPredictor,5,0,0.035758183028002585,0.24892051936521004,0.139281248153941,0.724902876873892,1.3636612850132497,5.106761053079056,2.573020830733224,0.39928782699123844,0.035259491317805126,0.2644259274376128,4.831627710732827,0.29775845973656445,4.9522585911548616,0.289716,0.3372
circularCrossing,radarDropout,structured,5,0,0.028409744866002718,0.06877700648703791,0.06957248278254684,0.09777434919577818,0.09959430838555901,0.27329654433872896,0.06724277285269999,0.1325384269252518,0.026997738123583304,0.06918021523361531,0.2631015154961016,0.124570021922999,0.42666356609959105,1.999654666666666,5.0094
circularCrossing,radarDropout,sharmaTunedPredictor,5,0,0.04462148822220528,0.2467553739325182,0.163907171382712,0.6641097607345442,1.2247649268049219,4.5683567149581785,2.2928217888176943,0.44291342646293097,0.0352277849660892,0.2502697589051298,4.320066572888573,0.10688076763598461,1.426225076479926,0.2912573333333336,0.7849999999999999
circularCrossing,radarDropout,sharmaTunedCorrectedPredictor,5,0,0.04461074252505838,0.24678904714156458,0.16381775561107642,0.6651086376407205,1.225865496888718,4.572628955595951,2.2928217888176943,0.44268601415640985,0.035229622703762675,0.2503327445442848,4.324325281802961,0.1068868435017244,1.426401171518888,0.29003,0.38780000000000003
circularCrossing,kinematicMismatch,structured,5,0,0.0278125959658919,0.07067081390193378,0.07146584851253743,0.10372484330415954,0.12141610027905361,0.37475664103745343,0.1670763993477814,0.13792210743030758,0.0270721732286368,0.06870121724149808,0.386602805191206,0.1243961099338378,0.4260227932404284,2.0530806666666677,5.498600000000001
circularCrossing,kinematicMismatch,sharmaTunedPredictor,5,0,0.035757919096150205,0.23786547329107374,0.13931024501945583,0.6602209282341307,1.2257787628376762,4.5810316820932675,2.301372213839176,0.3991425966887516,0.03525737316789756,0.2502469033237788,4.334431073101608,0.1045130997684938,1.4257617195089158,0.2946686666666668,0.8622
circularCrossing,kinematicMismatch,sharmaTunedCorrectedPredictor,5,0,0.03575760856611364,0.23791588898090738,0.1393105471965428,0.6612329003732448,1.226879763227558,4.58528315127527,2.301372213839176,0.39907169546436494,0.03525955005927558,0.2503133817920572,4.338453478543948,0.10452255570484419,1.425939485694818,0.2909573333333332,0.3506
circularFollowing,nominal,structured,20,0,0.035167104672214324,0.14762124910671567,0.14212105338485442,0.20565185429816069,0.2070517799275004,0.5357042198044583,0.08590632180709487,0.44853629724515914,0.03469280411937719,0.14540878404095997,0.5261452734833074,0.08016107129686315,0.42717303249606237,2.029912916666667,5.252599999999999
circularFollowing,nominal,sharmaMatchedPredictor,20,0,0.07858041166540004,1.4287759110222,1.5927188448972494,2.251234838367502,1.972603474312562,5.0378879633632305,4.442541733662093,8.125222539154276,0.07881077004878331,1.429920393549393,5.0751226122937645,0.121516393059468,1.9623629040389226,0.3010691666666666,0.7993
circularFollowing,nominal,sharmaCertifiedHold,20,0,0.08500992514928658,3.0791366825275683,4.050080740718704,4.3643341202538135,4.337299319122804,11.490949258310419,2.0661708638593685,44.06156156154604,0.08462267864606396,3.074437660315617,11.493561292891407,0.09989370527321546,3.5012713152971022,0.2933206666666666,0.36319999999999997
circularFollowing,nominal,sharmaCertifiedPredictor,20,20,nan,nan,nan,nan,nan,nan,nan,nan,nan,nan,nan,nan,nan,nan,nan
circularFollowing,nominal,sharmaTunedPredictor,20,0,0.035397937794797336,0.252101378170016,0.1351761123292196,0.5712667103276707,0.32268263955271465,0.7395763246705213,1.8947012303920432,0.38873296116992107,0.034983323350420245,0.23581627903800717,0.7386167412328266,0.07838240407892513,0.6403927403305515,0.29159558333333335,0.5074000000000001
circularFollowing,nominal,sharmaTunedCorrectedPredictor,20,0,0.035399524229287896,0.25232191029698403,0.13522582841596123,0.5721290991067083,0.3227271120557651,0.7388061910954178,1.8947012303920432,0.3888028615085035,0.034983664698430686,0.23596728850950344,0.7380869520759621,0.07838738634646988,0.6405451532214617,0.29083166666666666,0.381
circularFollowing,noiseFree,structured,1,0,6.74467515931658e-05,0.000236670491154316,0.000633906768179463,0.000256764514286602,0.0232860935021692,0.0860728519929498,0.0860182079636395,0.0066190230841225,7.85099770985574e-09,3.708946944386e-08,0.0866301348189695,0.0722224454689767,0.402286769483604,2.03520166666667,5.202
circularFollowing,noiseFree,sharmaTunedPredictor,1,0,8.38000654750145e-05,0.154245045606361,0.000303704096137262,0.503714428760243,0.160189031342025,0.158945419732359,1.92181188918693,0.00610092200794987,5.37612465592982e-05,0.125618608199931,0.127505575154973,0.0700927010047158,0.609706457208164,0.29185,0.778
circularFollowing,noiseFree,sharmaTunedCorrectedPredictor,1,0,0.000131073625010023,0.154622995288038,0.000475846196807189,0.504726683959509,0.160304026996048,0.155509686397183,1.92181188918693,0.0114038763900515,0.00010512835785755,0.125920355900863,0.124815396244994,0.0700973264724006,0.609870555951767,0.288115,0.332
circularFollowing,sample20Hz,structured,5,0,0.059143387044101534,0.2434829929459402,0.2262858951903334,0.34310774594298304,0.3485872580597448,0.9215693511662622,0.21936810373226562,0.7423976154309775,0.05925711310853772,0.2412215645038854,0.9303763394864515,0.109843933072962,0.4976926775344416,3.1323183333333344,6.654000000000001
circularFollowing,sample20Hz,sharmaTunedPredictor,5,0,0.05907608684128648,0.35033528124572905,0.21193768533961038,0.6598930839691164,0.47743601151735315,1.1916341879527481,1.8659649521872541,0.6348677563620226,0.05917434912893824,0.3440314220650656,1.1952048213191258,0.1079752929123686,0.6834578334973832,0.6333691666666666,1.1313999999999997
circularFollowing,sample20Hz,sharmaTunedCorrectedPredictor,5,0,0.05907669796997748,0.35048196684688837,0.21203081663499482,0.6606057205410695,0.477442477673227,1.191075983311024,1.8659649521872541,0.6349972241646408,0.0591769483735207,0.34412719310818585,1.1948305456796,0.1079796664414852,0.6835764477172566,0.6274208333333331,0.6548
circularFollowing,sample100Hz,structured,5,0,0.02476349413437744,0.10311312809812523,0.10191075895332076,0.1463163489758448,0.1468424051322892,0.3863852909954072,0.04267210862475838,0.3204494766763256,0.024868676941542524,0.1041814045992369,0.388594410895287,0.06910312191104785,0.39861527639170935,1.8559791666666663,5.0522
circularFollowing,sample100Hz,sharmaTunedPredictor,5,0,0.024982752096731602,0.1963438130248914,0.09723253288618468,0.5015619763424672,0.24764219443646263,0.5551939782829252,1.7566659417702943,0.2783042997510402,0.0250667769930913,0.180291652950223,0.5510960719840404,0.06722071408564054,0.614492864200288,0.1935213333333332,0.7282
circularFollowing,sample100Hz,sharmaTunedCorrectedPredictor,5,0,0.024983145403940123,0.1965904654742934,0.09725691572483798,0.5024059513324837,0.2476968834794338,0.554338032724879,1.7566659417702943,0.2784144330181742,0.02506886182661614,0.18046664502243162,0.5505530158368732,0.06722501094113026,0.6146497275757308,0.1971243333333334,0.39039999999999997
circularFollowing,noise2x,structured,5,0,0.07305087750151543,0.3064786171553243,0.29426156575661155,0.4293868771177398,0.4302318238316466,1.1132833764978372,0.08535510259445996,0.937401224610144,0.07276334002551894,0.3001048379868126,1.1003704997378914,0.10168911095160407,0.5083281365167206,3.4652593333333335,24.7626
circularFollowing,noise2x,sharmaTunedPredictor,5,0,0.07335264533514436,0.4421341457833484,0.2737574250253134,0.7393231001739002,0.60353339508292,1.509267335894434,1.6988577337734658,0.8098691168964331,0.07318265230918634,0.43793204858038104,1.5343921521945458,0.10046657471576989,0.7290693612220229,0.36772499999999997,1.3084
circularFollowing,noise2x,sharmaTunedCorrectedPredictor,5,0,0.07335460459613784,0.4422242270067008,0.2738240161432296,0.7398481366762197,0.6035306690615474,1.50886934701246,1.6988577337734658,0.8097978349938237,0.07318297941018573,0.437973328980003,1.534113384837338,0.10047208380241121,0.7291738337716483,0.380156,0.6116
circularFollowing,largeOffset,structured,5,0,0.03652891642852106,0.15324955912454738,0.1489448057683266,0.21470195481125262,0.21605841696936362,0.5615480623801374,0.08450656671551164,0.46874454253277165,0.0363809631355895,0.15009243405625877,0.5549532827361414,0.21934136225489062,0.6596942058779682,2.562835666666664,6.939
circularFollowing,largeOffset,sharmaTunedPredictor,5,0,0.03668128575352034,0.26682677928587395,0.141241563586523,0.6136672772825515,0.33918328182713026,0.7682448989181567,2.05749436369763,0.40517291446175163,0.036592106711262284,0.25230705146872523,0.7748557822385285,0.2143075291315716,1.4307812461570781,0.3695033333333332,0.9318
circularFollowing,largeOffset,sharmaTunedCorrectedPredictor,5,0,0.03668401794450074,0.267074864587369,0.14129138513815542,0.6146043503342554,0.3392375748020846,0.7673852840078276,2.05749436369763,0.4052100265341762,0.03659361611603053,0.25247318909392036,0.774311683847808,0.2143274459036962,1.431148743327374,0.38052400000000003,0.8868
circularFollowing,radarDropout,structured,5,0,0.04494345068830374,0.17253422530246382,0.1675848596107426,0.2408330808063044,0.24200818976240018,0.6239327755080623,0.08550132825912926,0.5182839504562589,0.03638126898391993,0.15008614343228538,0.5549283543923723,0.08395731578662846,0.4389231069621425,2.3709073333333324,6.3534
circularFollowing,radarDropout,sharmaTunedPredictor,5,0,0.0438944756860166,0.26674003034413324,0.1562940564366576,0.5757625944692776,0.34375141291070743,0.7950249571180122,1.8564349786134677,0.4403840540809344,0.03659264170975361,0.2454346522017556,0.7732127382446947,0.08169672829557259,0.644081968057751,0.3487386666666666,1.1212
circularFollowing,radarDropout,sharmaTunedCorrectedPredictor,5,0,0.04390625419066318,0.26693495901678677,0.156266881581438,0.5765922999325321,0.343804326846762,0.7944548083856746,1.8564349786134677,0.4404577315280032,0.03659391944008748,0.2455723231959614,0.7727613258051106,0.08170447454486375,0.644223250401559,0.3552216666666668,0.5174
circularFollowing,kinematicMismatch,structured,5,0,0.036526457677305064,0.15370312324462404,0.149633287583845,0.2165506731176734,0.2167437223374316,0.5632646225317436,0.196122236479349,0.46864997138246156,0.036381355771942236,0.15068868069819102,0.5566570092314572,0.08042197570463502,0.4320692964191516,2.180558666666666,5.723000000000001
circularFollowing,kinematicMismatch,sharmaTunedPredictor,5,0,0.036678096077648,0.2584715507997504,0.1420036607151342,0.5702272286939893,0.3321055161068958,0.7652978664817177,1.8624546241281401,0.4049248573107892,0.03659189817442968,0.2459840353610796,0.7734966876557337,0.07861417272563855,0.6417886811647712,0.3061356666666666,0.8100000000000002
circularFollowing,kinematicMismatch,sharmaTunedCorrectedPredictor,5,0,0.03668063670316294,0.2586823850207458,0.1420509996088108,0.5710638651045439,0.3321494642282324,0.7645726577272025,1.8624546241281401,0.40496697682808,0.0365931557057646,0.2461233087594256,0.7730401365142311,0.07861994928671702,0.6419335775596798,0.3124416666666666,0.5054000000000001
avoidanceSwerve,nominal,structured,20,0,0.029701174099517797,0.07626091823953367,0.07773818029281165,0.14155306347677352,0.13971826937164059,0.557984214776418,0.08515497073845113,0.17256733882272407,0.030065052295715995,0.0742375036928139,0.4767704074616777,0.11955922438292221,0.5964187417706256,2.284406923076923,6.0266
avoidanceSwerve,nominal,sharmaMatchedPredictor,20,0,0.06494579657430274,3.393296290010194,0.5105701266630323,6.184000006990092,12.192266716139919,50.92454435291724,29.625625720175954,8.618579394847515,0.05845916065920762,3.332375685882604,47.11908093754663,0.1443232219652273,3.8624667549050153,0.3399835384615385,0.8374
avoidanceSwerve,nominal,sharmaCertifiedHold,20,0,0.2815245887448238,3.2042217779793445,3.4066621573787743,6.352393039014926,10.999359506231475,50.329487374356134,26.456862713778662,39.91003387165217,0.27483820341260135,3.370273161252662,50.58779965759421,0.2999397356818639,3.9505162185811415,0.3198287692307693,0.49975
avoidanceSwerve,nominal,sharmaCertifiedPredictor,20,20,nan,nan,nan,nan,nan,nan,nan,nan,nan,nan,nan,nan,nan,nan,nan
avoidanceSwerve,nominal,sharmaTunedPredictor,20,0,0.10872867329569114,0.3557653875047487,0.3434974660247462,1.739622879716969,1.9793966560010958,9.489107331058372,2.335791685187062,7.601454157387538,0.08780751534669154,0.25384983243624915,7.172341932416228,0.13308767900836926,1.8341300142970145,0.31880707692307697,0.54815
avoidanceSwerve,nominal,sharmaTunedCorrectedPredictor,20,0,0.10912344578024587,0.36061487511599066,0.34580880066451314,1.748483087853921,1.9895373690613287,9.539654413574876,2.335791685187062,7.664301318736092,0.08764553052615254,0.2570617228641075,7.1625253244807165,0.1333116456426871,1.8347875150554596,0.3170790769230769,0.5186
avoidanceSwerve,noiseFree,structured,1,0,0.0101709488069766,0.0282664278337362,0.0276496781712286,0.104806516157588,0.101883514505348,0.468005421838702,0.0848578951945789,0.117778973212032,0.00771932470182744,0.00796410103891605,0.344336688390497,0.116567152897044,0.591914529988822,2.17422461538461,6.5
avoidanceSwerve,noiseFree,sharmaTunedPredictor,1,0,0.102561458349981,0.305709574924475,0.313199218816168,1.71518831786886,1.92677280955096,9.29817297297491,2.05545174769614,7.59732279128902,0.079203545731762,0.166587161179519,6.64601322352317,0.127925073088574,1.82182025913216,0.322966153846154,0.791
avoidanceSwerve,noiseFree,sharmaTunedCorrectedPredictor,1,0,0.103008595180359,0.311229818622357,0.315672215039642,1.72437779143085,1.93746109126773,9.35161041489661,2.05545174769614,7.66079659943429,0.079046890019847,0.171670205660771,6.6352123011021,0.128173891955792,1.82246811568559,0.314095384615385,0.569
avoidanceSwerve,sample20Hz,structured,5,0,0.052675808620390875,0.1171150298358018,0.12684746268809519,0.301311006342449,0.29101777553653657,1.2738106093257322,0.21193560577384019,0.357153016993096,0.04824790964996798,0.10576660490964274,1.0808774504111036,0.147551665113904,0.6398953641210369,3.6348061538461516,7.892
avoidanceSwerve,sample20Hz,sharmaTunedPredictor,5,0,0.15115501305765983,0.44541399616671196,0.39762315662226816,1.7652617826589299,1.951225510122574,9.286969260401076,1.933651523914088,7.622791680403611,0.11947660961395778,0.360660962122806,6.932049345229056,0.179991821237603,1.969692890332686,0.6635984615384618,1.1538
avoidanceSwerve,sample20Hz,sharmaTunedCorrectedPredictor,5,0,0.1516872306324156,0.4492164568908536,0.39925841870492457,1.7742345862612818,1.9613415994898062,9.338312015054878,1.933651523914088,7.684335791996529,0.1192746759950782,0.3622965008040694,6.91946885805979,0.18030320586977497,1.9702881573365079,0.6579984615384613,0.9039999999999999
avoidanceSwerve,sample100Hz,structured,5,0,0.020080051091841418,0.05114216493976727,0.050118792987857694,0.08882417180137395,0.08962056974525409,0.3507343975966224,0.05304883852474575,0.1142206838963018,0.019056183291886943,0.04392918682724658,0.293115397285653,0.111786415175487,0.5858585773777704,1.88511046153846,5.197800000000001
avoidanceSwerve,sample100Hz,sharmaTunedPredictor,5,0,0.09578776485906264,0.3352012606611464,0.3262805285008168,1.7312097575671441,1.9831555307998223,9.521739361388306,2.4254780141150882,7.601673336850746,0.07686717583164633,0.21828090715600879,7.325988195148772,0.11865298278724701,1.7868652152440099,0.18581969230769219,0.6828000000000001
avoidanceSwerve,sample100Hz,sharmaTunedCorrectedPredictor,5,0,0.09616511969896094,0.340244683761468,0.3286566016897282,1.7397649347440598,1.9929664777354859,9.57058270677727,2.4254780141150882,7.663871103582489,0.07673835448248742,0.2226499746679566,7.317146706563255,0.118864309671905,1.7875247134796919,0.18538246153846158,0.3424
avoidanceSwerve,noise2x,structured,5,0,0.05732046030604369,0.1500964515647598,0.1502311494474692,0.2198735769494938,0.21921191167836743,0.7615878277449407,0.08513348071025331,0.28032454548344016,0.05953182922482976,0.15404133918207122,0.7398326749733052,0.1303140243390718,0.6093350521308994,2.3052449230769243,6.321599999999999
avoidanceSwerve,noise2x,sharmaTunedPredictor,5,0,0.12276245287433421,0.5043406638337816,0.4342946657828096,1.813073781465468,2.065601220794612,9.760215342085683,2.47901067441747,7.627445056127016,0.10797417031281975,0.4344862378514736,7.392380800670216,0.14560349473484177,1.849477887739814,0.3146332307692306,0.8236000000000001
avoidanceSwerve,noise2x,sharmaTunedCorrectedPredictor,5,0,0.12304069208666839,0.50825066275734,0.43656873203877333,1.8219336172207838,2.0757931293065504,9.81172431581293,2.47901067441747,7.691770660177701,0.10784134031967785,0.43698967960011537,7.383818796753426,0.1457661242194028,1.8502199044569902,0.311923076923077,0.5618
avoidanceSwerve,largeOffset,structured,5,0,0.029688451083224644,0.09083061117294622,0.07957965895644961,0.1479271854560118,0.154038174699513,0.593957045565913,0.1406328327445672,0.190867785220156,0.030421298209053,0.07894291899319199,0.4524022961513953,0.3504700313694864,1.836926278218136,2.3113310769230777,6.4544
avoidanceSwerve,largeOffset,sharmaTunedPredictor,5,0,0.1088608560703356,0.3551688768986518,0.35622840565658703,1.9838717913148158,2.634737422241088,12.77688501082306,4.643637906720196,7.816922311180976,0.08631442164529791,0.306263792781666,6.46899115782046,0.30053730605766865,5.597891644817134,0.3084240000000002,0.8150000000000001
avoidanceSwerve,largeOffset,sharmaTunedCorrectedPredictor,5,0,0.109422039990663,0.360905841238327,0.36076919873455787,1.998206357788354,2.649877320530794,12.855853292050579,4.643637906720196,7.900239203993436,0.08624969269063149,0.310479596792021,6.475548761578712,0.3006786048517756,5.598146113027751,0.30296984615384626,0.4314
avoidanceSwerve,radarDropout,structured,5,0,0.034128566896474685,0.08161846941010575,0.08750647200406941,0.135997468606994,0.13431730542231918,0.5068627124460514,0.08476164951714242,0.16479517686865058,0.030200326781044257,0.07845847739870512,0.444145944103657,0.1212540836055982,0.5965351289068169,2.2139581538461544,5.4808
avoidanceSwerve,radarDropout,sharmaTunedPredictor,5,0,0.42028450976083975,0.8372389049067872,0.7324190445658154,3.0952381196272762,3.2578943395537423,15.405622833159438,2.4854600861940677,10.64053471726592,0.09200846925294708,0.45698250905638194,6.975900355969058,0.3633199649268236,1.929478797571378,0.30863630769230765,0.7982000000000001
avoidanceSwerve,radarDropout,sharmaTunedCorrectedPredictor,5,0,0.41994267924491374,0.8491168490457,0.7469389550379334,3.106587106747822,3.269923641179696,15.46216115463534,2.4854600861940677,10.76496053894484,0.09212153624780405,0.4680707065820052,6.962510305340942,0.36304585131573835,1.9330803220799098,0.30137107692307674,0.47440000000000004
avoidanceSwerve,kinematicMismatch,structured,5,0,0.029484627235094096,0.0789496870170602,0.07896617091261782,0.1414776585567378,0.14607078614504437,0.5864281189050636,0.1334095274112848,0.16879653180752657,0.03039015706220078,0.07784530769141143,0.5885554013235824,0.1202489751198426,0.5966354495254691,2.1869636923076916,5.5906
avoidanceSwerve,kinematicMismatch,sharmaTunedPredictor,5,0,0.1070131418936074,0.3682591937093586,0.3504168078169614,1.745725304069376,2.004223602514066,9.610796082437032,2.4881558478753742,7.602066951539982,0.08703881422298228,0.264502246406019,7.161754992422404,0.1321750507073638,1.82496427517689,0.31406400000000023,0.7982
avoidanceSwerve,kinematicMismatch,sharmaTunedCorrectedPredictor,5,0,0.107386964986248,0.37324211178721617,0.35298162927056176,1.7548778875270759,2.0146826541285643,9.66307430410519,2.4881558478753742,7.6660008569882025,0.0868843655014073,0.2681940379641462,7.152778550948534,0.1323850930574934,1.8256674937592159,0.3241046153846156,0.4948
lowRelativeVelocity,nominal,structured,20,0,0.0290673310037144,0.08490828025795,0.08388544861702205,0.11949938646469141,0.11957552807655478,0.31446895397990404,0.006057843105992693,0.18307951448546328,0.028701587020597448,0.08310088608755009,0.30922815315027996,0.08576381453261532,0.4595009751417355,2.2236319166666663,5.609349999999999
lowRelativeVelocity,nominal,sharmaMatchedPredictor,20,0,0.05797317379368202,0.7846227385231674,0.7541996978955495,1.093134492201371,1.095626475697005,2.8598402036615536,0.24037861777108657,2.9732343274717286,0.05756122112718609,0.7840881364655992,2.8377951433784063,0.11094610932139734,1.356229835379517,0.3324518333333333,0.8286
lowRelativeVelocity,nominal,sharmaCertifiedHold,20,0,0.07157450334489598,1.8294989057378928,2.3305890346493574,2.588093904270951,2.588267553810965,6.913629450085549,0.12726373247471084,17.82691270611337,0.07090085251665518,1.8084404246541688,6.870792752619844,0.09169658003601244,2.0839264732328284,0.32551574999999994,0.48245000000000005
lowRelativeVelocity,nominal,sharmaCertifiedPredictor,20,5,0.13885628876569023,3.6126684924911845,4.821094841955441,5.085564557840433,5.085680118244484,13.724466366235054,0.14153274240541408,36.15346078720308,0.13695123462062125,3.517098443347518,13.663931298509336,0.1766168599594321,4.290958248353783,0.3218212222222221,0.45766666666666667
lowRelativeVelocity,nominal,sharmaTunedPredictor,20,0,0.035397387384051855,0.2003606393207394,0.13371436715839702,0.4135217275653046,0.28289967028668606,0.7467874383105014,1.1521893034125736,0.3848918679506242,0.03498298351248733,0.20030485434660988,0.7590475110243269,0.07833991342761544,0.9683464076879821,0.3130423333333333,0.5507
lowRelativeVelocity,nominal,sharmaTunedCorrectedPredictor,20,0,0.03539738876141531,0.2003606515221903,0.13371484766637326,0.41352174697374766,0.282899665294373,0.7467873267712173,1.1521893034125736,0.3848917745825359,0.03498298563853518,0.2003048709257816,0.7590474098314968,0.07833991471253247,0.9683464234400816,0.31546224999999994,0.46480000000000005
lowRelativeVelocity,noiseFree,structured,1,0,0.000178794110607378,0.000843977916431846,0.0014326051927663,0.00126333334774181,0.00097554503030045,0.00183241866244843,0.00210462944502196,0.00635697929222485,4.16563204109633e-08,2.50738789469295e-07,7.27398572546508e-07,0.0807100990168849,0.45269925670933,2.00265,5.018
lowRelativeVelocity,noiseFree,sharmaTunedPredictor,1,0,7.49384188366009e-05,0.000662464357174809,0.0002673553444216,0.301991133580276,0.00577690939472523,0.0214907656668363,1.15195387312249,0.00357263976609772,1.31190777229172e-11,3.80304671921466e-05,0.017569167635899,0.070048015705503,0.948861053883215,0.289195,0.775
lowRelativeVelocity,noiseFree,sharmaTunedCorrectedPredictor,1,0,7.49384188366009e-05,0.000662464357174809,0.0002673553444216,0.301991133580276,0.00577690939472523,0.0214907656668363,1.15195387312249,0.00357263976609772,1.31190777229172e-11,3.80304671921466e-05,0.017569167635899,0.070048015705503,0.948861053883215,0.288573333333333,0.332
lowRelativeVelocity,sample20Hz,structured,5,0,0.04867840133414526,0.13915999886070743,0.1337448956733544,0.20018986207392123,0.20030811994526337,0.5389489551334891,0.010287579488111237,0.30499776770366477,0.0490560662790393,0.1368200149171514,0.5556036154603762,0.108344322491939,0.49905211755941326,3.159856666666666,6.5738
lowRelativeVelocity,sample20Hz,sharmaTunedPredictor,5,0,0.059074411601786704,0.31244314872166623,0.2132754449191006,0.5424526675818715,0.44704342614675224,1.1971395756332162,1.1587089099304921,0.6288167783421869,0.059165332682536695,0.306897405110584,1.220060234713768,0.10787943916179601,1.015710488427436,0.6324625,1.1208
lowRelativeVelocity,sample20Hz,sharmaTunedCorrectedPredictor,5,0,0.05907441987260188,0.3124431677336974,0.2132762468009516,0.5424526622031658,0.44704343109817674,1.1971394698227138,1.1587089099304921,0.6288166644900177,0.05916534314311932,0.30689739900631224,1.220060053827602,0.10787944501003821,1.0157105214263422,0.6273783333333334,0.7340000000000001
lowRelativeVelocity,sample100Hz,structured,5,0,0.02053177946951054,0.06171672782130744,0.061037491372669714,0.08548744890518159,0.08553312449442237,0.22171002951174504,0.00487515729160519,0.13132500292306862,0.02056491000908732,0.06145100064495359,0.22448734670667259,0.0772060331763461,0.44229726086114785,1.7505251666666681,4.6096
lowRelativeVelocity,sample100Hz,sharmaTunedPredictor,5,0,0.024984537369044303,0.1394171921229872,0.09769480826102296,0.359945883261961,0.1959914494740766,0.5151635990842727,1.148754343687218,0.2752738975006862,0.02506557042238632,0.139118942593459,0.5070085408232179,0.06718822871104278,0.9405175394397297,0.1770736666666664,0.6708000000000001
lowRelativeVelocity,sample100Hz,sharmaTunedCorrectedPredictor,5,0,0.02498453914287306,0.1394171999003556,0.09769512454223371,0.3599458886471582,0.19599144525534942,0.515163514183275,1.148754343687218,0.275273877566286,0.02506556924744808,0.13911895445643357,0.5070084100419134,0.06718822959459572,0.9405175576877485,0.175815833333333,0.2354
lowRelativeVelocity,noise2x,structured,5,0,0.060329556406484075,0.1819798588698138,0.1754253602364292,0.2496968542665074,0.24985564270745617,0.6401127002273783,0.012115837374312639,0.3830431555684344,0.060608638849636645,0.1775542818063828,0.63994678447816,0.09991037300169932,0.487839775635546,2.053341,5.2128
lowRelativeVelocity,noise2x,sharmaTunedPredictor,5,0,0.07335161870943918,0.40562740358720567,0.27366770965839265,0.6533107265592728,0.5787852337750261,1.5459798414635122,1.1537617017424782,0.8017771587411368,0.0731839792934822,0.40118008732194943,1.597000521969562,0.10041094412240074,1.0228032435972474,0.297821,0.7828
lowRelativeVelocity,noise2x,sharmaTunedCorrectedPredictor,5,0,0.0733516084683306,0.4056274341199514,0.2736709423472724,0.6533106627172901,0.5787851625488296,1.5459790208045419,1.1537617017424782,0.8017766002386578,0.07318396837290704,0.40118019990867904,1.5969997277058399,0.10041093716330844,1.0228032856711171,0.28866133333333355,0.3484
lowRelativeVelocity,largeOffset,structured,5,0,0.03019098546541906,0.09106583147465833,0.09003756485196734,0.1250893956528736,0.1250996784357374,0.3207637620217218,0.00909605091015585,0.19302904945499,0.030304199901756756,0.08877501339693279,0.3199700832698952,0.24346783378836162,1.158220011116018,2.2724526666666676,5.671600000000001
lowRelativeVelocity,largeOffset,sharmaTunedPredictor,5,0,0.036679608613944883,0.2032811068105786,0.1408592989669972,1.026994804662322,0.2902746220369842,0.7757845414515033,3.7594738183737624,0.40116340227584646,0.03659156008919606,0.2009956031425808,0.8009244166506975,0.2152300685045992,1.306977532365074,0.3393506666666666,0.9
lowRelativeVelocity,largeOffset,sharmaTunedCorrectedPredictor,5,0,0.03667960581676138,0.20328109970509,0.140859799514324,1.0269948459702118,0.2902746035568802,0.7757844293826764,3.7594738183737624,0.40116327030623616,0.036591557313238134,0.2009956186685594,0.800924316853281,0.2152300689315188,1.3069775788421059,0.31936166666666643,0.512
lowRelativeVelocity,radarDropout,structured,5,0,0.03496363204499974,0.1005169690228626,0.09919566461867277,0.13576613247006658,0.13577673698341858,0.3382947911523225,0.006438656427174357,0.20584338856198178,0.03030975679474952,0.08876900452875917,0.32001146789070783,0.08722102493332282,0.46356586054585297,2.1087746666666662,5.39
lowRelativeVelocity,radarDropout,sharmaTunedPredictor,5,0,0.04390603713759191,0.21654836869151697,0.1561076597918894,0.42587991212891796,0.29978182181018226,0.7750857821317313,1.152788566975304,0.43613307713426935,0.03659221475133474,0.20065585288874602,0.7982057705348302,0.08165035652574408,0.9689672254393953,0.3083336666666666,0.7958000000000001
lowRelativeVelocity,radarDropout,sharmaTunedCorrectedPredictor,5,0,0.04390603187013421,0.21654833483966301,0.1561080839264404,0.42587988340141897,0.2997817832574658,0.7750856692416435,1.152788566975304,0.43613288579339693,0.0365922121078625,0.2006558722931216,0.7982056669805863,0.0816503546645949,0.9689672260318785,0.30128966666666657,0.38659999999999994
lowRelativeVelocity,kinematicMismatch,structured,5,0,0.030168707787553862,0.09098562544541292,0.08983177541769691,0.1280769807769048,0.12494633571878641,0.32019628053966065,0.1094616986948542,0.1916148029923334,0.030304711483891057,0.08878464487127077,0.31996359215385584,0.0856667848072475,0.461618062825017,2.059999333333334,5.1532
lowRelativeVelocity,kinematicMismatch,sharmaTunedPredictor,5,0,0.0366757851900812,0.20281757483305318,0.14071106695532182,0.409771566952523,0.289405182911674,0.7728546450056333,1.106001594272964,0.400875767392945,0.03659154508458974,0.20062806826303362,0.7981343309955149,0.07855427884952666,0.966494939646242,0.29305499999999995,0.7726000000000001
lowRelativeVelocity,kinematicMismatch,sharmaTunedCorrectedPredictor,5,0,0.03667578272499672,0.20281757063661,0.14071156759555561,0.4097715575687576,0.2894051659373404,0.7728545303248976,1.106001594272964,0.40087568448302935,0.036591542432269565,0.2006280838900658,0.7981342266357802,0.07855427821592188,0.9664949469170102,0.29107500000000003,0.33999999999999997
aggressiveEgo,nominal,structured,20,0,0.027458505207040972,0.07876800582590567,0.08119977284425023,0.1117167997634837,0.11339199881059021,0.3570898587302794,0.07058477806271637,0.14742042217851622,0.027160743044942585,0.08152023202623321,0.3571315552107831,0.08875952560911675,0.38149602680015754,2.0244469999999994,5.15395
aggressiveEgo,nominal,sharmaMatchedPredictor,20,0,0.05364222122427468,1.3344148859515914,0.5660303663378989,6.228397575952737,2.2232902063071687,8.14994723236089,32.018666138042285,3.8188749353535556,0.05302239563321772,1.621412369910087,9.584017290052316,0.11142854085601758,1.5139354309537185,0.30140500000000003,0.79255
aggressiveEgo,nominal,sharmaCertifiedHold,20,0,0.09648594797230156,2.6060081368405332,1.7694488550753764,9.398190156914103,3.8324215384440876,13.217948204689796,46.88981205657626,18.56709881247952,0.1034113872349169,2.959955734613428,14.76940681224714,0.11089241694739216,2.7377900499019785,0.29325100000000004,0.37344999999999995
aggressiveEgo,nominal,sharmaCertifiedPredictor,20,19,0.133233826699678,3.6059216947509,3.42928010850165,9.67589717103554,5.60051779560963,20.7928393565907,44.3759858953901,35.1630563176601,0.134928113840771,3.63480044803767,23.2598878874775,0.169254199547917,4.07743120271647,0.299313333333333,0.337
aggressiveEgo,nominal,sharmaTunedPredictor,20,0,0.044752660518851954,0.2745143810825152,0.3170215708503129,0.9361942745846343,0.42806360620495026,1.4368990026680257,4.013606157327794,3.1118263297918807,0.046751767756543154,0.29111915881007105,1.5301893170143892,0.08503864629237297,0.7336799307189209,0.29149208333333343,0.5025499999999999
aggressiveEgo,nominal,sharmaTunedCorrectedPredictor,20,0,0.04480170930040623,0.2732686839764642,0.3188360166762397,0.9411898322639042,0.42798162219127267,1.4409287927507437,4.013606157327794,3.1218328401154922,0.04692410076330174,0.28965062176592127,1.537682861217104,0.08502701972510364,0.7332300596578323,0.2912036666666666,0.35645
aggressiveEgo,noiseFree,structured,1,0,0.00121137999227891,0.0330498564215973,0.0253851171459897,0.0484286096489308,0.0521414797289889,0.176495773802232,0.0707498262325411,0.051262443016516,0.00127138701893749,0.0423868157248452,0.182866256001282,0.0843874768029169,0.375700114941599,2.01754333333333,5.141
aggressiveEgo,noiseFree,sharmaTunedPredictor,1,0,0.0274299511078123,0.221798929045233,0.282501074858621,1.006960425577,0.363023440947349,1.25922962788376,4.56946947517493,3.09114961476319,0.0310656366409115,0.263797557557796,1.32621694949473,0.0774370805915717,0.715259473179408,0.290221666666667,0.798
aggressiveEgo,noiseFree,sharmaTunedCorrectedPredictor,1,0,0.027512591991206,0.219883902628577,0.284226496965735,1.00902488844306,0.364088143326344,1.27165131077624,4.56946947517493,3.10115035466409,0.0313228856653134,0.261614238188768,1.34626009765174,0.0774247945105381,0.714701492326327,0.290545,0.319
aggressiveEgo,sample20Hz,structured,5,0,0.046102232459561396,0.1457326902668002,0.14021253853191157,0.2100910682927788,0.2143579328054998,0.687404870737397,0.17848434755877501,0.2628229869076018,0.046760355211916335,0.1599707178621018,0.7190368967794083,0.1099956804341804,0.4204778827808708,3.116260833333334,6.372999999999999
aggressiveEgo,sample20Hz,sharmaTunedPredictor,5,0,0.06847939811578566,0.3510965070254304,0.37233681813026226,0.9558585857092867,0.5535044809337417,1.8782872767665282,3.86118450174222,3.180024892465254,0.07088024968837892,0.3618120102630552,1.96168615341989,0.11562033747643138,0.7712472872681737,0.6347008333333334,1.1267999999999998
aggressiveEgo,sample20Hz,sharmaTunedCorrectedPredictor,5,0,0.06852213250384272,0.350358022493394,0.3738674018362318,0.9597790691298822,0.5536720941341777,1.8818705490268859,3.86118450174222,3.189437064692542,0.07106134133627083,0.36092978615476323,1.966092042662914,0.11560207133006739,0.7708666484025595,0.6318316666666666,0.6684
aggressiveEgo,sample100Hz,structured,5,0,0.0194114556204057,0.05554918890651841,0.057884377216801355,0.07657179905840525,0.0772542707050233,0.2353401576982946,0.035728598480324184,0.10430658082392943,0.019428885790456242,0.056837833965365535,0.2357112796084678,0.08076952401220658,0.3661277932603952,1.746748999999998,4.6906
aggressiveEgo,sample100Hz,sharmaTunedPredictor,5,0,0.035518311771898,0.245978302228849,0.2996572139283674,0.9227472220080356,0.3822144342388988,1.280255979000934,4.022938414000954,3.0907972962810097,0.03816865314294828,0.269051422165641,1.3585885223765,0.07377230007929683,0.7156335958880023,0.179143,0.6684
aggressiveEgo,sample100Hz,sharmaTunedCorrectedPredictor,5,0,0.03556414342224666,0.24447167049002322,0.3015172672106662,0.9278421946446074,0.3820975724069954,1.284996291724418,4.022938414000954,3.1009427654891804,0.03833897122409364,0.26730540184345697,1.3686378374240877,0.07376081976877724,0.7151510488505141,0.17980449999999998,0.2848
aggressiveEgo,noise2x,structured,5,0,0.05678183515788095,0.15793459731197482,0.15697887316952622,0.21572928797971822,0.21675197743039618,0.6498309208042581,0.0722983457557512,0.2936219860457272,0.0572777938888841,0.1566420439356116,0.649133482030226,0.10089751344424043,0.4060074416334518,2.037039666666666,5.319599999999999
aggressiveEgo,noise2x,sharmaTunedPredictor,5,0,0.0787325140302899,0.454192617770088,0.4026423460022528,1.081081333006054,0.668887256549144,2.152712506321324,4.147459052588538,3.1894400435551384,0.08037178859972707,0.4606622103042476,2.26873344198799,0.10594167574781539,0.8115297731154454,0.292971,0.7918000000000001
aggressiveEgo,noise2x,sharmaTunedCorrectedPredictor,5,0,0.07875149158808446,0.4534513641175512,0.40410162675282857,1.0854432673185819,0.6688215000042053,2.155354633756832,4.147459052588538,3.199302274282928,0.08043468913608297,0.4597590081964791,2.272586638674946,0.1059355081241276,0.8111306143738697,0.29148,0.354
aggressiveEgo,largeOffset,structured,5,0,0.0285482452134447,0.08433278370706718,0.08339938447584119,0.1164834865610986,0.11808355333424561,0.36205622622425276,0.07593305659925456,0.1615772880592924,0.028675008566277138,0.08701144360002963,0.3603663110681542,0.2540839097873122,0.8766578916776488,2.044579333333332,5.2278
aggressiveEgo,largeOffset,sharmaTunedPredictor,5,0,0.046054917745022364,0.2691525757639496,0.31628394868649023,0.936027892994928,0.42685791397732764,1.446864097331504,4.0250827027654115,3.111831973040808,0.04871145756262154,0.282595730186649,1.58702756903689,0.2186547427226182,1.6897080058179719,0.29343566666666654,0.7842
aggressiveEgo,largeOffset,sharmaTunedCorrectedPredictor,5,0,0.04610514184749268,0.2682066020318322,0.3183963234915418,0.9421421362893216,0.42637288687072117,1.447441464947098,4.0250827027654115,3.121972428395978,0.04885270348398396,0.2814546264151406,1.588629973812104,0.21864507780328077,1.689554020498828,0.2918590000000002,0.37320000000000003
aggressiveEgo,radarDropout,structured,5,0,0.032545223630121675,0.09170638424547076,0.08655279568553866,0.1239549885728672,0.12547152198188521,0.37356515789083444,0.07124917024253512,0.1634895598489872,0.02868414052685016,0.08703430684895282,0.36051544803135643,0.08977479648766065,0.38505001986442455,2.047202,5.312600000000001
aggressiveEgo,radarDropout,sharmaTunedPredictor,5,0,0.07648756754118424,0.288757437165695,0.33011422148712144,0.9843223015536205,0.512693076081854,1.8599428502131539,4.0102002407170385,3.1605709109286844,0.04871347789361154,0.28724627898872784,1.5741156156569738,0.10211103713504152,0.737031600600872,0.29571766666666666,0.7870000000000001
aggressiveEgo,radarDropout,sharmaTunedCorrectedPredictor,5,0,0.07669052235125662,0.2876792524548406,0.3319523321235538,0.9899134391422815,0.5130252741939583,1.864963707195806,4.0102002407170385,3.17058578048814,0.04885343467988566,0.28593227414766675,1.578552098254012,0.1022136797092867,0.7366238658336326,0.2942560000000002,0.3652
aggressiveEgo,kinematicMismatch,structured,5,0,0.028442096909650542,0.0830221421596124,0.081779081889331,0.1187853841274622,0.1166461459940524,0.358680382998493,0.16948275168451699,0.1532522206587462,0.02867122300695226,0.08500549287415524,0.3596175913225238,0.08854722203783329,0.38280778228835144,2.0413349999999997,5.2164
aggressiveEgo,kinematicMismatch,sharmaTunedPredictor,5,0,0.04608391434404524,0.2739878611945206,0.3176368190188894,0.9356595336087145,0.4311863900830354,1.455788121678586,4.015297275418332,3.094386698965018,0.04863337622009202,0.2856571404651184,1.5735277022627339,0.08532651601947105,0.732603310512508,0.2925709999999998,0.7958000000000001
aggressiveEgo,kinematicMismatch,sharmaTunedCorrectedPredictor,5,0,0.046128296388470005,0.2728453343068118,0.31951742558152857,0.941228570580717,0.43095595467979486,1.458559911425164,4.015297275418332,3.104546232187898,0.04877448592144866,0.284342825736314,1.5781479405510321,0.08531876352106282,0.7321872129245325,0.2910796666666666,0.3386
straightOncoming,nominal,sharmaScenarioTunedPredictor,20,0,0.024927947573630645,0.06154746374903265,0.05939063434508015,0.1188427813596358,0.142811166517228,0.4918292488691895,0.271345788429503,0.1332928862771595,0.02361258179792668,0.05806871007281468,0.4068819825793226,0.1296152587498198,0.8633722022026282,0.3218771666666667,1.7078
circularCrossing,nominal,sharmaScenarioTunedPredictor,20,0,0.02509790031876648,0.09451076243718234,0.047750386074065496,0.4697865141006699,0.9825773830860248,3.739171747310641,2.0065050688001707,0.14253729993862463,0.023639227982337616,0.08683628729646158,2.6403098501028635,0.12894158695184205,1.685885825953251,0.32324400000000003,1.045
circularFollowing,nominal,sharmaScenarioTunedPredictor,20,0,0.02495474573902543,0.13495353106282088,0.05340828803881631,0.4386328013648405,0.16613525241364935,0.35909539780960587,1.4894682708964506,0.09882760113846373,0.024293297002724316,0.11879897514781246,0.3015479064414469,0.09276041004318354,0.6130907172651512,0.3189400833333332,0.9157500000000001
avoidanceSwerve,nominal,sharmaScenarioTunedPredictor,20,0,0.06237879714712985,0.5486205516955441,0.5116011764104242,1.1714771825228465,1.6125920938902887,7.265309466429318,3.004923555797747,7.465730598215354,0.058664481893472196,0.5269947159013557,6.0143831134962245,0.14356560553317904,2.6785168287074432,0.3366310769230768,0.91005
lowRelativeVelocity,nominal,sharmaScenarioTunedPredictor,20,0,0.024983360963767753,0.05403856572929101,0.05414730529791467,0.3543237665851128,0.10429241592621985,0.3335827973683202,1.1169529390677149,0.09753908626000196,0.02429335615583996,0.050224664881638736,0.23683371660456873,0.0933267450002629,0.5727021182827887,0.33062383333333323,0.9371
aggressiveEgo,nominal,sharmaScenarioTunedPredictor,20,0,0.044752660518851954,0.2745143810825152,0.3170215708503129,0.9361942745846343,0.42806360620495026,1.4368990026680257,4.013606157327794,3.1118263297918807,0.046751767756543154,0.29111915881007105,1.5301893170143892,0.08503864629237297,0.7336799307189209,0.30937966666666666,0.8821999999999999
straightOncoming,noiseFree,sharmaMatchedPredictor,1,0,0.000189329412688156,0.0377596541069295,0.00235237552557716,0.0644808940024975,0.112164448377201,0.40330143047693,0.221018018105742,0.0127175827084429,7.2506412511133e-06,0.00743083507973961,0.137510642146988,0.135461132941869,2.43644287641292,0.306373333333333,1.125
straightOncoming,noiseFree,sharmaScenarioTunedPredictor,1,0,0.00698355308921044,0.0360668336786006,0.0387172904866759,0.0787032559474727,0.111554023369452,0.403710233676227,0.27049911634958,0.0864129931320031,0.00100888190264386,0.0302898248720372,0.295795809305145,0.126998797111994,0.861513505532387,0.29695,0.521
circularCrossing,noiseFree,sharmaMatchedPredictor,1,0,0.000192230077804559,0.106742086335594,0.00212662058103156,1.1518849593072,2.29005243663283,8.71896705855302,4.36265644916935,0.0138716108337228,2.39023286406553e-05,0.0654369839557518,3.56864812962989,0.135412885267357,2.17108052331062,0.300966666666667,0.849
circularCrossing,noiseFree,sharmaScenarioTunedPredictor,1,0,0.00702851227856866,0.0691542619486507,0.0123026982572438,0.45972150578113,0.981634038902527,3.74376626762453,2.01500536273982,0.0960771515808971,0.0018106163001109,0.0536943282378113,2.6403394872307,0.126386047341382,1.68114723717878,0.308003333333333,0.516
circularFollowing,noiseFree,sharmaMatchedPredictor,1,0,3.2951156978637e-05,0.0808264870845669,0.000864215813723685,0.28217844745111,0.0841567068818207,0.0856894572448349,1.07337178622891,0.00473765196695567,9.31130270566778e-10,1.81761558659344e-05,1.79915242343739e-05,0.0940693145068239,1.31484763475987,0.315445,1.059
circularFollowing,noiseFree,sharmaScenarioTunedPredictor,1,0,0.00497968371598236,0.114906268111751,0.0213167192423367,0.427189720963518,0.129348788420564,0.220414457534396,1.49093951582185,0.0636435605014757,0.000328865160627177,0.0960190466822702,0.0819944311091604,0.0893539486991287,0.609277782086258,0.313983333333333,0.516
avoidanceSwerve,noiseFree,sharmaMatchedPredictor,1,0,0.0392287265917754,3.46131274786416,0.0629680752765207,6.30176727492922,12.4770686563564,52.0248821837721,30.330373903329,8.39771929221548,0.0246260100592629,3.31775125736901,47.6756104515832,0.13417447908481,3.90600843716704,0.378716923076923,1.019
avoidanceSwerve,noiseFree,sharmaScenarioTunedPredictor,1,0,0.0341671802341362,0.133940441113966,0.0685131488380615,0.844679786331453,1.33888147078829,6.41153430357013,2.78990513865781,7.2046672124409,0.0249889257112353,0.0875577091581559,4.26656862298546,0.133239688803214,2.61305955134794,0.324264615384615,0.746
lowRelativeVelocity,noiseFree,sharmaMatchedPredictor,1,0,7.25674854978719e-05,0.00381632622480908,0.00113188421084127,0.0075921357278831,0.00473002370045629,0.0104693714953285,0.0256070118982324,0.00709061250990839,4.44341449021409e-11,3.02638081519683e-08,9.22478963263468e-08,0.0946119842191113,1.0999439788618,0.316488333333333,0.834
lowRelativeVelocity,noiseFree,sharmaScenarioTunedPredictor,1,0,0.00504345494427832,0.0204544667212949,0.0237886079498959,0.345622754846104,0.0678815102415205,0.242086763028448,1.11677476473647,0.0652334546208911,1.47491753510101e-06,0.00141120046861163,0.0127530650909362,0.0899290936953386,0.570735435482009,0.316426666666667,0.553
aggressiveEgo,noiseFree,sharmaMatchedPredictor,1,0,0.00634519359185344,1.18498272355271,0.0531170342054612,6.46290683757763,2.08757472623432,7.87911277655296,32.8713661389877,3.12525009035858,0.00719167445592461,1.51043471125025,9.2002630653758,0.0980194902791353,1.3803090437294,0.305851666666667,0.825
aggressiveEgo,noiseFree,sharmaScenarioTunedPredictor,1,0,0.0274299511078123,0.221798929045233,0.282501074858621,1.006960425577,0.363023440947349,1.25922962788376,4.56946947517493,3.09114961476319,0.0310656366409115,0.263797557557796,1.32621694949473,0.0774370805915717,0.715259473179408,0.33558,0.529
