group,scenario,curvature,uncertaintyScale,targetJerk,targetYawAcc,initialLateral,initialHeading,initialSpeed,roadBoundaries,horizonSeconds,confirmationRange,completed,passed,executedHolds,failureIdentifier,failureMessage,minNodeGap,minSampledGap,minDomainMargin,minTerminalMargin,maxClfResidual,recursiveFeasibilityGuaranteed,maxFrameMs
A-geometry,stationary,0,0,0,0,0,0,0,0,1.6,16,1,1,240,,"",9.27307660080599e-05,9.27307660080599e-05,0.048439253150617,0.144358047285843,-5.62969922733771e-06,1,943.015
A-geometry,stationary,0.005,0,0,0,0,0,0,0,1.6,16,1,1,240,,"",0.050482199759019,0.0499179914249381,0.0379924566575058,0.0826951609063489,-5.14355082873103e-06,1,162.094
A-geometry,stationary,-0.005,0,0,0,0,0,0,0,1.6,16,1,1,240,,"",0.0504821941005419,0.0499179876825636,0.037992456811848,0.0826951602608716,-5.14354110394105e-06,1,79.321
A-geometry,stationary,0.01,0,0,0,0,0,0,0,1.6,16,1,1,240,,"",0.0999690343779234,0.0994209557160086,0.0090439092187814,0.00682263887594892,-5.56651476663912e-06,1,58.209
A-geometry,stationary,-0.01,0,0,0,0,0,0,0,1.6,16,1,1,240,,"",0.0999690352033408,0.0994209542084159,0.0090439091820152,0.00682259249450273,-5.56651476612605e-06,1,136.508
A-geometry,stationary,0.015,0,0,0,0,0,0,0,1.6,16,1,1,240,,"",0.148138139452447,0.147453270006293,-0.0209058981192828,1.60114386134058e-05,-1.5350427808625e-06,1,57.653
A-geometry,stationary,-0.015,0,0,0,0,0,0,0,1.6,16,1,1,240,,"",0.148138138530897,0.14745326907975,-0.0209058982227745,1.60116011228006e-05,-1.53396286297106e-06,1,163.744
A-geometry,stationary,0.02,0,0,0,0,0,0,0,1.6,16,1,1,240,,"",0.197218887520609,0.197186708327277,-0.0431792684296853,1.60204477199777e-05,-5.42970166784705e-06,1,48.503
A-geometry,stationary,-0.02,0,0,0,0,0,0,0,1.6,16,1,1,240,,"",0.197218888447098,0.197186709580316,-0.0431792686186063,1.60204478320825e-05,-5.42970166782339e-06,1,50.244
A-geometry,oncoming,0,0,0,0,0,0,0,0,1.6,16,1,1,240,,"",0.0477434859701363,0.0380623123767851,-0.155012439138929,0.0222092600945734,-5.63477955853627e-06,1,39.96
A-geometry,oncoming,0.005,0,0,0,0,0,0,0,1.6,16,1,1,240,,"",0.101681407760221,0.0924368462245068,-0.173367333272693,0.00628577827782242,-5.59553081078381e-06,1,95.04
A-geometry,oncoming,-0.005,0,0,0,0,0,0,0,1.6,16,1,1,240,,"",0.101681390562023,0.0924368256054976,-0.173367334871678,0.00628578392669313,-5.59553085163022e-06,1,35.225
A-geometry,oncoming,0.01,0,0,0,0,0,0,0,1.6,16,1,1,240,,"",0.153478637811587,0.144534434626544,-0.193471020699892,0.000192304514063185,-5.55751754464561e-06,1,61.328
A-geometry,oncoming,-0.01,0,0,0,0,0,0,0,1.6,16,1,1,240,,"",0.153478634388057,0.144534431004019,-0.193471021796195,0.000192323770779573,-5.55751746934746e-06,1,56.489
A-geometry,oncoming,0.015,0,0,0,0,0,0,0,1.6,16,1,1,240,,"",0.201296917717002,0.192447038428528,-0.210384447753101,2.38599379839555e-05,-5.43576214988099e-06,1,155.673
A-geometry,oncoming,-0.015,0,0,0,0,0,0,0,1.6,16,1,1,240,,"",0.201296916629271,0.192447040737462,-0.210384446281034,2.38595770064576e-05,-5.4357621318681e-06,1,52.424
A-geometry,oncoming,0.02,0,0,0,0,0,0,0,1.6,16,1,1,240,,"",0.257532592685226,0.252651334970293,-0.225170482775168,1.67370973191694e-05,-5.42876287669061e-06,1,50.805
A-geometry,oncoming,-0.02,0,0,0,0,0,0,0,1.6,16,1,1,240,,"",0.257532547184123,0.252651244831646,-0.225170485352874,1.67371012794737e-05,-5.42876288391209e-06,1,31.45
A-geometry,crossing,0,0,0,0,0,0,0,0,1.6,16,1,1,240,,"",9.51967996780726,9.51967996780726,0.399855273069359,0.182328866769578,-5.75920305372379e-06,1,28.572
A-geometry,crossing,0.005,0,0,0,0,0,0,0,1.6,16,1,1,240,,"",0.181155927114046,0.176456785322889,-0.194439608696942,0.11416962638106,-5.60168471697602e-06,1,55.211
A-geometry,crossing,-0.005,0,0,0,0,0,0,0,1.6,16,1,1,240,,"",0.147100436653932,0.122085513502235,-0.190997354670717,0.034398433788377,-5.6016572441093e-06,1,51.457
A-geometry,crossing,0.01,0,0,0,0,0,0,0,1.6,16,1,1,240,,"",0.170805470386182,0.156727339202652,-0.211522528640848,0.120212122464926,-5.56585686916472e-06,1,50.31
A-geometry,crossing,-0.01,0,0,0,0,0,0,0,1.6,16,1,1,240,,"",0.120350524652063,0.0848078539375696,-0.257718668431111,1.60624102762963e-05,-5.56650549084689e-06,1,68.084
A-geometry,crossing,0.015,0,0,0,0,0,0,0,1.6,16,1,1,240,,"",0.16924363020602,0.169046758947795,-0.235230490226257,0.0269801551641546,-5.50106850991101e-06,1,52.79
A-geometry,crossing,-0.015,0,0,0,0,0,0,0,1.6,16,1,1,240,,"",0.131078185426944,0.112120929061666,-0.258301033032007,1.63548669795954e-05,-5.50108486304052e-06,1,48.335
A-geometry,crossing,0.02,0,0,0,0,0,0,0,1.6,16,1,1,240,,"",0.241881903139084,0.235701062962778,-0.286703257935467,1.60535791863814e-05,-5.13907684838132e-06,1,54.291
A-geometry,crossing,-0.02,0,0,0,0,0,0,0,1.6,16,1,1,240,,"",0.189924760185046,0.184308747001862,-0.206472933601504,0.11594955795968,-5.44092086027734e-06,1,68.587
A-geometry,cruise,0,0,0,0,0,0,0,0,1.6,16,1,1,240,,"",Inf,Inf,0.4,0.182404774101373,-6.4779775960483e-06,1,27.348
A-geometry,cruise,0.005,0,0,0,0,0,0,0,1.6,16,1,1,240,,"",Inf,Inf,0.394307564252542,0.178097736172348,-6.3942038634701e-06,1,39.017
A-geometry,cruise,-0.005,0,0,0,0,0,0,0,1.6,16,1,1,240,,"",Inf,Inf,0.394307564252542,0.178097736172348,-6.39420386366121e-06,1,27.623
A-geometry,cruise,0.01,0,0,0,0,0,0,0,1.6,16,1,1,240,,"",Inf,Inf,0.388683946493582,0.173699804508018,-6.32227976784219e-06,1,35.534
A-geometry,cruise,-0.01,0,0,0,0,0,0,0,1.6,16,1,1,240,,"",Inf,Inf,0.388683946493582,0.173699804508019,-6.3222797679176e-06,1,33.846
A-geometry,cruise,0.015,0,0,0,0,0,0,0,1.6,16,1,1,240,,"",Inf,Inf,0.383133853101341,0.16921710457552,-6.20526713634454e-06,1,33.305
A-geometry,cruise,-0.015,0,0,0,0,0,0,0,1.6,16,1,1,240,,"",Inf,Inf,0.383133853101341,0.169217104575521,-6.20526713634423e-06,1,44.401
A-geometry,cruise,0.02,0,0,0,0,0,0,0,1.6,16,1,1,240,,"",Inf,Inf,0.377662596358971,0.164656289530144,-6.08161840182835e-06,1,39.349
A-geometry,cruise,-0.02,0,0,0,0,0,0,0,1.6,16,1,1,240,,"",Inf,Inf,0.37766259635897,0.164656289530142,-6.08161840186497e-06,1,35.927
B-uncertainty,stationary,0,1,0.02,0,0,0,0,0,1.6,16,1,1,240,,"",0.315321796648659,0.315197646453834,-0.0208772550757551,0.0754765425184634,-5.03072851245174e-05,1,72.902
B-uncertainty,stationary,0,3,0.06,0,0,0,0,0,1.6,16,1,1,240,,"",0.949725813899401,0.948880152792693,-0.16257760964549,1.60200216747231e-05,-0.000273140979199618,1,91.162
B-uncertainty,stationary,0,10,0.2,0,0,0,0,0,1.6,16,1,1,240,,"",3.3932382177114,3.39068595345627,-2.4906829976537,1.60022361492818e-05,-0.00266557279002062,1,115.282
B-uncertainty,stationary,0.01,1,0.02,0,0,0,0,0,1.6,16,1,1,240,,"",0.422165440963937,0.42154119127423,-0.0548054362099364,1.6033143534766e-05,-0.000363893169109468,1,80.337
B-uncertainty,stationary,0.01,3,0.06,0,0,0,0,0,1.6,16,1,1,240,,"",0.389975961243259,0.386023944533568,-0.166268876368151,1.60040414508844e-05,-0.00279031186501315,1,158.699
B-uncertainty,stationary,0.01,10,0.2,0,0,0,0,0,1.6,16,1,1,240,,"",3.46930023731697,3.46930023731697,-2.74381734031982,1.60017432538073e-05,-0.0303941977386993,1,114.552
B-uncertainty,oncoming,0,1,0.02,0,0,0,0,0,1.6,16,1,1,240,,"",0.37038724184368,0.354888023388615,-0.212950505927997,0.00338136107287107,-3.18775617549832e-05,1,132.419
B-uncertainty,oncoming,0,3,0.06,0,0,0,0,0,1.6,16,1,1,240,,"",0.999392365488897,0.990286689980479,-0.286538595788037,5.68006014795286e-05,-0.000143996380720017,1,61.948
B-uncertainty,oncoming,0,10,0.2,0,0,0,0,0,1.6,16,1,1,240,,"",3.0538100674562,3.0538100674562,-0.77287476123514,1.60009294204455e-05,-0.00135972300133086,1,122.388
B-uncertainty,oncoming,0.01,1,0.02,0,0,0,0,0,1.6,16,1,1,240,,"",0.521578541516687,0.514523614442832,-0.258147349929451,1.60141974945849e-05,-0.000362225559936387,1,75.281
B-uncertainty,oncoming,0.01,3,0.06,0,0,0,0,0,1.6,16,1,1,240,,"",0.169336943160455,0.169017544906958,-0.115983374387416,1.60199614992196e-05,-0.00273561482404339,1,71.828
B-uncertainty,oncoming,0.01,10,0.2,0,0,0,0,0,1.6,16,0,0,60,collisionAvoidanceController:optimizationFailed,"The hard-safety, soft-CLF search failed at t=3 s (Fixed-direction trajectory optimization failed: solverRejected: solver exit flag -2: Clarabel status 2). No command was issued.",7.69699618860751,7.69699618860751,0.0663906077476781,1.60027789841977e-05,-0.200879848174714,1,238.21
B-uncertainty,crossing,0,1,0.02,0,0,0,0,0,1.6,16,1,1,240,,"",9.52078046964068,9.52078046964068,0.399692650699634,0.178150476303474,-2.13069810293781e-05,1,83.827
B-uncertainty,crossing,0,3,0.06,0,0,0,0,0,1.6,16,1,1,240,,"",9.52295275904842,9.52295275904842,0.39904723639221,0.169668860448996,-7.66807761359587e-05,1,30.881
B-uncertainty,crossing,0,10,0.2,0,0,0,0,0,1.6,16,1,1,240,,"",9.53052822125697,9.53052822125697,0.396796640035224,0.139978058207631,-0.000673248563052575,1,27.454
B-uncertainty,crossing,0.01,1,0.02,0,0,0,0,0,1.6,16,1,1,240,,"",0.435508769184273,0.435508769184273,-0.259165324867584,0.0719888035487188,-0.00036234300297016,1,90.17
B-uncertainty,crossing,0.01,3,0.06,0,0,0,0,0,1.6,16,1,1,240,,"",1.36377748439164,1.36068970013421,-0.928009714780186,1.60151511146844e-05,-0.00273774490307965,1,55.391
B-uncertainty,crossing,0.01,10,0.2,0,0,0,0,0,1.6,16,0,0,0,collisionAvoidanceController:optimizationFailed,"The hard-safety, soft-CLF search failed at t=0 s (Fixed-direction trajectory optimization failed: solverRejected: solver exit flag -2: Clarabel status 2). No command was issued.",Inf,Inf,Inf,NaN,NaN,0,220.064
C-targetJerk,oncoming,0,0,0.1,0,0,0,0,0,1.6,16,1,1,240,,"",0.324965794746209,0.324335859278112,-0.127996761602069,0.0495566542908716,-5.61833290444106e-06,1,35.508
C-targetJerk,oncoming,0,0,0.5,0,0,0,0,0,1.6,16,1,1,240,,"",0.240586244589794,0.208036641056565,0.372967250777367,0.177007135444334,-5.56645184133987e-06,1,30.198
C-targetJerk,oncoming,0,0,1,0,0,0,0,0,1.6,16,1,1,240,,"",2.34117586336075,2.34000888381114,0.399943516652877,0.182364243245247,-4.22334224917001e-06,1,24.17
C-targetYawAcc,oncoming,0,0,0,0.1,0,0,0,0,1.6,16,1,1,240,,"",0.638612911614436,0.637927774158516,-0.280808393139717,1.61524656034917e-05,-5.6492926202799e-06,1,30.069
C-targetYawAcc,oncoming,0,0,0,0.5,0,0,0,0,1.6,16,1,1,240,,"",0.406791069652382,0.339313036665434,-0.850491675162113,1.57700300255637e-05,-5.5238210380497e-06,1,32.45
C-targetJerk,crossing,0,0,0.1,0,0,0,0,0,1.6,16,1,1,240,,"",9.52022098471175,9.52022098471175,0.39985572562167,0.182329097345341,-5.75995450468777e-06,1,16.224
C-targetJerk,crossing,0,0,0.5,0,0,0,0,0,1.6,16,1,1,240,,"",9.52238577956041,9.52238577956041,0.399856322127606,0.182329398785773,-5.7608900676632e-06,1,16.28
C-targetJerk,crossing,0,0,1,0,0,0,0,0,1.6,16,1,1,240,,"",9.52509203528518,9.52509203528518,0.399857073542122,0.182329780803697,-5.76207979918399e-06,1,25.234
C-targetYawAcc,crossing,0,0,0,0.1,0,0,0,0,1.6,16,1,1,240,,"",9.52911006026078,9.52911006026078,0.399855765419992,0.182329117248427,-5.76001748305802e-06,1,16.544
C-targetYawAcc,crossing,0,0,0,0.5,0,0,0,0,1.6,16,1,1,240,,"",9.56716897535514,9.56716897535514,0.399855880689825,0.182329175481152,-5.76020481413341e-06,1,20.024
D-initLateral,cruise,0,0,0,0,0.5,0,0,0,1.6,16,1,1,240,,"",Inf,Inf,0.3530825137295,0.136595127806554,-5.54457876415645e-06,1,16.552
D-initLateral,cruise,0,0,0,0,1,0,0,0,1.6,16,1,1,240,,"",Inf,Inf,0.306165004418312,0.0908073975824865,-5.53749095944243e-06,1,19.05
D-initLateral,cruise,0,0,0,0,2,0,0,0,1.6,16,1,1,240,,"",Inf,Inf,0.212329961037405,0.00453759393866607,-5.53114811862626e-06,1,11.535
D-initLateral,cruise,0,0,0,0,3,0,0,0,1.6,16,1,1,240,,"",Inf,Inf,0.118480192506173,5.02460169230501e-05,-5.52697948880264e-06,1,31.346
D-initHeading,cruise,0,0,0,0,0,0.1,0,0,1.6,16,1,1,240,,"",Inf,Inf,0.3,0.17181291638383,-5.56440946354609e-06,1,19.121
D-initHeading,cruise,0,0,0,0,0,0.2,0,0,1.6,16,1,1,240,,"",Inf,Inf,0.2,0.161221566927055,-5.55549438557346e-06,1,28.359
D-initHeading,cruise,0,0,0,0,0,0.3,0,0,1.6,16,1,1,240,,"",Inf,Inf,0.1,0.150634763372731,-5.55093010364787e-06,1,24.743
D-initSpeed,cruise,0,0,0,0,0,0,-2,0,1.6,16,1,1,240,,"",Inf,Inf,0.4,1.64417320726307e-05,-5.64930268918776e-06,1,16.424
D-initSpeed,cruise,0,0,0,0,0,0,2,0,1.6,16,1,1,240,,"",Inf,Inf,0.4,1.63747651627522e-05,-5.64959932418388e-06,1,15.257
D-initLateral,cruise,0.01,0,0,0,0.5,0,0,0,1.6,16,1,1,240,,"",Inf,Inf,0.341686513021003,0.127182770686503,-5.49005854362511e-06,1,12.781
D-initLateral,cruise,0.01,0,0,0,1,0,0,0,1.6,16,1,1,240,,"",Inf,Inf,0.294689094385424,0.0806934669786498,-5.4839113745304e-06,1,10.226
D-initLateral,cruise,0.01,0,0,0,2,0,0,0,1.6,16,1,1,240,,"",Inf,Inf,0.200693921053027,0.00126010748772651,-5.47725818191421e-06,1,11.251
D-initLateral,cruise,0.01,0,0,0,3,0,0,0,1.6,16,1,1,240,,"",Inf,Inf,0.106677392755659,4.23242382530387e-05,-5.47319827053724e-06,1,10.185
D-initHeading,cruise,0.01,0,0,0,0,0.1,0,0,1.6,16,1,1,240,,"",Inf,Inf,0.311316052296675,0.162602144418525,-5.50613696961569e-06,1,12.585
D-initHeading,cruise,0.01,0,0,0,0,0.2,0,0,1.6,16,1,1,240,,"",Inf,Inf,0.211316052296675,0.151504351805254,-5.49992260867708e-06,1,10.692
D-initHeading,cruise,0.01,0,0,0,0,0.3,0,0,1.6,16,1,1,240,,"",Inf,Inf,0.111316052296675,0.140410846618461,-5.49665795876955e-06,1,13.075
D-initSpeed,cruise,0.01,0,0,0,0,0,-2,0,1.6,16,1,1,240,,"",Inf,Inf,0.387240765161076,1.62864619480119e-05,-5.56953008655844e-06,1,11.976
D-initSpeed,cruise,0.01,0,0,0,0,0,2,0,1.6,16,1,1,240,,"",Inf,Inf,0.388340889178887,1.62824082683422e-05,-5.56648829741344e-06,1,11.407
D-initLateral,stationary,0,0,0,0,0.5,0,0,0,1.6,16,1,0,240,,"",9.40276844456061e-05,-4.52744010850381e-05,0.154145154035182,0.145277508080447,-5.57416869638889e-06,1,47.526
D-initLateral,stationary,0,0,0,0,1,0,0,0,1.6,16,1,0,240,,"",7.60039311940142e-05,-0.0272280435563128,0.175720045717007,0.14686999926647,-5.64449390286111e-06,1,47.635
D-initLateral,stationary,0,0,0,0,2,0,0,0,1.6,16,1,1,240,,"",8.82479037092043e-05,6.89829257183305e-05,0.21992243924568,0.11572714954922,-5.36785313192008e-06,1,38.469
D-initLateral,stationary,0,0,0,0,3,0,0,0,1.6,16,1,0,240,,"",8.60897704391128e-05,-0.00398850821418462,0.213157495646475,0.115727066103464,-5.53179946751197e-06,1,39.335
D-initHeading,stationary,0,0,0,0,0,0.1,0,0,1.6,16,1,0,240,,"",7.75422251558757e-05,-7.41150679774982e-05,0.13215516648953,0.142886341666861,-5.56228573826129e-06,1,49.637
D-initHeading,stationary,0,0,0,0,0,0.2,0,0,1.6,16,1,1,240,,"",0.00506017279958808,0.00486009796168692,0.177937060665797,0.116255469098683,-5.5539554111097e-06,1,41.897
D-initHeading,stationary,0,0,0,0,0,0.3,0,0,1.6,16,1,0,240,,"",0.0268536272517561,-0.0010374079970159,0.1,0.110869255233577,-5.64479929638578e-06,1,39.635
D-initSpeed,stationary,0,0,0,0,0,0,-2,0,1.6,16,1,0,240,,"",9.75100465047057e-05,-0.0171170133521599,0.159143289953482,0.059278372757076,-4.60063207401282e-06,1,46.461
D-initSpeed,stationary,0,0,0,0,0,0,2,0,1.6,16,1,0,240,,"",8.99291430413179e-05,-0.00221694911878956,0.0668356846655142,1.60038939527873e-05,-5.64957217347887e-06,1,39.769
D-initLateral,stationary,0.01,0,0,0,0.5,0,0,0,1.6,16,1,1,240,,"",0.10189577545398,0.0833221318041537,0.174482861686787,0.093805866499195,-5.56651297237345e-06,1,47.52
D-initLateral,stationary,0.01,0,0,0,1,0,0,0,1.6,16,1,1,240,,"",0.122199799914497,0.11892843439923,0.186954550924813,1.60531994641555e-05,-2.23364670272027e-06,1,47.847
D-initLateral,stationary,0.01,0,0,0,2,0,0,0,1.6,16,1,1,240,,"",0.133562422963738,0.0583838186807422,0.188952413840923,1.60049842498067e-05,-5.56648699427659e-06,1,47.292
D-initLateral,stationary,0.01,0,0,0,3,0,0,0,1.6,16,1,1,240,,"",0.101493623012272,0.0953142769519635,0.189947195289516,0.114692651397456,-5.50933606664278e-06,1,80.699
D-initHeading,stationary,0.01,0,0,0,0,0.1,0,0,1.6,16,1,0,240,,"",-0.00616709436978846,-0.0137600095956287,-0.0627987758159309,1.60027445509636e-05,-5.56648774775494e-06,1,45.458
D-initHeading,stationary,0.01,0,0,0,0,0.2,0,0,1.6,16,1,1,240,,"",0.113242549136139,0.113041503728625,0.16773695894689,0.108706227980209,-3.60980069548619e-06,1,41.951
D-initHeading,stationary,0.01,0,0,0,0,0.3,0,0,1.6,16,1,1,240,,"",0.12565360242771,0.124093793326768,0.111316052296675,0.108062262563109,-5.56143009382514e-06,1,105.437
D-initSpeed,stationary,0.01,0,0,0,0,0,-2,0,1.6,16,1,1,240,,"",0.0977277166648898,0.0976146218762796,0.0932128212323227,0.0383441918619563,-2.40634924619233e-06,1,69.411
D-initSpeed,stationary,0.01,0,0,0,0,0,2,0,1.6,16,1,1,240,,"",0.0996679944617912,0.0981012082817242,0.0310930713787638,1.60017586776917e-05,-5.56649151103779e-06,1,84.984
E-road,stationary,0,0,0,0,0,0,0,1,1.6,16,1,1,240,,"",9.21843435561922e-05,9.21843435561922e-05,0.0484323601222325,0.0746001528348701,-8.87294542381949e-06,1,271.07
E-road,oncoming,0,0,0,0,0,0,0,1,1.6,16,1,1,240,,"",0.0477488628295538,0.0380677621467225,-0.155016385715752,1.61499916448982e-05,-8.87863372830063e-06,1,37.525
E-road,crossing,0,0,0,0,0,0,0,1,1.6,16,1,1,240,,"",9.51968619469851,9.51968619469851,0.399935774953417,0.112618046424452,-4.29474394983462e-06,1,18.259
E-road,cruise,0,0,0,0,0,0,0,1,1.6,16,1,1,240,,"",Inf,Inf,0.4,0.112647284658949,-1.00904442276813e-05,1,50.365
F-horizon,oncoming,0,0,0,0,0,0,0,0,0.8,16,1,1,240,,"",0.0477434882360761,0.0380623165473475,-0.155012428289295,0.0222092812892439,-1.4113096680152e-05,1,43.657
F-horizon,oncoming,0,0,0,0,0,0,0,0,1.2,16,1,1,240,,"",0.0477599200397067,0.0378809364519521,-0.1550891935701,2.5551559428072e-05,-8.19189304695457e-06,1,34.653
F-horizon,oncoming,0,0,0,0,0,0,0,0,2.4,16,1,1,240,,"",0.0477209185620774,0.0381982316671712,-0.15495916422885,0.0834786502465427,-1.70223217392827e-05,1,50.163
F-horizon,oncoming,0,0,0,0,0,0,0,0,3.2,16,1,1,240,,"",0.0477435382140185,0.0380623903599126,-0.155012420096723,0.0222092024119556,-1.23841336071365e-05,1,36.592
F-horizon,crossing,0,0,0,0,0,0,0,0,0.8,16,1,1,240,,"",9.51970280131978,9.51970280131978,0.399962944625658,0.182239127508291,-5.31773264958621e-06,1,14.923
F-horizon,crossing,0,0,0,0,0,0,0,0,1.2,16,1,1,240,,"",9.51968816979401,9.51968816979401,0.399904058616491,0.182219131776877,-6.6501196767957e-06,1,21.2
F-horizon,crossing,0,0,0,0,0,0,0,0,2.4,16,1,1,240,,"",9.51971927662044,9.51971927662044,0.399985777147411,0.182398341752148,-8.88450848770306e-06,1,23.846
F-horizon,crossing,0,0,0,0,0,0,0,0,3.2,16,1,1,240,,"",9.51973204098921,9.51973204098921,0.399927653809443,0.182392255372399,-8.84587248209609e-06,1,33.385
G-confirm,oncoming,0,0,0,0,0,0,0,0,1.6,10,1,1,240,,"",0.0939996847953479,0.0935156175307579,-0.246423931624834,1.60350939437393e-05,-5.64925730611888e-06,1,22.045
G-confirm,oncoming,0,0,0,0,0,0,0,0,1.6,24,1,1,240,,"",0.00903338427655965,0.00822410106822366,-0.0654341510010485,0.0886394893775926,-5.63187345826227e-06,1,37.665
G-confirm,oncoming,0,0,0,0,0,0,0,0,1.6,32,1,0,240,,"",0.00365366415178705,-0.000654765930009127,-0.0310160850088626,0.171221580082231,-5.6482622971328e-06,1,59.745
G-confirm,crossing,0,0,0,0,0,0,0,0,1.6,10,1,1,240,,"",9.51971638176521,9.51971638176521,0.4,0.182404774101373,-6.4779775960483e-06,1,15.721
G-confirm,crossing,0,0,0,0,0,0,0,0,1.6,24,1,1,240,,"",9.51968170355748,9.51968170355748,0.399868471722653,0.182285089222007,-5.77316180070496e-06,1,18.408
G-confirm,crossing,0,0,0,0,0,0,0,0,1.6,32,1,1,240,,"",9.5196841678206,9.5196841678206,0.399882851545398,0.182155285249165,-5.8194631985305e-06,1,24.826
