scenario,roadCurvature,targetCurvature,uncertaintyScale,variant,horizonSeconds,support1s,support2s,support3s,support4s,support4p8s,exitSupport,targetBoxHalfWidth4p8s,reserveSteer,reserveBrake
crossing,0.01,0,1,cartesian-egoOnly,4.8,0.517559090816242,0.815185132324677,1.19434067793345,1.925723770807,2.63290467540927,2.71316529371136,1.51688320000038,0.189843520831449,0.183074803712971
crossing,0.01,0,1,nrmm-boxOnly,4.8,0.507352818339285,0.728027826085179,0.931662998911106,1.23063015667597,1.42450879223616,1.44976344517296,0.458360676045015,0.189843520831449,0.183074803712971
crossing,0.01,0,1,nrmm-egoOnly,4.8,0.507337540705825,0.727896645976696,0.931265479551555,1.2295724990831,1.42266207088625,1.44783266139614,0.456742997458413,0.189843520831449,0.183074803712971
crossing,0.01,0,1,nrmm-reactive30,4.8,0.506146115801205,0.702833125324196,0.949678056969933,1.25925614942698,1.46498692917141,1.48697815743275,0.456742997458413,0.189853694120963,0.211437502921804
crossing,0.01,0,1,nrmm-reactive100,4.8,0.508364673649923,0.711321505613278,0.959669380870011,1.26842387507754,1.47377024622091,1.49537335890528,0.456742997458413,0.189846450183011,0.19213602537658
crossing,0.01,0,3,cartesian-egoOnly,4.8,0.848104930253502,1.31599718490493,1.79402840244427,2.78809872136825,3.67220576456331,3.79977518332572,2.42728320000039,0.189843520831449,0.183074803712971
crossing,0.01,0,3,nrmm-boxOnly,4.8,0.838177372422965,1.23125329891641,1.53872590980307,2.11279297926761,2.49859231302647,2.57273905651631,1.39922915730818,0.189843520831449,0.183074803712971
crossing,0.01,0,3,nrmm-egoOnly,4.8,0.838014055008335,1.22983557789813,1.53438274203937,2.10111145079258,2.47801881713428,2.55122905875561,1.38120732431318,0.189843520831449,0.183074803712971
crossing,0.01,0,3,nrmm-reactive30,4.8,0.85044679502993,1.20229597325792,1.65883554593115,2.2885631530335,2.72957938718892,2.7956705437452,1.38120732431318,0.189919865669734,0.241299689204582
crossing,0.01,0,3,nrmm-reactive100,4.8,0.852203025814846,1.21193168375169,1.66991224454758,2.2985458326303,2.73903784092537,2.80458996428954,1.38120732431318,0.189864031748466,0.201768752104634
crossing,0.01,0,10,cartesian-egoOnly,4.8,2.00501536828391,3.0688393689358,3.89293543823218,5.80641104833265,7.30975957660246,7.60290979697599,5.61368320000044,0.189843520831449,0.183074803712971
crossing,0.01,0,10,nrmm-boxOnly,4.8,2.00066170588295,3.03419553589453,3.79656598679242,5.57379786659606,6.93798422691085,7.2142112995862,5.28801792177503,0.189843520831449,0.183074803712971
crossing,0.01,0,10,nrmm-egoOnly,4.8,1.99708924021843,3.00180573521537,3.69293877854951,5.28274153079354,6.40734684308336,6.65941939656282,4.82319374399054,0.189843520831449,0.183074803712971
crossing,0.01,0,10,nrmm-reactive30,4.8,2.17067634054576,3.30312882793966,4.74826109991694,7.02661281530514,8.79600257076197,9.07553026301943,4.82319374399054,0.195666484415786,0.404204764606733
crossing,0.01,0,10,nrmm-reactive100,4.8,2.16679293153447,3.30214570775024,4.76119247544137,7.03932939115884,8.80842733469999,9.08668695579276,4.82319374399054,0.191235187649989,0.250381912129089
crossing,0.01,0.02,1,cartesian-egoOnly,4.8,0.516042073549117,0.920882344890772,1.21049370409558,1.91732572005842,2.61326002090733,2.65633710970462,1.51688320000039,0.189843520831449,0.183074803712971
crossing,0.01,0.02,1,nrmm-boxOnly,4.8,0.511741821951123,0.881714396208412,1.09860312342224,1.61807850894882,2.03283639198982,2.05621852917594,1.04484340062178,0.189843520831449,0.183074803712971
crossing,0.01,0.02,1,nrmm-egoOnly,4.8,0.511302028781256,0.87157286795046,1.0636516353525,1.4615435181052,1.75497911792495,1.77497379763962,0.78584369100613,0.189843520831449,0.183074803712971
crossing,0.01,0.02,1,nrmm-reactive30,4.8,0.51554106919958,0.810695850495198,1.05353749197995,1.42215684355342,1.70231585275451,1.71077493743317,0.78584369100613,0.189857345635428,0.209946203335405
crossing,0.01,0.02,1,nrmm-reactive100,4.8,0.517799176857434,0.819035265561939,1.06322017934476,1.4311807156637,1.71102829293161,1.71929066827659,0.78584369100613,0.189847890662756,0.191606879561956
crossing,0.01,0.02,3,cartesian-egoOnly,4.8,0.845636754427718,1.47413491567561,1.82254030455918,2.77412472619899,3.6411778482344,3.70932097549413,2.4272832000004,0.189843520831449,0.183074803712971
crossing,0.01,0.02,3,nrmm-boxOnly,4.8,0.845277712644778,1.48155469496485,1.84805828276504,2.86548128606778,3.83025504974332,3.90111112422268,2.60127219263045,0.189843520831449,0.183074803712971
crossing,0.01,0.02,3,nrmm-egoOnly,4.8,0.843223642326872,1.45853118926906,1.77758963777746,2.64943844296984,3.43315376529785,3.49152739912166,2.30456893882012,0.189843520831449,0.183074803712971
crossing,0.01,0.02,3,nrmm-reactive30,4.8,0.881776490992689,1.39782322287662,1.99593072825999,2.83121724679374,3.51835920662471,3.54325561201224,2.30456893882012,0.18989167352042,0.238640117278812
crossing,0.01,0.02,3,nrmm-reactive100,4.8,0.883827327690865,1.40679628629415,2.00761673173783,2.84175900073155,3.52834992626571,3.55296436203912,2.30456893882012,0.189855134343488,0.200803122326635
crossing,0.01,0.02,10,cartesian-egoOnly,4.8,1.99921813750282,3.41051891342254,3.96470340618179,5.77292124769095,7.23889024387913,7.39476450575742,5.61368320000045,0.189843520831449,0.183074803712971
crossing,0.01,0.02,10,nrmm-boxOnly,4.8,2.01923784828833,3.53001959481017,4.43372250324868,7.20900094345819,10.0031429752306,10.2552892137993,8.08686610318648,0.189843520831449,0.183074803712971
crossing,0.01,0.02,10,nrmm-egoOnly,4.8,2.00956086739468,3.49859491016639,4.2672404124395,6.67328353581611,8.959579255822,9.16379074207957,7.14316673519228,0.189843520831449,0.183074803712971
crossing,0.01,0.02,10,nrmm-reactive30,4.8,2.24887383820641,3.72547127911095,5.64794022900011,8.55296654545019,11.0885573561429,11.2234647029353,7.14316673519228,0.196122011696658,0.402235132020956
crossing,0.01,0.02,10,nrmm-reactive100,4.8,2.24516582213561,3.71316288066358,5.66205613605635,8.56644542253308,11.1020096039832,11.2362577986584,7.14316673519228,0.191360607821761,0.248295635343023
lead,0,0.02,1,cartesian-egoOnly,6.4,0.321159937722653,0.534761767835718,0.845338890861707,0.888625947154893,1.0909006174252,1.5846915600103,0.587910400000358,0.170144598740476,0.166633485718169
lead,0,0.02,1,nrmm-boxOnly,6.4,0.321077186809825,0.534259018153175,0.844330564772307,0.888091278033193,1.09224088211644,1.5988153026449,0.589250664691601,0.170144598740476,0.166633485718169
lead,0,0.02,1,nrmm-egoOnly,6.4,0.320866172058414,0.532822259256483,0.837902628642732,0.858845517805965,1.03145794489159,1.42228924451123,0.561729333292042,0.170144598740476,0.166633485718169
lead,0,0.02,1,nrmm-reactive30,6.4,0.321990017329417,0.521244176521994,0.818847080842901,0.848907055567047,1.02681497405225,1.42544607922343,0.561729333292042,0.174530490538555,0.192250898546516
lead,0,0.02,1,nrmm-reactive100,6.4,0.323977984302841,0.529094303266417,0.82754704547775,0.869965948812852,1.04824677243703,1.44730120838738,0.561729333292042,0.170571195068588,0.174755365703353
lead,0,0.02,3,cartesian-egoOnly,6.4,0.631159937722657,1.00851698395531,1.50172618831596,1.6486259471549,2.00130061742521,2.83429156001032,1.49831040000037,0.170144598740476,0.166633485718169
lead,0,0.02,3,nrmm-boxOnly,6.4,0.632411597218853,1.01650938957945,1.54012777716535,1.75146043003936,2.19037208884679,3.33921699296716,1.68738187142194,0.170144598740476,0.166633485718169
lead,0,0.02,3,nrmm-egoOnly,6.4,0.631921819628439,1.01473064783961,1.52757606013455,1.71224822705145,2.11853240202034,3.14812010644077,1.6155421845955,0.170144598740476,0.166633485718169
lead,0,0.02,3,nrmm-reactive30,6.4,0.657427012737174,1.05202946332063,1.58534569240671,1.86016042666908,2.31004798115226,3.3828820094829,1.6155421845955,0.182264598033398,0.234512363474749
lead,0,0.02,3,nrmm-reactive100,6.4,0.659985061108163,1.06348970837875,1.59291249270536,1.89928863377802,2.35119547752524,3.42705890391802,1.6155421845955,0.172726914725754,0.188372569731384
lead,0,0.02,10,cartesian-egoOnly,6.4,1.71615993772267,2.6666602403739,3.79908172940585,4.30862594715494,5.18770061742526,7.20789156001038,4.68471040000042,0.170144598740476,0.166633485718169
lead,0,0.02,10,nrmm-boxOnly,6.4,1.72976522751847,2.70191149429999,3.76398737145046,4.89939108049626,6.2865000554387,10.2220670735386,5.78350983801385,0.170144598740476,0.166633485718169
lead,0,0.02,10,nrmm-egoOnly,6.4,1.72532824557688,2.67761088130217,3.68543495611053,4.65942877014841,5.83575278865955,8.96038414154281,5.3327625712347,0.170144598740476,0.166633485718169
lead,0,0.02,10,nrmm-reactive30,6.4,2.03168859794407,3.41542992838479,4.97276156392303,6.94881316724925,8.95904443853851,14.1328141769597,5.3327625712347,0.223426230293862,0.590592171198525
lead,0,0.02,10,nrmm-reactive100,6.4,2.02099616581279,3.41804902647865,4.96681749240907,6.95722569626863,8.97143803698374,14.1444478450479,5.3327625712347,0.184967465388137,0.298142853732398
