scenario,variant,time,feasible,exitFlag,identifier,message,horizonSteps,nativeSolves,restorationSolves,finalRestorationSlack,targetPositionRadius1s,targetSpeedLower,targetSpeedUpper,targetCourseWidth,elapsedSeconds
straight_oncoming,fresh,2.2,0,-999,,Fixed-direction trajectory optimization failed: solverRejected: solver exit flag -2: Clarabel status 2; alternate directions rejected: solver exit flag -2: Clarabel status 2,56,18,6,0.00545589530864187,2.72333521376379e-13,10,10,0,0.315046
straight_oncoming,noTarget,2.2,1,1,,solver exit flag 1: Clarabel status 1,16,NaN,NaN,NaN,NaN,NaN,NaN,NaN,0.011458
straight_oncoming,noRoadRows,2.2,0,-999,,Fixed-direction trajectory optimization failed: solverRejected: solver exit flag -2: Clarabel status 2; alternate directions rejected: solver exit flag -2: Clarabel status 2,56,18,6,0.0112846358176689,2.72333521376379e-13,10,10,0,0.244131
straight_oncoming,noRoad,2.2,0,-999,,Fixed-direction trajectory optimization failed: solverRejected: solver exit flag -2: Clarabel status 2; alternate directions rejected: solver exit flag -2: Clarabel status 2,56,18,6,0.0112846368819955,2.72333521376379e-13,10,10,0,0.247216
straight_oncoming,predictedSuccessor,2.2,1,1,,solver exit flag 1: Clarabel status 1,56,8,1,0.0452448722015939,2.72333521376379e-13,10,10,0,0.170666
straight_oncoming,zeroEgoBounds,2.2,0,-999,,Fixed-direction trajectory optimization failed: solverRejected: solver exit flag -2: Clarabel status 2; alternate directions rejected: solver exit flag -2: Clarabel status 2,56,18,6,0.00545589530864187,2.72333521376379e-13,10,10,0,0.256613
straight_oncoming,zeroTargetBounds,2.2,0,-999,,Fixed-direction trajectory optimization failed: solverRejected: solver exit flag -2: Clarabel status 2; alternate directions rejected: solver exit flag -2: Clarabel status 2,56,18,6,0.00545589530864187,2.72333521376379e-13,10,10,0,0.255835
straight_oncoming,zeroAllBounds,2.2,0,-999,,Fixed-direction trajectory optimization failed: solverRejected: solver exit flag -2: Clarabel status 2; alternate directions rejected: solver exit flag -2: Clarabel status 2,56,18,6,0.00545589530864187,2.72333521376379e-13,10,10,0,0.249515
straight_oncoming,exactTargetMotion,2.2,0,-999,,Fixed-direction trajectory optimization failed: solverRejected: solver exit flag -2: Clarabel status 2; alternate directions rejected: solver exit flag -2: Clarabel status 2,56,18,6,0.00545589530864187,2.72333521376379e-13,10,10,0,0.25333
straight_oncoming,zeroTargetYawBound,2.2,0,-999,,Fixed-direction trajectory optimization failed: solverRejected: solver exit flag -2: Clarabel status 2; alternate directions rejected: solver exit flag -2: Clarabel status 2,56,18,6,0.00545589530864187,2.72333521376379e-13,10,10,0,0.253377
straight_oncoming,zeroTargetVelocityBound,2.2,0,-999,,Fixed-direction trajectory optimization failed: solverRejected: solver exit flag -2: Clarabel status 2; alternate directions rejected: solver exit flag -2: Clarabel status 2,56,18,6,0.00545589530864187,2.72333521376379e-13,10,10,0,0.251662
straight_oncoming,zeroTargetVelocityYawBounds,2.2,0,-999,,Fixed-direction trajectory optimization failed: solverRejected: solver exit flag -2: Clarabel status 2; alternate directions rejected: solver exit flag -2: Clarabel status 2,56,18,6,0.00545589530864187,2.72333521376379e-13,10,10,0,0.252789
straight_oncoming,zeroTargetVelocityAccelerationBounds,2.2,0,-999,,Fixed-direction trajectory optimization failed: solverRejected: solver exit flag -2: Clarabel status 2; alternate directions rejected: solver exit flag -2: Clarabel status 2,56,18,6,0.00545589530864187,2.72333521376379e-13,10,10,0,0.25175
straight_oncoming,tightVelocityBox,2.2,0,-999,,Fixed-direction trajectory optimization failed: solverRejected: solver exit flag -2: Clarabel status 2; alternate directions rejected: solver exit flag -2: Clarabel status 2,56,18,6,0.00545589530864187,2.72333521376379e-13,10,10,0,0.254143
circular_oncoming,fresh,2.2,0,-999,,Fixed-direction trajectory optimization failed: solverRejected: solver exit flag -2: Clarabel status 2; alternate directions rejected: solver exit flag -2: Clarabel status 2,56,18,6,0.0211521517228907,2.73019845862926e-13,10,10,0,0.290149
circular_oncoming,noTarget,2.2,1,1,,solver exit flag 1: Clarabel status 1,16,NaN,NaN,NaN,NaN,NaN,NaN,NaN,0.008649
circular_oncoming,noRoadRows,2.2,0,-999,,Fixed-direction trajectory optimization failed: solverRejected: solver exit flag -2: Clarabel status 2; alternate directions rejected: solver exit flag -2: Clarabel status 2,56,18,6,0.0534099214387128,2.73019845862926e-13,10,10,0,0.246585
circular_oncoming,noRoad,2.2,0,-999,,Fixed-direction trajectory optimization failed: solverRejected: solver exit flag -2: Clarabel status 2; alternate directions rejected: solver exit flag -2: Clarabel status 2,56,18,6,0.0534132496576006,2.73019845862926e-13,10,10,0,0.244435
circular_oncoming,predictedSuccessor,2.2,1,1,,solver exit flag 1: Clarabel status 1,56,10,2,0.0428947414130316,2.73019845862926e-13,10,10,0,0.195171
circular_oncoming,zeroEgoBounds,2.2,0,-999,,Fixed-direction trajectory optimization failed: solverRejected: solver exit flag -2: Clarabel status 2; alternate directions rejected: solver exit flag -2: Clarabel status 2,56,18,6,0.0211521517228907,2.73019845862926e-13,10,10,0,0.277039
circular_oncoming,zeroTargetBounds,2.2,0,-999,,Fixed-direction trajectory optimization failed: solverRejected: solver exit flag -2: Clarabel status 2; alternate directions rejected: solver exit flag -2: Clarabel status 2,56,18,6,0.0211521517228907,2.73019845862926e-13,10,10,0,0.275893
circular_oncoming,zeroAllBounds,2.2,0,-999,,Fixed-direction trajectory optimization failed: solverRejected: solver exit flag -2: Clarabel status 2; alternate directions rejected: solver exit flag -2: Clarabel status 2,56,18,6,0.0211521517228907,2.73019845862926e-13,10,10,0,0.277396
circular_oncoming,exactTargetMotion,2.2,0,-999,,Fixed-direction trajectory optimization failed: solverRejected: solver exit flag -2: Clarabel status 2; alternate directions rejected: solver exit flag -2: Clarabel status 2,56,18,6,0.0211521517228907,2.73019845862926e-13,10,10,0,0.279204
circular_oncoming,zeroTargetYawBound,2.2,0,-999,,Fixed-direction trajectory optimization failed: solverRejected: solver exit flag -2: Clarabel status 2; alternate directions rejected: solver exit flag -2: Clarabel status 2,56,18,6,0.0211521517228907,2.73019845862926e-13,10,10,0,0.277139
circular_oncoming,zeroTargetVelocityBound,2.2,0,-999,,Fixed-direction trajectory optimization failed: solverRejected: solver exit flag -2: Clarabel status 2; alternate directions rejected: solver exit flag -2: Clarabel status 2,56,18,6,0.0211521517228907,2.73019845862926e-13,10,10,0,0.272844
circular_oncoming,zeroTargetVelocityYawBounds,2.2,0,-999,,Fixed-direction trajectory optimization failed: solverRejected: solver exit flag -2: Clarabel status 2; alternate directions rejected: solver exit flag -2: Clarabel status 2,56,18,6,0.0211521517228907,2.73019845862926e-13,10,10,0,0.272231
circular_oncoming,zeroTargetVelocityAccelerationBounds,2.2,0,-999,,Fixed-direction trajectory optimization failed: solverRejected: solver exit flag -2: Clarabel status 2; alternate directions rejected: solver exit flag -2: Clarabel status 2,56,18,6,0.0211521517228907,2.73019845862926e-13,10,10,0,0.272025
circular_oncoming,tightVelocityBox,2.2,0,-999,,Fixed-direction trajectory optimization failed: solverRejected: solver exit flag -2: Clarabel status 2; alternate directions rejected: solver exit flag -2: Clarabel status 2,56,18,6,0.0211521517228907,2.73019845862926e-13,10,10,0,0.275568
estimated_straight_oncoming,fresh,1.05,0,-999,,Fixed-direction trajectory optimization failed: solverRejected: solver exit flag -2: Clarabel status 2; alternate directions rejected: solver exit flag -2: Clarabel status 2,72,18,6,89.9020799816458,47.188244812753,0,21.0605328907405,6.28318530717959,0.319514
estimated_straight_oncoming,noTarget,1.05,1,1,,solver exit flag 1: Clarabel status 1,16,NaN,NaN,NaN,NaN,NaN,NaN,NaN,0.007416
estimated_straight_oncoming,noRoadRows,1.05,0,-999,,Fixed-direction trajectory optimization failed: solverRejected: solver exit flag -2: Clarabel status 2; alternate directions rejected: solver exit flag -2: Clarabel status 2,72,18,6,89.9020794585241,47.188244812753,0,21.0605328907405,6.28318530717959,0.29727
estimated_straight_oncoming,noRoad,1.05,0,-999,,Fixed-direction trajectory optimization failed: solverRejected: solver exit flag -2: Clarabel status 2; alternate directions rejected: solver exit flag -2: Clarabel status 2,72,18,6,89.9020794585241,47.188244812753,0,21.0605328907405,6.28318530717959,0.300336
estimated_straight_oncoming,predictedSuccessor,1.05,0,-999,,Fixed-direction trajectory optimization failed: solverRejected: solver exit flag -2: Clarabel status 2; alternate directions rejected: solver exit flag -2: Clarabel status 2,72,18,6,89.900505388493,47.188244812753,0,21.0605328907405,6.28318530717959,0.321762
estimated_straight_oncoming,zeroEgoBounds,1.05,0,-999,,Fixed-direction trajectory optimization failed: solverRejected: solver exit flag -2: Clarabel status 2; alternate directions rejected: solver exit flag -2: Clarabel status 2,72,18,6,85.1936761015227,47.188244812753,0,21.0605328907405,6.28318530717959,0.297099
estimated_straight_oncoming,zeroTargetBounds,1.05,1,1,,solver exit flag 1: Clarabel status 1,72,1,0,NaN,4.33897307413874e-13,10.0299675506001,10.0299675506001,0,0.038766
estimated_straight_oncoming,zeroAllBounds,1.05,1,1,,solver exit flag 1: Clarabel status 1,72,1,0,NaN,4.33897307413874e-13,10.0299675506001,10.0299675506001,0,0.038411
estimated_straight_oncoming,exactTargetMotion,1.05,1,1,,solver exit flag 1: Clarabel status 1,72,1,0,NaN,1.38089359308326,10.0299675506001,10.0299675506001,0,0.038982
estimated_straight_oncoming,zeroTargetYawBound,1.05,0,-999,,Fixed-direction trajectory optimization failed: solverRejected: solver exit flag -2: Clarabel status 2; alternate directions rejected: solver exit flag -2: Clarabel status 2,72,18,6,89.8877886180296,47.188244812753,0,21.0605328907405,6.28318530717959,0.315214
estimated_straight_oncoming,zeroTargetVelocityBound,1.05,1,1,,solver exit flag 1: Clarabel status 1,72,4,0,NaN,2.02459713506638,10.0299675506001,10.0299675506001,0,0.132849
estimated_straight_oncoming,zeroTargetVelocityYawBounds,1.05,1,1,,solver exit flag 1: Clarabel status 1,72,1,0,NaN,1.84565753432507,10.0299675506001,10.0299675506001,0,0.037655
estimated_straight_oncoming,zeroTargetVelocityAccelerationBounds,1.05,1,1,,solver exit flag 1: Clarabel status 1,72,1,0,NaN,1.38089359308326,10.0299675506001,10.0299675506001,0,0.036263
estimated_straight_oncoming,tightVelocityBox,1.05,0,-999,,Fixed-direction trajectory optimization failed: solverRejected: solver exit flag -2: Clarabel status 2; alternate directions rejected: solver exit flag -2: Clarabel status 2,72,18,6,83.5486169605934,45.5835106211205,2.86982378036675,19.3473196985184,2.48118546542517,0.317577
estimated_circular_oncoming,fresh,1.05,0,-999,,Fixed-direction trajectory optimization failed: solverRejected: solver exit flag -2: Clarabel status 2; alternate directions rejected: solver exit flag -2: Clarabel status 2,72,18,6,123.568138551779,47.9304600716267,0,21.331823907071,6.28318530717959,0.322608
estimated_circular_oncoming,noTarget,1.05,1,1,,solver exit flag 1: Clarabel status 1,16,NaN,NaN,NaN,NaN,NaN,NaN,NaN,0.007078
estimated_circular_oncoming,noRoadRows,1.05,0,-999,,Fixed-direction trajectory optimization failed: solverRejected: solver exit flag -2: Clarabel status 2; alternate directions rejected: solver exit flag -2: Clarabel status 2,72,18,6,122.05184875161,47.9304600716267,0,21.331823907071,6.28318530717959,0.29479
estimated_circular_oncoming,noRoad,1.05,0,-999,,Fixed-direction trajectory optimization failed: solverRejected: solver exit flag -2: Clarabel status 2; alternate directions rejected: solver exit flag -2: Clarabel status 2,72,18,6,122.05184875161,47.9304600716267,0,21.331823907071,6.28318530717959,0.288679
estimated_circular_oncoming,predictedSuccessor,1.05,0,-999,,Fixed-direction trajectory optimization failed: solverRejected: solver exit flag -2: Clarabel status 2; alternate directions rejected: solver exit flag -2: Clarabel status 2,72,18,6,123.566930441437,47.9304600716267,0,21.331823907071,6.28318530717959,0.322153
estimated_circular_oncoming,zeroEgoBounds,1.05,0,-999,,Fixed-direction trajectory optimization failed: solverRejected: solver exit flag -2: Clarabel status 2; alternate directions rejected: solver exit flag -2: Clarabel status 2,72,18,6,119.344317181718,47.9304600716267,0,21.331823907071,6.28318530717959,0.295765
estimated_circular_oncoming,zeroTargetBounds,1.05,1,1,,solver exit flag 1: Clarabel status 1,72,1,0,NaN,4.35758049405066e-13,10.0346023221936,10.0346023221936,0,0.039721
estimated_circular_oncoming,zeroAllBounds,1.05,1,1,,solver exit flag 1: Clarabel status 1,72,1,0,NaN,4.35758049405066e-13,10.0346023221936,10.0346023221936,0,0.035087
estimated_circular_oncoming,exactTargetMotion,1.05,1,1,,solver exit flag 1: Clarabel status 1,72,1,0,NaN,1.41581901574251,10.0346023221936,10.0346023221936,0,0.039109
estimated_circular_oncoming,zeroTargetYawBound,1.05,0,-999,,Fixed-direction trajectory optimization failed: solverRejected: solver exit flag -2: Clarabel status 2; alternate directions rejected: solver exit flag -2: Clarabel status 2,72,18,6,123.568136462521,47.9304600716267,0,21.331823907071,6.28318530717959,0.318092
estimated_circular_oncoming,zeroTargetVelocityBound,1.05,0,-999,,Fixed-direction trajectory optimization failed: solverRejected: Solver success rejected by primal feasibility check: 4.17e-07; alternate directions rejected: solver exit flag -2: Clarabel status 2,72,15,5,0.541674201499761,2.32729376886204,10.0346023221936,10.0346023221936,0,0.336839
estimated_circular_oncoming,zeroTargetVelocityYawBounds,1.05,1,1,,solver exit flag 1: Clarabel status 1,72,2,0,NaN,2.13463911886464,10.0346023221936,10.0346023221936,0,0.081706
estimated_circular_oncoming,zeroTargetVelocityAccelerationBounds,1.05,1,1,,solver exit flag 1: Clarabel status 1,72,12,3,0.0613441110547201,1.41581901574251,10.0346023221936,10.0346023221936,0,0.412886
estimated_circular_oncoming,tightVelocityBox,1.05,0,-999,,Fixed-direction trajectory optimization failed: solverRejected: solver exit flag -2: Clarabel status 2; alternate directions rejected: solver exit flag -2: Clarabel status 2,72,18,6,111.222913493019,47.5844678991964,2.07637234218499,20.4765826328613,2.60735778440901,0.33726
