Scenario,TimeS,SteerRad,BrakingRatio,FrontSlipRad,ReportedAffineFrontForceN,IndependentFialaFrontForceN,StaticCombinedSlipCapacityN,AffineForceCapacityRatio,PredictedVyMps,ActualVyMps,PredictedYawRateRadps,ActualYawRateRadps,VxPredictionErrorMps,VyPredictionErrorMps,YawRatePredictionErrorRadps,HorizonSteps
straight_oncoming,0,-0.00012084318754963,0.0137971185446432,0.00012084318754963,-16.3088394125768,-16.295213138436,6504.65408152885,0.00250725698986649,-0.000350628426620262,-0.000208709489257367,-0.000307189636729544,-0.000244149923706537,0.000701918559380843,0.000141918937362894,6.30397130230061e-05,16
straight_oncoming,0.05,-0.000126681317533576,0.0125172723805285,6.88257165787185e-05,-9.28808106583528,-9.28420859991274,6504.76363454191,0.00142788909600239,-0.000406167029319705,-0.000347150200800873,-0.000373792584023087,-0.000446714182304647,-0.000873001650656846,5.90168285188324e-05,-7.29215982815603e-05,16
straight_oncoming,0.1,-9.78050806687268e-05,0.0153895742523281,-4.59608083413278e-06,0.619074182169024,0.620261374486772,6504.50288765779,9.51762483407778e-05,-0.000344507149470585,-0.000350768834680135,-0.000342654080372238,-0.000384993418391763,-0.00156829109206313,-6.2616852095501e-06,-4.23393380195251e-05,16
straight_oncoming,0.15,-0.000105688812007199,0.0166558580053768,1.22707814515815e-05,-1.65802506661715,-1.65590816194463,6504.37088321114,0.000254909367314337,-0.000373699849232041,-0.000387503216403502,-0.000350712432340378,-0.000306828095895078,-0.0018222436896167,-1.38033671714608e-05,4.38843364453005e-05,16
straight_oncoming,0.2,-9.77797191001638e-05,0.0171179183653895,1.25294177347001e-05,-1.69304891110625,-1.69080739028223,6504.32011687402,0.000260296061799605,-0.000367920175217761,-0.000402236503190776,-0.000316060993165342,-0.000306210128015752,-0.00182139667691139,-3.43163279730151e-05,9.85086514959053e-06,16
straight_oncoming,0.25,-7.29406337322932e-05,0.0171158666220118,-1.36896156103143e-05,1.84540514302333,1.84735779379204,6504.32034536925,0.000283719903853931,-0.000300103026188898,-0.000329475354510369,-0.000253086279568489,-0.000264818762377044,-0.00170700759435327,-2.93723283214709e-05,-1.17324828085551e-05,16
straight_oncoming,0.3,-4.79532087868882e-05,0.0169071933853797,-2.51268320090434e-05,3.38940259648519,3.39049527883804,6504.34344146257,0.00052109834405101,-0.000210400125372837,-0.000231416217730475,-0.000180060407546984,-0.000171613901063987,-0.00157289759610002,-2.10160923576379e-05,8.44650648299688e-06,16
straight_oncoming,0.35,-3.10612653231121e-05,0.0166627944511906,-1.80875856691235e-05,2.44003472151822,2.4407716715224,6504.3701313801,0.000375137741584902,-0.000141410760842956,-0.000156626305231462,-0.000117000273514419,-9.68452794138768e-05,-0.00146093872868214,-1.52155443885062e-05,2.0154994100542e-05,16
straight_oncoming,0.4,-1.89756741216008e-05,0.0164588467248665,-1.13634444613323e-05,1.53299805625082,1.53347515782465,6504.39210622566,0.000235686599333935,-9.14229019713283e-05,-9.9026514026763e-05,-7.02136868136397e-05,-5.91824879795931e-05,-0.00138356064046974,-7.60361205543463e-06,1.10311988340465e-05,16
straight_oncoming,0.45,-8.60595321007599e-06,0.0163179248838311,-1.02654537336692e-05,1.38506022885313,1.38531392373858,6504.40713205194,0.000212941810180966,-4.81371449757348e-05,-4.99211190908701e-05,-3.53715005689101e-05,-3.270592013601e-05,-0.00134262712516175,-1.78397411513534e-06,2.66558043290004e-06,16
straight_oncoming,0.5,-4.52825192110188e-07,0.0162434054440715,-9.49556814028199e-06,1.28132942000596,1.28142536569685,6504.41502546512,0.000196993798057087,-1.27468315996071e-05,-1.34042401383062e-05,-8.51470163397163e-06,-5.48938182216063e-06,-0.00133404544196303,-6.57408538699068e-07,3.025319811811e-06,16
straight_oncoming,0.55,5.19115647882568e-06,0.0162278245628036,-7.36351139102712e-06,0.993730842108416,0.993719309919346,6504.41667128974,0.000152777857312664,1.17103952070275e-05,9.86696216037456e-06,1.18619714778935e-05,1.63190947199321e-05,-0.00134799856077628,-1.84343304665298e-06,4.4571232420386e-06,16
straight_oncoming,0.6,9.35808606264196e-06,0.0162532874668603,-5.89858105304875e-06,0.796127709840637,0.796032350797591,6504.41398079806,0.000122398068786968,2.85683509413445e-05,2.59181009312596e-05,2.71686673482895e-05,3.02226443717175e-05,-0.0013718265106597,-2.65025001008493e-06,3.05397702342796e-06,16
straight_oncoming,0.65,1.2934829674897e-05,0.0162967220365425,-5.76330598881508e-06,0.77794094043444,0.777777276539105,6504.40938162536,0.000119602087567256,4.23322308214543e-05,3.9457446570572e-05,3.92901105142736e-05,4.06316197540793e-05,-0.00139475510683518,-2.87478425088232e-06,1.34150923980568e-06,16
straight_oncoming,0.7,1.60923273351821e-05,0.0163384991484834,-5.98948439629073e-06,0.808523030561495,0.808299539036261,6504.40494637284,0.000124303919763231,5.4462767041023e-05,5.13355560553886e-05,4.9614227473898e-05,5.06362358846632e-05,-0.00141069442961061,-3.12721098563447e-06,1.02200841076525e-06,16
straight_oncoming,0.75,1.87972944844341e-05,0.0163675298593882,-5.99054407126984e-06,0.808719646085538,0.808442539527887,6504.40185764874,0.000124334206862471,6.48412397489306e-05,6.14332111189939e-05,5.86765255706849e-05,5.98803036704386e-05,-0.00141825308903165,-3.40802862993667e-06,1.20377809975374e-06,16
straight_oncoming,0.8,2.11042462623295e-05,0.0163812871249217,-5.88690283756182e-06,0.794779762302014,0.794456402423302,6504.40039202829,0.000122191088247901,7.36223387987533e-05,7.01615748647205e-05,6.65436937548539e-05,6.75970074142845e-05,-0.00141906510545908,-3.46076393403286e-06,1.05331365943055e-06,16
straight_oncoming,0.85,2.30469265804356e-05,0.0163827539206304,-5.7873754018157e-06,0.781386909900786,0.781025393667226,6504.4002356916,0.000120132046243569,8.10868830160851e-05,7.7804737283569e-05,7.31598044014251e-05,7.39083140542395e-05,-0.00141589156853072,-3.2821457325161e-06,7.48509652814458e-07,16
straight_oncoming,0.9,2.45835817239597e-05,0.016376963469862,-5.60331341697924e-06,0.756578254628063,0.756186584548406,6504.40085277851,0.000116317901026175,8.71842803635667e-05,8.41723523695016e-05,7.84480932984886e-05,7.90098194888366e-05,-0.00141132240566932,-3.01192799406513e-06,5.61726190348005e-07,16
straight_oncoming,0.95,2.56819729874827e-05,0.0163686346934664,-5.29187497909275e-06,0.71457258641176,0.714158425231855,6504.40173999152,0.000109859847988524,9.1749964052432e-05,8.90270702252411e-05,8.2361081910815e-05,8.27843495225375e-05,-0.00140716563834076,-2.7228938271909e-06,4.23267611722515e-07,16
straight_oncoming,1,2.63682531935359e-05,0.0163610606473444,-4.92070190643217e-06,0.664498471574892,0.664068928285447,6504.40254641585,0.000102161338698364,9.48021764792083e-05,9.23695963207092e-05,8.49377264530699e-05,8.51672815939073e-05,-0.00140433279841368,-2.43258015849907e-06,2.29555140837407e-07,16
straight_oncoming,1.05,-0.00195949207415056,0.0127596153602635,0.00198163498374508,-267.438460630242,-263.790764360848,6504.74370835112,0.0411143732360878,-0.00566645411075256,-0.00350390387299565,-0.00496269125743588,-0.00409634076300507,-0.0010696427408039,0.00216255023775691,0.000866350494430804,72
straight_oncoming,1.1,-0.00267087736788997,0.0194405600019532,0.00169959626216736,-229.415126244145,-226.689656074438,6504.04388185822,0.0352726904078945,-0.0083978310806239,-0.00711757735555092,-0.00765801459027405,-0.0089687709190717,-0.00169160949255165,0.00128025372507298,-0.00131075632879765,72
straight_oncoming,1.15,-0.00351067133899713,0.0167568574338028,0.00143980902867707,-194.36007027286,-192.386287249066,6504.35990511945,0.0298815061140579,-0.011447574388245,-0.0100513843730286,-0.0108150281859684,-0.0114629619224723,-0.00147674094852235,0.00139619001521637,-0.000647933736503953,72
straight_oncoming,1.2,-0.00397266656987155,0.016185086895443,0.00123048820963799,-166.119232599938,-164.655904541944,6504.42117760373,0.0255394335735709,-0.0134109641377365,-0.0127744344454232,-0.0125339183328188,-0.0127889075831929,-0.0014049714163864,0.000636529692313231,-0.000254989250374083,72
straight_oncoming,1.25,-0.00417066494341381,0.0163771592623315,0.000955204259553905,-128.980298853561,-128.063379666257,6504.40083191652,0.0198296971829698,-0.0146483249956383,-0.0145055542995823,-0.0133494484398684,-0.0134664362539414,-0.00141586096696145,0.000142770696056005,-0.000116987814073046,72
straight_oncoming,1.3,-0.00437703631344066,0.0165943834364567,0.000885777580047751,-119.616026335631,-118.812557322114,6504.3775326634,0.018390080485788,-0.0156826840103765,-0.0154688680491721,-0.0140402316179941,-0.0140091875721858,-0.00143583815192905,0.0002138159612044,3.10440458083424e-05,72
straight_oncoming,1.35,-0.00467943805490897,0.0163181977767872,0.00100963163626968,-136.329789654684,-135.309354871836,6504.40710307956,0.0209596028499104,-0.0167882940806851,-0.0162947926124735,-0.0149337890525627,-0.014888980752797,-0.00141231131008546,0.000493501468211574,4.48082997657022e-05,72
straight_oncoming,1.4,-0.00505429023321788,0.0161619537594326,0.00116856262972954,-157.784316481631,-156.436591831024,6504.42361183269,0.0242580013076937,-0.0180360799377272,-0.0172773618979103,-0.0160746517103779,-0.0161181298074505,-0.0013986587461563,0.000758718039816877,-4.34780970726655e-05,72
straight_oncoming,1.45,-0.00545587008253839,0.0159069120012116,0.0012855890881627,-173.588903153341,-171.963422865825,6504.45021824296,0.0266877133852879,-0.0193761599474289,-0.0184676654406956,-0.0173547465310595,-0.0174629865272045,-0.00137603240572481,0.000908494506733293,-0.000108239996145055,64
straight_oncoming,1.5,-0.00580342193117273,0.0160906192521727,0.00131022086485369,-176.932599577129,-175.228282732205,6504.43109621668,0.0272018562361345,-0.0206087985380933,-0.0197298557035426,-0.018524159264182,-0.0186593808637159,-0.00139328726366017,0.000878942834550686,-0.000135221599533861,64
straight_oncoming,1.55,-0.00612161265818273,0.0170832392317381,0.00132082468408441,-178.379081348491,-176.633413360508,6504.32397528163,0.0274246919474468,-0.0217894577612769,-0.0209733885026219,-0.0195913479001809,-0.0196715521417813,-0.00149038369344012,0.000816069258654979,-8.02042416004276e-05,64
straight_oncoming,1.6,-0.00677639272847727,0.0163587494937224,0.00169801881302519,-229.26969120576,-226.481885906378,6504.4027924148,0.0352483845977568,-0.0239571944573855,-0.0227957197900853,-0.0214778226515793,-0.0213625242582831,-0.00143546237048753,0.0011614746673002,0.000115298393296208,64
straight_oncoming,1.65,-0.00759853771723826,0.0160956604259467,0.00208167204081569,-281.057336799661,-276.914767848708,6504.43056838647,0.0432101371280194,-0.0267174401988911,-0.0252658952826967,-0.0239336312275372,-0.0240217149774552,-0.00141717377411155,0.0014515449161944,-8.80837499180401e-05,64
straight_oncoming,1.7,-0.00860803860409187,0.0160315492120192,0.00244110502781825,-329.590636805372,-323.918131381337,6504.43726875357,0.0506716604661068,-0.0301230987456107,-0.0283278514904851,-0.0270674620288045,-0.0272938885722869,-0.00142214382399786,0.00179524725512555,-0.000226426543482344,64
straight_oncoming,1.75,-0.00983500920621316,0.0155724688458994,0.00286589673845395,-386.953574366298,-379.163014159996,6504.48446645096,0.0594902757262531,-0.0342759848937985,-0.0321594407131124,-0.0308853961766004,-0.031137789502572,-0.00139491125336555,0.00211654418068614,-0.000252393325971566,64
straight_oncoming,1.8,-0.0113712445385247,0.0155102398101036,0.00343614619905477,-463.977934594528,-452.806130730942,6504.49075861353,0.0713319384734474,-0.0394966880129838,-0.0369847867069454,-0.0356162037568014,-0.0358732645701237,-0.00141233573124033,0.00251190130603844,-0.00025706081332235,64
straight_oncoming,1.85,-0.0133679312464254,0.0155697687784254,0.00423223623156127,-571.503260026842,-554.624547372337,6504.48473998579,0.0878629565403655,-0.046260389683193,-0.0431376326540144,-0.0417110553412823,-0.0420094306528615,-0.00146035473461481,0.00312275702917861,-0.000298375311579217,56
straight_oncoming,1.9,-0.0160102842588279,0.0143805150585883,0.00532885568197798,-719.612234613721,-693.002358743861,6504.60060699309,0.110631271325109,-0.0551560508056178,-0.0511346419963646,-0.0497467295646105,-0.0501380984797452,-0.00141747414124893,0.00402140880925313,-0.000391368915134686,56
straight_oncoming,1.95,-0.0196791929156699,0.01391834839373,0.0069647620106924,-940.636059700989,-895.419790815656,6504.64315180927,0.144609940583651,-0.0673854586233909,-0.061966021561253,-0.0608171468409754,-0.0612809174842632,-0.00149345869195727,0.00541943706213789,-0.0004637706432878,56
straight_oncoming,2,-0.0299510296325145,0.0130334457490883,0.0144624190814187,-1952.90210831139,-1763.22410992141,6504.72073331496,0.300228432299836,-0.0993233851413885,-0.0860981141210379,-0.0893166198456817,-0.0874431818988315,-0.00210707553647183,0.0132252710203506,0.00187343794685012,56
straight_oncoming,2.05,-0.064058703504695,0.00920495724884432,0.0421862414539635,-5695.42581410987,-4195.60608268817,6504.99767870358,0.875546171639057,-0.202927467737406,-0.155016800497148,-0.181601317630185,-0.16613612182958,-0.00659663092037732,0.0479106672402578,0.015465195800605,56
straight_oncoming,2.1,-0.471267112016,-0.301732013486782,0.43054675290054,-58112.650381126,-6202.08057820663,6202.08057820663,9.36986381397993,-1.39736027789711,-0.214917795387488,-1.23346207338342,-0.232539409077663,-0.00635762893081449,1.18244248250962,1.00092266430575,56
straight_oncoming,2.15,-0.146991393534305,0.165874578659811,0.0891943443760076,-12182.7074166526,-6082.61100694414,6415.15480533167,1.8990511977244,-0.467861616185476,-0.324223707626424,-0.42327590612791,-0.344281628124601,-0.0635554556586744,0.143637908559052,0.0789942780033088,56
circular_oncoming,0,0.0306812244091529,0.0142795959199793,-0.0043587862779302,667.792884433749,570.704490647578,6504.61001573487,0.102664553727024,0.11144343957139,0.0875049098534732,0.0997122542560511,0.0976361985396134,0.000805277355272693,-0.0239385297179167,-0.00207605571643771,16
circular_oncoming,0.05,0.0320391736716438,0.0138654071028378,-0.00850320755120006,1116.93396211918,1081.44193643817,6504.64793659986,0.17171320769484,0.107983655843659,0.0943980505058035,0.102073197880452,0.101955307401149,-0.000909609066500394,-0.0135856053378558,-0.000117890479303523,16
circular_oncoming,0.1,0.0315109796623942,0.0163633178285019,-0.00662837054931514,914.05418168186,854.185165372058,6504.40230612816,0.140528543386789,0.108227948574776,0.103912871843008,0.101844029699307,0.10259703603904,-0.00167805561231837,-0.00431507673176844,0.000753006339732964,16
circular_oncoming,0.15,0.0309853095299004,0.0173209915876819,-0.00505264747495797,743.419673330697,658.352044957745,6504.29736579467,0.11429669209779,0.109633663377077,0.110495373511831,0.100874936893954,0.100067788328233,-0.00188550992664815,0.000861710134754071,-0.000807148565721338,16
circular_oncoming,0.2,0.0309962735543296,0.0175659727984068,-0.00478804719389487,714.795082641495,625.030194719034,6504.26956241472,0.10989628824303,0.11193588069937,0.114307818075519,0.100487281618513,0.0990881357138893,-0.00183536193652678,0.00237193737614994,-0.0013991459046233,16
circular_oncoming,0.25,0.0310036973971849,0.0175281044745819,-0.00456273845274737,690.365816733454,596.556985754572,6504.27388568443,0.106140336164643,0.113225144772134,0.114601280766807,0.100370130379674,0.0998532621824642,-0.00171572723621161,0.00137613599467358,-0.000516868197209974,16
circular_oncoming,0.3,0.0309403679168015,0.0172541313742304,-0.0043545534359492,667.759178431438,570.166314708319,6504.30488603896,0.102664187815786,0.11306423364775,0.112639892648719,0.100384026309453,0.100245606336213,-0.00157624447865423,-0.000424340999031186,-0.000138419973240045,16
circular_oncoming,0.35,0.0309415162302661,0.0170342669905168,-0.00449268162441073,682.699749253382,587.685077068407,6504.32941061278,0.104960820117668,0.11242458581651,0.11077972427821,0.100431861252856,0.100063158395917,-0.00146586836690332,-0.0016448615383,-0.000368702856938463,16
circular_oncoming,0.4,0.0310005888049994,0.0169049436731266,-0.00476556663921318,712.258819415373,622.193583033429,6504.34368891813,0.109505102048788,0.112033397518455,0.109870059515685,0.100501025832568,0.100051802017473,-0.00140096981072624,-0.00216333800276997,-0.000449223815095254,16
circular_oncoming,0.45,0.0310349760606984,0.0168201884013503,-0.00489275791458298,726.031454223342,638.232035308277,6504.35298752067,0.111622394359026,0.111849910651793,0.109556404633955,0.100565239129766,0.10024178623389,-0.00137410246076897,-0.00229350601783843,-0.000323452895875986,16
circular_oncoming,0.5,0.0310315049791904,0.0167727812284347,-0.00489194385573105,725.935322136492,638.129495168965,6504.35816823059,0.111607525809725,0.111725170512115,0.109511087382337,0.100591336239636,0.100310451350742,-0.00137354325908845,-0.00221408312977774,-0.000280884888894203,16
circular_oncoming,0.55,0.0310228698972037,0.016768319425613,-0.00487744718263104,724.363150243588,636.302963099398,6504.35865506841,0.111365806939188,0.111680491128963,0.109647142948337,0.100583911131492,0.100238913117794,-0.00138935737228252,-0.0020333481806262,-0.000344998013697279,16
circular_oncoming,0.6,0.0310219482508074,0.0167935467493172,-0.00487372135042848,723.963246058453,635.833449975846,6504.35590075099,0.111304371578878,0.111726799106952,0.109871720868123,0.100568955069521,0.100178836160313,-0.0014117304102701,-0.00185507823882958,-0.000390118909208301,16
circular_oncoming,0.65,0.0310200690645627,0.016829557948257,-0.00485843527677537,722.311930611986,633.906928348618,6504.35196187485,0.111050560431816,0.111796650503787,0.110065447871721,0.100555900410212,0.100167144906638,-0.00143211133327803,-0.00173120263206542,-0.000388755503573146,16
circular_oncoming,0.7,0.0310140186666903,0.0168615760754031,-0.00483473941006486,719.748433871626,630.919686838765,6504.3484526699,0.110656499895264,0.111840690838326,0.110178380578879,0.100542360791824,0.10015628236525,-0.00144540927159653,-0.00166231025944651,-0.000386078426573719,16
circular_oncoming,0.75,0.0310084587645395,0.0168826370942739,-0.00481950258587231,718.100175322453,628.998307489859,6504.34614073257,0.110403130427738,0.111861084834438,0.110225939600968,0.100528573606057,0.100133743432352,-0.00145091201392589,-0.00163514523346962,-0.000394830173704716,16
circular_oncoming,0.8,0.0310055380974378,0.0168916037048807,-0.0048152276211245,717.638240201426,628.459153705055,6504.34515556209,0.110332127683561,0.111869779521551,0.110230741660186,0.100517455056556,0.100119234861254,-0.00145064999595768,-0.00163903786136491,-0.000398220195302279,16
circular_oncoming,0.85,0.0310035028948008,0.0168910411091945,-0.00481491071901419,717.603846049771,628.419185491392,6504.34521739043,0.110326838761747,0.111866965487579,0.110205218786604,0.100509384304368,0.100117091490458,-0.00144727737139405,-0.00166174670097506,-0.000392292813910775,16
circular_oncoming,0.9,0.0310011505032436,0.0168852172797048,-0.00481544337106087,717.660720580262,628.486366757386,6504.34585729864,0.110335571989144,0.111852715478713,0.110163343885211,0.100502582710625,0.100116330927322,-0.0014430004069812,-0.00168937159350209,-0.000386251783303024,16
circular_oncoming,0.95,0.0309988580778276,0.0168780790510234,-0.00481746342763701,717.878617175448,628.741138398542,6504.34664132875,0.110369058840443,0.111833456870727,0.110121380381701,0.100495898492582,0.100111722882012,-0.00143930508571977,-0.0017120764890259,-0.000384175610569512,16
circular_oncoming,1,0.0309969019338221,0.0168720838920966,-0.00482040977128132,718.19709173283,629.112719560462,6504.34729955313,0.110418011009678,0.111815483595729,0.110089277788129,0.100489215437264,0.100105677311488,-0.00143692013752528,-0.0017262058075995,-0.000383538125776212,16
circular_oncoming,1.05,0.0279809573562944,0.0160393234225593,-0.00180859635823852,391.776286280699,241.045609898764,6504.43645768333,0.0602321644356931,0.103379622604207,0.10459998064282,0.0930261357615095,0.0937519133919155,-0.00143767405334394,0.00122035803861242,0.000725777630406002,72
circular_oncoming,1.1,0.0279801917048308,0.0283186835141576,-0.00331824331531884,555.479334060404,437.62573941099,6502.66431638567,0.0854233444990671,0.102361378201998,0.10111104482471,0.0916185480956837,0.0887211976944854,-0.00251704175245671,-0.00125033337728772,-0.0028973504011983,72
circular_oncoming,1.15,0.0269324920249952,0.00984586849672731,-0.00339371925533691,562.396369450357,447.348220171802,6504.95796256897,0.0864565724615772,0.0987575530788488,0.0982600338524833,0.087791859278161,0.0871408589819948,-0.000859683912821652,-0.000497519226365442,-0.000651000296166201,72
circular_oncoming,1.2,0.0268614515888108,0.0151059177888128,-0.00383952629721107,611.530446521953,504.541642049842,6504.53102702811,0.0940160703332609,0.0978519324135635,0.0959006049906774,0.0872279559153458,0.0865788439765437,-0.0012250681441337,-0.0019513274228861,-0.000649111938802169,72
circular_oncoming,1.25,0.0267315252978211,0.0165021432736106,-0.00402901146249976,632.244826902578,528.741628112149,6504.3874637668,0.0972028235440381,0.0968216652809597,0.0947912138798256,0.0867419955584615,0.0864912149958158,-0.00139142181805241,-0.00203045140113413,-0.000250780562645714,72
circular_oncoming,1.3,0.0265606596239615,0.0167667624065125,-0.00398211737306284,627.188045109494,522.758507077612,6504.35882492794,0.0964258064462553,0.0960122701381841,0.0942247501978573,0.0862794821320732,0.0860127014472873,-0.00142973558885018,-0.00178751994032678,-0.000266780684785903,72
circular_oncoming,1.35,0.0262746186308123,0.0168430809701208,-0.0038252194992843,610.18291313923,502.711413916704,6504.35048055782,0.0938115058472218,0.0950853159377509,0.0936495582212275,0.0854582508636164,0.0850731403365821,-0.00144493289249681,-0.00143575771652332,-0.000385110527034285,72
circular_oncoming,1.4,0.0259017279327002,0.0169022792526332,-0.00365225278014708,591.42984575253,480.559363528191,6504.34398194664,0.0909284391160883,0.0939573744398472,0.0927633781980034,0.0843226849381347,0.0838439439608166,-0.00145592778032722,-0.00119399624184383,-0.000478740977318093,72
circular_oncoming,1.45,0.0254574010119565,0.0169304178406045,-0.00348287767664476,573.060784583537,458.814573183005,6504.34088497934,0.0881043590299707,0.0925618263593888,0.091475282829746,0.0829417617722459,0.0824312583138876,-0.00146296865714746,-0.00108654352964288,-0.000510503458358305,64
circular_oncoming,1.5,0.024928387742316,0.0169197700672234,-0.00329682651227609,552.882285859579,434.868665417012,6504.34205749229,0.0850020311005507,0.0908233934655546,0.0897865374790682,0.0813036929570294,0.0807891403276838,-0.00146657962616459,-0.00103685598648631,-0.000514552629345605,64
circular_oncoming,1.55,0.024330601075173,0.0168644130246408,-0.00311680449488896,533.359680098093,411.638668335553,6504.34814141688,0.082000481601206,0.0887912284517815,0.0877834387176943,0.0794377484163288,0.0788901864889919,-0.00146560234329485,-0.00100778973408717,-0.000547561927336959,64
circular_oncoming,1.6,0.0236257789029201,0.0168053951395591,-0.00290002923549564,509.8606456789,383.587506480432,6504.35460571514,0.0783875844085905,0.0863878684907692,0.0854664136830647,0.0772452564387027,0.076680362939529,-0.00146648486235712,-0.000921454807704433,-0.000564893499173685,64
circular_oncoming,1.65,0.0227734431088507,0.0167971223686158,-0.00261416437207021,478.880572238682,346.464597708275,6504.35551003001,0.073624599931573,0.0835058853261149,0.0827316833063296,0.0746148269547658,0.074022320128408,-0.00147580266073177,-0.000774202019785369,-0.000592506826357808,64
circular_oncoming,1.7,0.021737637313203,0.0167595631868354,-0.00225448084643171,439.902704604757,299.542694443851,6504.35961010565,0.067631977777073,0.0800256985237386,0.0794515713802651,0.0714254780804571,0.0707776785351161,-0.00148687963907257,-0.000574127143473546,-0.000647799545340999,64
circular_oncoming,1.75,0.0204586240846122,0.0167096587200581,-0.0017949392376563,390.108520413529,239.248074512633,6504.36504362735,0.0599764185738219,0.0757544773416959,0.0754461026899148,0.067497086724389,0.0667836668748369,-0.00150329313296815,-0.000308374651781115,-0.000713419849552088,64
circular_oncoming,1.8,0.0188520759092875,0.0166446004669827,-0.00119385231767498,324.981786386506,159.794110966425,6504.37210273249,0.0499635908360749,0.0704168617183477,0.0704573661360873,0.0625823523748403,0.0617889218472978,-0.00152883683185401,4.05044177396174e-05,-0.00079343052754248,64
circular_oncoming,1.85,0.0168037916062893,0.0165129165060771,-0.000400869443400204,239.068002080238,53.9509640372919,6504.38630671488,0.0367548898246455,0.0636382792684533,0.06414396210877,0.0563390853522759,0.055436328838514,-0.00156491910943224,0.000505682840316671,-0.000902756513761968,56
circular_oncoming,1.9,0.0140654898686585,0.0165999684176979,0.000744105370041468,115.021283553657,-99.9075726330928,6504.37692957456,0.0176836743625158,0.0546559103681977,0.0558804749616076,0.0480710834339626,0.0470514846351649,-0.00165622211058469,0.00122456459340989,-0.00101959879879764,56
circular_oncoming,1.95,0.0103588122444748,0.016475208293056,0.00235460055728447,-59.474079212851,-312.627511836386,6504.39035329566,0.00914368234106929,0.0425623158689448,0.0448133757519693,0.0369298433326525,0.0356900373949953,-0.00178694457113515,0.0022510598830245,-0.00123980593765711,56
circular_oncoming,2,-0.000498819311376408,0.0157366938052795,0.0103849579227656,-929.732812757148,-1303.32895315551,6504.46774016993,0.142937569974459,0.00991766443283184,0.0194692934803662,0.00740660007376033,0.00815753535483796,-0.00262633283071523,0.00955162904753434,0.000750935281077629,56
circular_oncoming,2.05,-0.0413659719216125,0.0147426407040116,0.0445482115108303,-4632.18648013679,-4351.96115663159,6504.56630026335,0.712143787349703,-0.109380337451943,-0.0613155161903468,-0.100090992324879,-0.0845662900383365,-0.0100135928379608,0.048064821261596,0.0155247022865426,56
circular_oncoming,2.1,-0.624096818328588,-0.0133363205985939,0.605150402063738,-65390.8638794543,-6504.69475309638,6504.69475309638,10.052872019602,-1.75282769177183,-0.150195023549019,-1.56255492834157,-0.189045057327235,-0.122470370862471,1.60263266822281,1.37350987101433,56
circular_oncoming,2.15,-0.41080196890862,0.127064113064437,0.366837803318594,-39595.409000932,-6452.54483134854,6452.54483134854,6.13640199887721,-1.1740149877959,-0.262847237386297,-1.05927274923314,-0.293826127926005,-0.142837470476559,0.911167750409599,0.765446621307132,56
